2026-01-31 05:11:38,085 - INFO - Action: Data Loaded | User: anonymous | Details: Records: 2,824,653
2026-01-31 05:11:48,294 - INFO - Action: Filters Applied | User: anonymous | Details: Year: (2017, 2022), State: ALL STATES, District: ALL DISTRICTS, Category: ALL CATEGORIES
2026-01-31 05:12:03,135 - INFO - Action: Dashboard Viewed | User: anonymous | Details: Active filters: (2017, 2022), ALL STATES
2026-01-31 05:13:15,954 - INFO - Action: Filters Applied | User: anonymous | Details: Year: (2018, 2022), State: ALL STATES, District: ALL DISTRICTS, Category: ALL CATEGORIES
2026-01-31 05:13:22,446 - INFO - Action: Filters Applied | User: anonymous | Details: Year: (2017, 2022), State: ALL STATES, District: ALL DISTRICTS, Category: ALL CATEGORIES
2026-01-31 05:13:37,320 - INFO - Action: Dashboard Viewed | User: anonymous | Details: Active filters: (2017, 2022), ALL STATES
2026-01-31 05:13:54,424 - INFO - Action: Filters Applied | User: anonymous | Details: Year: (2017, 2022), State: ALL STATES, District: ALL DISTRICTS, Category: ALL CATEGORIES
2026-01-31 05:14:10,342 - INFO - Action: Dashboard Viewed | User: anonymous | Details: Active filters: (2017, 2022), ALL STATES
2026-01-31 05:16:57,838 - INFO - Action: Filters Applied | User: anonymous | Details: Year: (2017, 2022), State: Arunachal Pradesh, District: ALL DISTRICTS, Category: ALL CATEGORIES
2026-01-31 05:17:08,036 - INFO - Action: Dashboard Viewed | User: anonymous | Details: Active filters: (2017, 2022), Arunachal Pradesh
2026-01-31 05:17:28,572 - INFO - Action: Filters Applied | User: anonymous | Details: Year: (2017, 2022), State: Arunachal Pradesh, District: ALL DISTRICTS, Category: ALL CATEGORIES
2026-01-31 05:17:43,217 - INFO - Action: Filters Applied | User: anonymous | Details: Year: (2018, 2022), State: Arunachal Pradesh, District: ALL DISTRICTS, Category: ALL CATEGORIES
2026-01-31 05:17:53,458 - INFO - Action: Dashboard Viewed | User: anonymous | Details: Active filters: (2018, 2022), Arunachal Pradesh
2026-01-31 05:18:08,528 - INFO - Action: Filters Applied | User: anonymous | Details: Year: (2018, 2022), State: Arunachal Pradesh, District: ALL DISTRICTS, Category: ALL CATEGORIES
2026-01-31 05:18:18,730 - INFO - Action: Dashboard Viewed | User: anonymous | Details: Active filters: (2018, 2022), Arunachal Pradesh
2026-01-31 05:34:58,198 - INFO - Action: Data Loaded | User: anonymous | Details: Records: 2,824,653
2026-01-31 05:35:08,339 - INFO - Action: Filters Applied | User: anonymous | Details: Year: (2017, 2022), State: ALL STATES, District: ALL DISTRICTS, Category: ALL CATEGORIES
2026-01-31 05:35:24,379 - INFO - Action: Dashboard Viewed | User: anonymous | Details: Active filters: (2017, 2022), ALL STATES
2026-01-31 05:37:18,181 - INFO - Action: Data Loaded | User: anonymous | Details: Records: 2,824,653
2026-01-31 05:37:28,317 - INFO - Action: Filters Applied | User: anonymous | Details: Year: (2017, 2022), State: ALL STATES, District: ALL DISTRICTS, Category: ALL CATEGORIES
2026-01-31 05:37:43,365 - INFO - Action: Dashboard Viewed | User: anonymous | Details: Active filters: (2017, 2022), ALL STATES
2026-01-31 19:08:44,660 - INFO - Action: Data Loaded | User: anonymous | Details: Records: 2,824,653
2026-01-31 19:08:52,695 - INFO - Action: Filters Applied | User: anonymous | Details: Year: (2017, 2022), State: ALL STATES, District: ALL DISTRICTS, Category: ALL CATEGORIES
2026-01-31 19:09:04,499 - INFO - Action: Dashboard Viewed | User: anonymous | Details: Active filters: (2017, 2022), ALL STATES
2026-01-31 19:09:43,894 - INFO - Action: Filters Applied | User: anonymous | Details: Year: (2017, 2022), State: ALL STATES, District: ALL DISTRICTS, Category: ALL CATEGORIES
2026-01-31 19:09:56,512 - INFO - Action: Dashboard Viewed | User: anonymous | Details: Active filters: (2017, 2022), ALL STATES
2026-01-31 19:10:27,151 - INFO - Action: Filters Applied | User: anonymous | Details: Year: (2018, 2022), State: ALL STATES, District: ALL DISTRICTS, Category: ALL CATEGORIES
2026-01-31 19:10:38,697 - INFO - Action: Dashboard Viewed | User: anonymous | Details: Active filters: (2018, 2022), ALL STATES
2026-02-01 18:02:30,927 - INFO - Action: Data Loaded | User: anonymous | Details: Records: 2,824,653 | Path: data\processed\master_crime_long.csv
2026-02-01 18:02:33,748 - INFO - Action: Filters Applied | User: anonymous | Details: Year: (2017, 2022), State: ALL STATES, District: ALL DISTRICTS, Category: ALL CATEGORIES, PerCapita: False, Compare: False
2026-02-01 18:26:42,134 - INFO - Action: Data Loaded | User: anonymous | Details: Records: 2,824,653 from data\processed\master_crime_long.csv
2026-02-01 18:26:46,345 - INFO - Action: Filters Applied | User: anonymous | Details: Year: (2017, 2022), State: ALL STATES, District: ALL DISTRICTS, Category: ALL CATEGORIES, PerCapita: False
2026-02-01 20:23:29,172 - INFO - Action: Data Loaded | User: anonymous | Details: Records: 2,824,653
2026-02-01 20:23:37,389 - INFO - Action: Filters Applied | User: anonymous | Details: Year: (2017, 2022), State: ALL STATES, District: ALL DISTRICTS, Category: ALL CATEGORIES
2026-02-01 20:23:37,390 - INFO - Action: Preferences Saved | User: anonymous | Details: {'year_range': (2017, 2022), 'state': 'ALL STATES', 'district': 'ALL DISTRICTS', 'category': 'ALL CATEGORIES', 'sensitivity': 1.0}
2026-02-02 01:10:09,190 - INFO - Action: Data Loaded | User: anonymous | Details: Records: 2,824,653
2026-02-02 01:10:20,924 - INFO - Action: Filters Applied | User: anonymous | Details: Year: (2017, 2022), State: ALL STATES, District: ALL DISTRICTS, Category: ALL CATEGORIES
2026-02-02 01:10:37,383 - INFO - Action: Dashboard Viewed | User: anonymous | Details: Active filters: (2017, 2022), ALL STATES
2026-02-02 01:10:48,289 - INFO - Action: Filters Applied | User: anonymous | Details: Year: (2017, 2022), State: ALL STATES, District: ALL DISTRICTS, Category: ALL CATEGORIES
2026-02-02 01:11:05,844 - INFO - Action: Filters Applied | User: anonymous | Details: Year: (2017, 2022), State: ALL STATES, District: ALL DISTRICTS, Category: ALL CATEGORIES
2026-02-02 01:11:19,531 - INFO - Action: Dashboard Viewed | User: anonymous | Details: Active filters: (2017, 2022), ALL STATES
2026-02-02 01:17:08,719 - INFO - Action: Filters Applied | User: anonymous | Details: Year: (2017, 2022), State: ALL STATES, District: ALL DISTRICTS, Category: ALL CATEGORIES
2026-02-02 01:17:23,561 - INFO - Action: Dashboard Viewed | User: anonymous | Details: Active filters: (2017, 2022), ALL STATES
2026-02-02 02:21:30,251 - INFO - Action: Data Loaded | User: anonymous | Details: Records: 2,824,653
2026-02-02 02:21:38,035 - INFO - Action: Filters Applied | User: anonymous | Details: Year: (2017, 2022), State: ALL STATES, District: ALL DISTRICTS, Category: ALL CATEGORIES
2026-02-02 02:21:49,783 - INFO - Action: Dashboard Viewed | User: anonymous | Details: Active filters: (2017, 2022), ALL STATES
2026-02-02 05:02:19,022 - INFO - Action: Data Loaded | User: anonymous | Details: Records: 2,824,653
2026-02-02 05:02:30,929 - INFO - Action: Filters Applied | User: anonymous | Details: Year: (2017, 2022), State: ALL STATES, District: ALL DISTRICTS, Category: ALL CATEGORIES
2026-02-02 05:02:47,428 - INFO - Action: Dashboard Viewed | User: anonymous | Details: Active filters: (2017, 2022), ALL STATES
2026-02-02 05:09:12,781 - INFO - Action: Filters Applied | User: anonymous | Details: Year: (2017, 2022), State: Andhra Pradesh, District: ALL DISTRICTS, Category: ALL CATEGORIES
2026-02-02 05:09:23,964 - INFO - Action: Dashboard Viewed | User: anonymous | Details: Active filters: (2017, 2022), Andhra Pradesh
2026-02-02 05:44:01,011 - INFO - Action: Data Loaded | User: anonymous | Details: Records: 2,824,653
2026-02-02 05:44:12,460 - INFO - Action: Filters Applied | User: anonymous | Details: Year: (2017, 2022), State: ALL STATES, District: ALL DISTRICTS, Category: ALL CATEGORIES
2026-02-02 05:44:27,888 - INFO - Action: Dashboard Viewed | User: anonymous | Details: Active filters: (2017, 2022), ALL STATES
2026-02-03 12:51:02,459 - INFO - Action: Data Loaded | User: anonymous | Details: Records: 2,824,653
2026-02-03 12:51:11,251 - INFO - Action: Filters Applied | User: anonymous | Details: Year: (2017, 2022), State: ALL STATES, District: ALL DISTRICTS, Category: ALL CATEGORIES
2026-02-03 12:51:24,706 - INFO - Action: Dashboard Viewed | User: anonymous | Details: Active filters: (2017, 2022), ALL STATES
2026-02-03 13:51:00,893 - INFO - Action: Data Loaded | User: anonymous | Details: Records: 2,824,653
2026-02-03 13:51:11,296 - INFO - Action: Filters Applied | User: anonymous | Details: Year: (2017, 2022), State: ALL STATES, District: ALL DISTRICTS, Category: ALL CATEGORIES
2026-02-03 13:51:24,518 - INFO - Action: Dashboard Viewed | User: anonymous | Details: Active filters: (2017, 2022), ALL STATES
2026-02-03 13:55:54,335 - INFO - Action: Filters Applied | User: anonymous | Details: Year: (2017, 2022), State: ALL STATES, District: ALL DISTRICTS, Category: ALL CATEGORIES
2026-02-03 13:56:09,780 - INFO - Action: Dashboard Viewed | User: anonymous | Details: Active filters: (2017, 2022), ALL STATES
2026-02-03 15:37:13,081 - INFO - Action: Data Loaded | User: anonymous | Details: Records: 2,824,653
2026-02-03 15:37:23,840 - INFO - Action: Filters Applied | User: anonymous | Details: Year: (2017, 2022), State: ALL STATES, District: ALL DISTRICTS, Category: ALL CATEGORIES
2026-02-03 15:37:40,390 - INFO - Action: Dashboard Viewed | User: anonymous | Details: Active filters: (2017, 2022), ALL STATES
2026-02-03 15:49:23,551 - INFO - Action: Data Loaded | User: anonymous | Details: Records: 2,824,653
2026-02-03 15:49:34,136 - INFO - Action: Filters Applied | User: anonymous | Details: Year: (2017, 2022), State: ALL STATES, District: ALL DISTRICTS, Category: ALL CATEGORIES
2026-02-03 15:49:47,716 - INFO - Action: Dashboard Viewed | User: anonymous | Details: Active filters: (2017, 2022), ALL STATES
2026-02-04 20:20:06,556 - INFO - Action: Data Loaded | User: anonymous | Details: Records: 2,824,653
2026-02-04 20:20:15,059 - INFO - Action: Filters Applied | User: anonymous | Details: Year: (2017, 2022), State: ALL STATES, District: ALL DISTRICTS, Category: ALL CATEGORIES
2026-02-04 20:20:27,243 - INFO - Action: Dashboard Viewed | User: anonymous | Details: Active filters: (2017, 2022), ALL STATES
2026-02-04 20:21:06,577 - INFO - Action: Filters Applied | User: anonymous | Details: Year: (2017, 2022), State: ALL STATES, District: ALL DISTRICTS, Category: ALL CATEGORIES
2026-02-04 20:21:21,396 - INFO - Action: Dashboard Viewed | User: anonymous | Details: Active filters: (2017, 2022), ALL STATES
2026-02-04 20:23:50,890 - INFO - Action: Filters Applied | User: anonymous | Details: Year: (2017, 2022), State: ALL STATES, District: ALL DISTRICTS, Category: ALL CATEGORIES
2026-02-04 20:24:02,969 - INFO - Action: Dashboard Viewed | User: anonymous | Details: Active filters: (2017, 2022), ALL STATES
2026-02-04 20:24:37,269 - INFO - Action: Data Loaded | User: anonymous | Details: Records: 2,824,653
2026-02-04 20:24:45,030 - INFO - Action: Filters Applied | User: anonymous | Details: Year: (2017, 2022), State: ALL STATES, District: ALL DISTRICTS, Category: ALL CATEGORIES
2026-02-04 20:24:56,589 - INFO - Action: Dashboard Viewed | User: anonymous | Details: Active filters: (2017, 2022), ALL STATES
2026-02-04 20:31:28,982 - INFO - Action: Data Loaded | User: anonymous | Details: Records: 2,824,653
2026-02-04 20:31:36,464 - INFO - Action: Filters Applied | User: anonymous | Details: Year: (2017, 2022), State: ALL STATES, District: ALL DISTRICTS, Category: ALL CATEGORIES
2026-02-04 20:45:49,061 - INFO - Action: Data Loaded | User: anonymous | Details: Records: 2,824,653
2026-02-04 20:45:57,163 - INFO - Action: Filters Applied | User: anonymous | Details: Year: (2017, 2022), State: ALL STATES, District: ALL DISTRICTS, Category: ALL CATEGORIES
2026-02-04 20:46:11,138 - INFO - Action: Dashboard Viewed | User: anonymous | Details: Active filters: (2017, 2022), ALL STATES
2026-02-04 20:46:28,933 - INFO - Action: Filters Applied | User: anonymous | Details: Year: (2017, 2022), State: ALL STATES, District: ALL DISTRICTS, Category: ALL CATEGORIES
2026-02-04 20:46:42,467 - INFO - Action: Filters Applied | User: anonymous | Details: Year: (2017, 2022), State: ALL STATES, District: ALL DISTRICTS, Category: ALL CATEGORIES
2026-02-04 20:46:56,327 - INFO - Action: Dashboard Viewed | User: anonymous | Details: Active filters: (2017, 2022), ALL STATES
2026-02-04 23:27:57,714 - INFO - Action: Data Loaded | User: anonymous | Details: Records: 2,824,653
2026-02-04 23:28:09,770 - INFO - Action: Filters Applied | User: anonymous | Details: Year: (2017, 2022), State: ALL STATES, District: ALL DISTRICTS, Category: ALL CATEGORIES
2026-02-04 23:28:26,601 - INFO - Action: Dashboard Viewed | User: anonymous | Details: Active filters: (2017, 2022), ALL STATES
2026-02-05 00:02:25,513 - INFO - Action: Synthetic Data Generated | User: anonymous | Details: Records: 2,250
2026-02-05 00:02:25,525 - INFO - Action: Filters Applied | User: anonymous | Details: Year: (2018, 2023), State: ALL STATES
2026-02-05 00:02:25,880 - INFO - Action: Dashboard Viewed | User: anonymous | Details: Active filters: (2018, 2023), ALL STATES, ALL CATEGORIES
2026-02-05 05:26:16,410 - INFO - Action: Data Loaded | User: anonymous | Details: Records: 2,824,653
2026-02-05 05:26:27,008 - INFO - Action: Filters Applied | User: anonymous | Details: Year: (2017, 2022), State: ALL STATES, District: ALL DISTRICTS, Category: ALL CATEGORIES
2026-02-05 05:26:45,085 - INFO - Action: Dashboard Viewed | User: anonymous | Details: Active filters: (2017, 2022), ALL STATES
2026-02-05 05:28:23,785 - INFO - Action: Data Loaded | User: anonymous | Details: Records: 2,824,653
2026-02-05 05:28:34,228 - INFO - Action: Filters Applied | User: anonymous | Details: Year: (2017, 2022), State: ALL STATES, District: ALL DISTRICTS, Category: ALL CATEGORIES
2026-02-05 05:28:48,378 - INFO - Action: Dashboard Viewed | User: anonymous | Details: Active filters: (2017, 2022), ALL STATES
2026-02-05 05:40:03,081 - INFO - Action: Filters Applied | User: anonymous | Details: Year: (2018, 2022), State: ALL STATES, District: ALL DISTRICTS, Category: ALL CATEGORIES
2026-02-05 05:40:19,216 - INFO - Action: Dashboard Viewed | User: anonymous | Details: Active filters: (2018, 2022), ALL STATES
2026-02-05 14:46:56,169 - INFO - Action: Data Loaded | User: anonymous | Details: Records: 2,824,653
2026-02-05 14:47:08,045 - INFO - Action: Filters Applied | User: anonymous | Details: Year: (2017, 2022), State: ALL STATES, District: ALL DISTRICTS, Category: ALL CATEGORIES
2026-02-05 14:47:10,862 - INFO - Action: Dashboard Viewed | User: anonymous | Details: Active filters: (2017, 2022), ALL STATES
2026-02-06 18:09:31,322 - INFO - Action: Data Loaded | User: anonymous | Details: Records: 1,500
2026-02-06 18:09:31,357 - INFO - Action: Filters Applied | User: anonymous | Details: Year: (2017, 2022), State: ALL STATES, District: ALL DISTRICTS, Category: ALL CATEGORIES
2026-02-06 18:20:48,211 - INFO - Action: Data Loaded | User: anonymous | Details: Records: 2,824,653
2026-02-06 18:20:56,352 - INFO - Action: Filters Applied | User: anonymous | Details: Year: (2017, 2022), State: ALL STATES, District: ALL DISTRICTS, Category: ALL CATEGORIES
2026-02-06 18:21:08,558 - INFO - Action: Dashboard Viewed | User: anonymous | Details: Active filters: (2017, 2022), ALL STATES
2026-02-06 18:59:22,220 - INFO - Action: Data Loaded | User: anonymous | Details: Records: 1,500
2026-02-06 18:59:22,237 - INFO - Action: Filters Applied | User: anonymous | Details: Year: (2017, 2022), State: ALL STATES, District: ALL DISTRICTS, Category: ALL CATEGORIES
2026-02-06 18:59:23,221 - INFO - Action: Dashboard Viewed | User: anonymous | Details: Active filters: (2017, 2022), ALL STATES
2026-02-06 19:01:20,221 - INFO - Action: Filters Applied | User: anonymous | Details: Year: (2017, 2022), State: Maharashtra, District: ALL DISTRICTS, Category: ALL CATEGORIES
2026-02-06 19:01:20,993 - INFO - Action: Dashboard Viewed | User: anonymous | Details: Active filters: (2017, 2022), Maharashtra
2026-02-06 19:24:57,879 - INFO - Action: Data Loaded | User: anonymous | Details: Records: 1,500
2026-02-06 19:24:57,898 - INFO - Action: Filters Applied | User: anonymous | Details: Year: (2017, 2022), State: ALL STATES, District: ALL DISTRICTS, Category: ALL CATEGORIES
2026-02-06 19:24:58,635 - INFO - Action: Dashboard Viewed | User: anonymous | Details: Active filters: (2017, 2022), ALL STATES
2026-02-06 23:37:23,711 - INFO - Action: Data Loaded | User: anonymous | Details: Records: 1,500
2026-02-06 23:37:23,727 - INFO - Action: Filters Applied | User: anonymous | Details: Year: (2017, 2022), State: ALL STATES, District: ALL DISTRICTS, Category: ALL CATEGORIES
2026-02-06 23:37:24,454 - INFO - Action: Dashboard Viewed | User: anonymous | Details: Active filters: (2017, 2022), ALL STATES
2026-02-07 21:16:16,997 - INFO - Action: Data Loaded | User: anonymous | Details: Records: 1,500
2026-02-07 21:16:17,029 - INFO - Action: Filters Applied | User: anonymous | Details: Year: (2017, 2022), State: ALL STATES, District: ALL DISTRICTS, Category: ALL CATEGORIES
2026-02-07 21:16:18,695 - INFO - Action: Dashboard Viewed | User: anonymous | Details: Active filters: (2017, 2022), ALL STATES
2026-02-09 17:20:04,315 - INFO - Action: Data Loaded | User: anonymous | Details: Records: 1,500
2026-02-09 17:20:04,360 - INFO - Action: Filters Applied | User: anonymous | Details: Year: (2017, 2022), State: ALL STATES, District: ALL DISTRICTS, Category: ALL CATEGORIES
2026-02-09 17:20:06,423 - INFO - Action: Dashboard Viewed | User: anonymous | Details: Active filters: (2017, 2022), ALL STATES
2026-02-10 12:27:48,354 - INFO - Action: Data Generated | User: anonymous | Details: Records: 5,460 | Years: 2017-2026
2026-02-10 12:27:48,374 - INFO - Action: Filters Applied | User: anonymous | Details: Year: 2026, State: ALL STATES, District: ALL DISTRICTS, Category: ALL CATEGORIES
2026-02-10 12:28:25,705 - INFO - Action: Filters Applied | User: anonymous | Details: Year: 2026, State: ALL STATES, District: ALL DISTRICTS, Category: ALL CATEGORIES
2026-02-10 12:28:27,924 - INFO - Action: Filters Applied | User: anonymous | Details: Year: 2026, State: ALL STATES, District: ALL DISTRICTS, Category: ALL CATEGORIES
2026-02-10 12:38:51,963 - INFO - Action: Data Generated | User: anonymous | Details: Records: 5,460 | Years: 2017-2026
2026-02-10 12:38:51,973 - INFO - Action: Filters Applied | User: anonymous | Details: Year: 2026, State: ALL STATES, District: ALL DISTRICTS, Category: ALL CATEGORIES
2026-02-10 14:05:55,561 - INFO - Action: Data Loaded | User: anonymous | Details: Records: 1,500
2026-02-10 14:05:55,584 - INFO - Action: Filters Applied | User: anonymous | Details: Year: (2017, 2022), State: ALL STATES, District: ALL DISTRICTS, Category: ALL CATEGORIES
2026-02-10 14:05:56,661 - INFO - Action: Dashboard Viewed | User: anonymous | Details: Active filters: (2017, 2022), ALL STATES
2026-02-10 23:27:40,044 - INFO - Action: Data Loaded | User: anonymous | Details: Records: 1,500
2026-02-10 23:27:40,059 - INFO - Action: Filters Applied | User: anonymous | Details: Year: (2017, 2022), State: ALL STATES, District: ALL DISTRICTS, Category: ALL CATEGORIES
2026-02-10 23:27:40,775 - INFO - Action: Dashboard Viewed | User: anonymous | Details: Active filters: (2017, 2022), ALL STATES
2026-02-10 23:28:00,709 - INFO - Action: Filters Applied | User: anonymous | Details: Year: (2017, 2022), State: ALL STATES, District: ALL DISTRICTS, Category: ALL CATEGORIES
2026-02-10 23:28:01,491 - INFO - Action: Dashboard Viewed | User: anonymous | Details: Active filters: (2017, 2022), ALL STATES
2026-02-10 23:29:54,110 - INFO - Action: Data Loaded | User: anonymous | Details: Records: 1,500
2026-02-10 23:29:54,133 - INFO - Action: Filters Applied | User: anonymous | Details: Year: (2017, 2022), State: ALL STATES, District: ALL DISTRICTS, Category: ALL CATEGORIES
2026-02-10 23:29:54,835 - INFO - Action: Dashboard Viewed | User: anonymous | Details: Active filters: (2017, 2022), ALL STATES
2026-02-10 23:58:32,952 - INFO - Action: Filters Applied | User: anonymous | Details: Year: (2018, 2022), State: ALL STATES, District: ALL DISTRICTS, Category: ALL CATEGORIES
2026-02-10 23:58:33,691 - INFO - Action: Filters Applied | User: anonymous | Details: Year: (2018, 2022), State: ALL STATES, District: ALL DISTRICTS, Category: ALL CATEGORIES
2026-02-10 23:58:34,241 - INFO - Action: Dashboard Viewed | User: anonymous | Details: Active filters: (2018, 2022), ALL STATES
2026-02-11 00:03:45,270 - INFO - Action: Data Loaded | User: anonymous | Details: Records: 1,500
2026-02-11 00:03:45,293 - INFO - Action: Filters Applied | User: anonymous | Details: Year: (2017, 2022), State: ALL STATES, District: ALL DISTRICTS, Category: ALL CATEGORIES
2026-02-11 00:03:46,486 - INFO - Action: Dashboard Viewed | User: anonymous | Details: Active filters: (2017, 2022), ALL STATES
2026-02-13 00:57:24,368 - INFO - Action: Data Loaded | User: anonymous | Details: Records: 1,500
2026-02-13 00:57:24,406 - INFO - Action: Filters Applied | User: anonymous | Details: Year: (2017, 2022), State: ALL STATES, District: ALL DISTRICTS, Category: ALL CATEGORIES
2026-02-13 00:57:25,794 - INFO - Action: Dashboard Viewed | User: anonymous | Details: Active filters: (2017, 2022), ALL STATES
2026-02-13 00:57:55,167 - INFO - Action: Data Loaded | User: anonymous | Details: Records: 1,500
2026-02-13 00:57:55,181 - INFO - Action: Filters Applied | User: anonymous | Details: Year: (2017, 2022), State: ALL STATES, District: ALL DISTRICTS, Category: ALL CATEGORIES
2026-02-13 00:57:55,879 - INFO - Action: Dashboard Viewed | User: anonymous | Details: Active filters: (2017, 2022), ALL STATES
2026-02-13 01:06:16,301 - INFO - Action: Data Loaded | User: anonymous | Details: Synthetic dataset generated | Rows: 560 | Years: 2018–2024
2026-02-13 01:06:16,305 - INFO - Action: Filters Applied | User: anonymous | Details: YearRange=(2018, 2024) | State=ALL STATES | Rows=560
2026-02-13 01:06:16,913 - INFO - Action: Dashboard Viewed | User: anonymous | Details: Rows=560 | LatestYear=2024 | StateFilter=ALL STATES | RiskMean=78.42
2026-02-13 01:07:06,088 - INFO - Action: Filters Applied | User: anonymous | Details: YearRange=(2018, 2024) | State=ALL STATES | Rows=560
2026-02-13 01:07:06,696 - INFO - Action: Dashboard Viewed | User: anonymous | Details: Rows=560 | LatestYear=2024 | StateFilter=ALL STATES | RiskMean=78.42
2026-02-13 02:53:14,184 - INFO - Action: Data Loaded | User: anonymous | Details: Records: 1,500
2026-02-13 02:53:14,205 - INFO - Action: Filters Applied | User: anonymous | Details: Year: (2017, 2022), State: ALL STATES, District: ALL DISTRICTS, Category: ALL CATEGORIES
2026-02-13 02:53:14,850 - INFO - Action: Linear Forecast Fallback | User: anonymous | Details: Horizon=3
2026-02-13 02:53:15,246 - INFO - Action: Anomaly Detection Run | User: anonymous | Details: Contamination=0.05, Anomalies=15, Features=['total_crimes', 'crime_types', 'max_category', 'growth_pct', 'volatility_2yr']
2026-02-13 02:53:16,378 - INFO - Action: Dashboard Viewed | User: anonymous | Details: Active filters: (2017, 2022), ALL STATES
2026-02-13 03:01:41,789 - INFO - Action: Data Loaded | User: anonymous | Details: Records: 1,500
2026-02-13 03:01:41,807 - INFO - Action: Filters Applied | User: anonymous | Details: Year: (2017, 2022), State: ALL STATES, District: ALL DISTRICTS, Category: ALL CATEGORIES
2026-02-13 03:01:42,281 - INFO - Action: Linear Forecast Fallback | User: anonymous | Details: Horizon=3
2026-02-13 03:01:42,575 - INFO - Action: Anomaly Detection Run | User: anonymous | Details: Contamination=0.05, Anomalies=15, Features=['total_crimes', 'crime_types', 'max_category', 'growth_pct', 'volatility_2yr']
2026-02-13 03:01:43,179 - INFO - Action: Dashboard Viewed | User: anonymous | Details: Active filters: (2017, 2022), ALL STATES
2026-02-13 03:02:03,045 - INFO - Action: Data Loaded | User: anonymous | Details: Records: 1,500
2026-02-13 03:02:03,063 - INFO - Action: Filters Applied | User: anonymous | Details: Year: (2017, 2022), State: ALL STATES, District: ALL DISTRICTS, Category: ALL CATEGORIES
2026-02-13 03:02:03,590 - INFO - Action: Linear Forecast Fallback | User: anonymous | Details: Horizon=3
2026-02-13 03:02:03,984 - INFO - Action: Anomaly Detection Run | User: anonymous | Details: Contamination=0.05, Anomalies=15, Features=['total_crimes', 'crime_types', 'max_category', 'growth_pct', 'volatility_2yr']
2026-02-13 03:02:04,552 - INFO - Action: Dashboard Viewed | User: anonymous | Details: Active filters: (2017, 2022), ALL STATES
2026-02-13 03:15:30,664 - INFO - Action: Data Loaded | User: anonymous | Details: Records: 1,500
2026-02-13 03:15:30,682 - INFO - Action: Filters Applied | User: anonymous | Details: Year: (2017, 2022), State: ALL STATES, District: ALL DISTRICTS, Category: ALL CATEGORIES
2026-02-13 03:15:31,183 - INFO - Action: Linear Forecast Fallback | User: anonymous | Details: Horizon=3
2026-02-13 03:15:31,503 - INFO - Action: Anomaly Detection Run | User: anonymous | Details: Contamination=0.05, Anomalies=15, Features=['total_crimes', 'crime_types', 'max_category', 'growth_pct', 'volatility_2yr']
2026-02-13 03:15:32,042 - INFO - Action: Dashboard Viewed | User: anonymous | Details: Active filters: (2017, 2022), ALL STATES
2026-02-13 04:47:30,638 - INFO - Action: Data Loaded | User: anonymous | Details: Records: 1,500
2026-02-13 04:47:30,680 - INFO - Action: Filters Applied | User: anonymous | Details: Year: (2017, 2022), State: ALL STATES, District: ALL DISTRICTS, Category: ALL CATEGORIES
2026-02-13 04:47:31,834 - INFO - Action: ARIMA Forecast Generated | User: anonymous | Details: Order=(1,1,1), Horizon=3, MAPE=18.9%
2026-02-13 04:47:32,385 - INFO - Action: Anomaly Detection Run | User: anonymous | Details: Contamination=0.05, Anomalies=15, Features=['total_crimes', 'crime_types', 'max_category', 'growth_pct', 'volatility_2yr']
2026-02-13 04:47:33,762 - INFO - Action: Dashboard Viewed | User: anonymous | Details: Active filters: (2017, 2022), ALL STATES
2026-02-13 19:08:34,257 - INFO - Action: Data Loaded | User: anonymous | Details: Records: 1,500
2026-02-13 19:08:34,650 - ERROR - Task exception was never retrieved
future: <Task finished name='Task-14688' coro=<WebSocketProtocol13.write_message.<locals>.wrapper() done, defined at C:\Users\rajav\AppData\Roaming\Python\Python313\site-packages\tornado\websocket.py:1111> exception=WebSocketClosedError()>
Traceback (most recent call last):
  File "C:\Users\rajav\AppData\Roaming\Python\Python313\site-packages\tornado\websocket.py", line 1113, in wrapper
    await fut
tornado.iostream.StreamClosedError: Stream is closed

During handling of the above exception, another exception occurred:

Traceback (most recent call last):
  File "C:\Users\rajav\AppData\Roaming\Python\Python313\site-packages\tornado\websocket.py", line 1115, in wrapper
    raise WebSocketClosedError()
tornado.websocket.WebSocketClosedError
2026-02-13 19:58:04,534 - INFO - Action: Data Loaded | User: anonymous | Details: Records: 1,500
2026-02-13 19:58:04,561 - INFO - Action: Filters Applied | User: anonymous | Details: Year: (2017, 2022), State: ALL STATES, District: ALL DISTRICTS, Category: ALL CATEGORIES
2026-02-13 19:58:05,392 - INFO - Action: ARIMA Forecast Generated | User: anonymous | Details: Order=(1,1,1), Horizon=3, MAPE=19.3%
2026-02-13 19:58:05,903 - INFO - Action: Anomaly Detection Run | User: anonymous | Details: Contamination=0.05, Anomalies=15, Features=['total_crimes', 'crime_types', 'max_category', 'growth_pct', 'volatility_2yr']
2026-02-13 19:58:57,530 - INFO - Action: Filters Applied | User: anonymous | Details: Year: (2017, 2022), State: ALL STATES, District: ALL DISTRICTS, Category: ALL CATEGORIES
2026-02-13 19:58:58,079 - INFO - Action: ARIMA Forecast Generated | User: anonymous | Details: Order=(1,1,1), Horizon=3, MAPE=19.3%
2026-02-13 19:58:58,774 - INFO - Action: Anomaly Detection Run | User: anonymous | Details: Contamination=0.05, Anomalies=15, Features=['total_crimes', 'crime_types', 'max_category', 'growth_pct', 'volatility_2yr']
2026-02-13 19:59:02,741 - INFO - Action: Filters Applied | User: anonymous | Details: Year: (2017, 2022), State: ALL STATES, District: ALL DISTRICTS, Category: ALL CATEGORIES
2026-02-13 19:59:03,277 - INFO - Action: ARIMA Forecast Generated | User: anonymous | Details: Order=(1,1,1), Horizon=3, MAPE=19.3%
2026-02-13 19:59:03,810 - INFO - Action: Anomaly Detection Run | User: anonymous | Details: Contamination=0.05, Anomalies=15, Features=['total_crimes', 'crime_types', 'max_category', 'growth_pct', 'volatility_2yr']
2026-02-14 14:59:15,812 - INFO - Action: Data Loaded | User: anonymous | Details: Records: 1,500
2026-02-14 14:59:15,874 - INFO - Action: Filters Applied | User: anonymous | Details: Year: (2017, 2022), State: Bihar, District: ALL DISTRICTS, Category: ALL CATEGORIES
2026-02-14 14:59:16,533 - INFO - Action: ARIMA Forecast Generated | User: anonymous | Details: Order=(1,0,1), Horizon=3, MAPE=5.9%
2026-02-14 14:59:17,044 - INFO - Action: Anomaly Detection Run | User: anonymous | Details: Contamination=0.05, Anomalies=3, Features=['total_crimes', 'crime_types', 'max_category', 'growth_pct', 'volatility_2yr']
2026-02-14 14:59:31,554 - INFO - Action: Filters Applied | User: anonymous | Details: Year: (2017, 2022), State: Madhya Pradesh, District: ALL DISTRICTS, Category: ALL CATEGORIES
2026-02-14 14:59:32,091 - INFO - Action: ARIMA Forecast Generated | User: anonymous | Details: Order=(1,1,1), Horizon=3, MAPE=19.6%
2026-02-14 14:59:32,552 - INFO - Action: Anomaly Detection Run | User: anonymous | Details: Contamination=0.05, Anomalies=3, Features=['total_crimes', 'crime_types', 'max_category', 'growth_pct', 'volatility_2yr']
2026-02-14 14:59:34,467 - INFO - Action: Filters Applied | User: anonymous | Details: Year: (2017, 2022), State: Rajasthan, District: ALL DISTRICTS, Category: ALL CATEGORIES
2026-02-14 14:59:34,991 - INFO - Action: ARIMA Forecast Generated | User: anonymous | Details: Order=(1,1,1), Horizon=3, MAPE=21.4%
2026-02-14 14:59:35,442 - INFO - Action: Anomaly Detection Run | User: anonymous | Details: Contamination=0.05, Anomalies=3, Features=['total_crimes', 'crime_types', 'max_category', 'growth_pct', 'volatility_2yr']
2026-02-14 14:59:38,963 - INFO - Action: Filters Applied | User: anonymous | Details: Year: (2017, 2022), State: ALL STATES, District: ALL DISTRICTS, Category: ALL CATEGORIES
2026-02-14 14:59:39,493 - INFO - Action: ARIMA Forecast Generated | User: anonymous | Details: Order=(1,1,1), Horizon=3, MAPE=17.9%
2026-02-14 14:59:40,040 - INFO - Action: Anomaly Detection Run | User: anonymous | Details: Contamination=0.05, Anomalies=15, Features=['total_crimes', 'crime_types', 'max_category', 'growth_pct', 'volatility_2yr']
2026-02-14 15:01:29,431 - INFO - Action: Filters Applied | User: anonymous | Details: Year: (2018, 2022), State: ALL STATES, District: ALL DISTRICTS, Category: ALL CATEGORIES
2026-02-14 15:01:29,862 - INFO - Action: ARIMA Forecast Generated | User: anonymous | Details: Order=(1,1,1), Horizon=3, MAPE=20.5%
2026-02-14 15:01:30,278 - INFO - Action: Anomaly Detection Run | User: anonymous | Details: Contamination=0.05, Anomalies=13, Features=['total_crimes', 'crime_types', 'max_category', 'growth_pct', 'volatility_2yr']
2026-02-14 15:19:07,632 - INFO - Action: Data Loaded | User: anonymous | Details: Records: 1,500
2026-02-14 15:19:07,667 - INFO - Action: Filters Applied | User: anonymous | Details: Year: (2017, 2022), State: ALL STATES, District: ALL DISTRICTS, Category: ALL CATEGORIES
2026-02-14 15:45:46,212 - INFO - Action: Data Loaded | User: anonymous | Details: Records: 1,500
2026-02-14 15:45:46,240 - INFO - Action: Filters Applied | User: anonymous | Details: Year: (2017, 2022), State: ALL STATES, District: ALL DISTRICTS, Category: ALL CATEGORIES
2026-02-14 22:32:27,444 - INFO - Action: Data Loaded | User: anonymous | Details: Records: 1,500
2026-02-14 22:32:27,472 - INFO - Action: Filters Applied | User: anonymous | Details: Year: (2017, 2022), State: ALL STATES, District: ALL DISTRICTS, Category: ALL CATEGORIES
2026-02-14 22:32:28,497 - INFO - Action: ARIMA Forecast Generated | User: anonymous | Details: Order=(1,0,1), Horizon=3, MAPE=0.8%
2026-02-14 22:32:29,015 - INFO - Action: Anomaly Detection Run | User: anonymous | Details: Contamination=0.05, Anomalies=13, Features=['total_crimes', 'crime_types', 'max_category', 'growth_pct', 'volatility_2yr']
2026-02-16 04:17:03,915 - INFO - Action: Data Loaded | User: anonymous | Details: Records: 1,500
2026-02-16 04:17:03,946 - INFO - Action: Filters Applied | User: anonymous | Details: Year: (2017, 2022), State: ALL STATES, District: ALL DISTRICTS, Category: ALL CATEGORIES
2026-02-16 04:17:05,245 - INFO - Action: ARIMA Forecast Generated | User: anonymous | Details: Order=(1,1,1), Horizon=3, MAPE=19.4%
2026-02-16 04:17:05,616 - INFO - Action: Anomaly Detection Run | User: anonymous | Details: Contamination=0.05, Anomalies=13, Features=['total_crimes', 'crime_types', 'max_category', 'growth_pct', 'volatility_2yr']
2026-02-16 04:31:39,283 - INFO - Action: Data Loaded | User: anonymous | Details: Records: 1,500
2026-02-16 04:31:39,309 - INFO - Action: Filters Applied | User: anonymous | Details: Year: (2017, 2022), State: ALL STATES, District: ALL DISTRICTS, Category: ALL CATEGORIES
2026-02-16 04:31:40,122 - INFO - Action: ARIMA Forecast Generated | User: anonymous | Details: Order=(1,1,1), Horizon=3, MAPE=17.9%
2026-02-16 04:31:40,509 - INFO - Action: Anomaly Detection Run | User: anonymous | Details: Contamination=0.05, Anomalies=13, Features=['total_crimes', 'crime_types', 'max_category', 'growth_pct', 'volatility_2yr']
2026-02-16 04:45:13,491 - INFO - Action: Data Loaded | User: anonymous | Details: Records: 1,500
2026-02-16 04:45:13,513 - INFO - Action: Filters Applied | User: anonymous | Details: Year: (2017, 2022), State: ALL STATES, District: ALL DISTRICTS, Category: ALL CATEGORIES
2026-02-16 04:45:15,834 - INFO - Action: Dashboard Viewed | User: anonymous | Details: Active filters: (2017, 2022), ALL STATES
2026-02-16 16:55:52,042 - INFO - Action: Data Loaded | User: anonymous | Details: Records: 9,600
2026-02-16 16:55:52,104 - INFO - Action: Filters Applied | User: anonymous | Details: Year: (2017, 2022), State: ALL STATES, District: ALL DISTRICTS, Category: ALL CATEGORIES
2026-02-16 16:57:34,003 - INFO - Action: Data Loaded | User: anonymous | Details: Records: 9,600
2026-02-16 16:57:34,064 - INFO - Action: Filters Applied | User: anonymous | Details: Year: (2017, 2022), State: ALL STATES, District: ALL DISTRICTS, Category: ALL CATEGORIES
2026-02-16 17:03:51,489 - INFO - Action: Data Loaded | User: anonymous | Details: Records: 9,600
2026-02-16 17:03:52,092 - INFO - Action: Dashboard Viewed | User: anonymous | Details: Filters: (2018, 2023), ALL STATES, ALL DISTRICTS, ALL CATEGORIES
2026-02-16 17:08:31,541 - INFO - Action: Data Loaded | User: anonymous | Details: Records: 9,600
2026-02-16 17:08:31,847 - INFO - Action: Dashboard Viewed | User: anonymous | Details: Filters: (2018, 2023), ALL STATES, ALL DISTRICTS, ALL CATEGORIES
2026-02-16 17:35:41,912 - INFO - Action: Data Loaded | User: anonymous | Details: Records: 9,600
2026-02-16 17:35:42,597 - INFO - Action: Dashboard Viewed | User: anonymous | Details: Filters: (2018, 2023), ALL STATES, ALL DISTRICTS, ALL CATEGORIES
2026-02-16 23:02:38,910 - INFO - Action: Data Loaded | User: anonymous | Details: Records: 9,600
2026-02-16 23:02:39,536 - INFO - Action: Dashboard Viewed | User: anonymous | Details: Filters: (2018, 2023), ALL STATES, ALL DISTRICTS, ALL CATEGORIES
2026-02-16 23:12:00,091 - INFO - Action: Data Loaded | User: anonymous | Details: Records: 9,600
2026-02-16 23:12:00,605 - INFO - Action: Dashboard Viewed | User: anonymous | Details: Filters: (2018, 2023), ALL STATES, ALL DISTRICTS, ALL CATEGORIES
2026-02-17 12:33:41,118 - INFO - Action: Data Loaded | User: anonymous | Details: Records: 750 | Years: 2017-2022
2026-02-17 12:33:41,132 - INFO - Action: Filters Applied | User: anonymous | Details: Year: (2017, 2022), State: ALL STATES, District: ALL DISTRICTS, Category: ALL CATEGORIES, Pulse: True, Sensitivity: 1.0
2026-02-17 12:33:55,747 - INFO - Action: Forecast Run | User: anonymous | Details: {"model": "Linear (Fast)", "status": "OK", "mae": "5485.5428571427865", "mape": "6.648662982027735", "r2": "0.45889241187547947", "ci": "True", "model_used": "Linear (Fast) (Fallback: ARIMA runtime failure)", "fallback": "True", "fallback_reason": "'numpy.ndarray' object has no attribute 'iloc'"}
2026-02-17 12:33:55,946 - INFO - Action: Anomaly Run | User: anonymous | Details: {"engine": "IsolationForest", "status": "OK", "contamination": "0.08", "anomalies": "2", "rows": "25"}
2026-02-17 12:33:56,138 - INFO - Action: Supervised Model Run | User: anonymous | Details: {"model_used": "RandomForest", "accuracy": 0.5357142857142857, "labels": ["HIGH \ud83d\udfe0", "LOW \ud83d\udfe2", "MEDIUM \ud83d\udfe1"]}
2026-02-17 12:33:56,176 - INFO - Action: Governance Panel Viewed | User: anonymous | Details: {"forecast_model": "Linear (Fast) (Fallback: ARIMA runtime failure)", "proxy_metrics": {"precision": 0.5, "recall": 0.2, "f1": 0.28571428571428575, "status": "OK"}}
2026-02-17 12:33:56,387 - INFO - Action: Clustering Run | User: anonymous | Details: {"algorithm": "KMeans", "status": "OK", "k": "5", "clusters": "5", "noise": "0"}
2026-02-17 12:33:56,408 - INFO - Action: Dashboard Viewed | User: anonymous | Details: {"filters": {"year_range": [2017, 2022], "state": "ALL STATES", "district": "ALL DISTRICTS", "category": "ALL CATEGORIES"}, "live_pulse": true, "kpis": {"YEAR_MAX": "2022", "total_crimes": "470446", "critical_count": "0", "avg_risk": "50.85036986044101", "yoy_change": "12.053820326341482", "top_state_name": "Uttar Pradesh", "top_district_name": "Mumbai"}, "forecast": {"model": "Linear (Fast)", "status": "OK", "mae": "5485.5428571427865", "mape": "6.648662982027735", "r2": "0.45889241187547947", "ci": "True", "model_used": "Linear (Fast) (Fallback: ARIMA runtime failure)", "fallback": "True", "fallback_reason": "'numpy.ndarray' object has no attribute 'iloc'"}, "anomaly": {"engine": "IsolationForest", "status": "OK", "contamination": "0.08", "anomalies": "2", "rows": "25"}, "clusters": {"algorithm": "KMeans", "status": "OK", "k": "5", "clusters": "5", "noise": "0"}, "supervised": {"status": "OK", "model_used": "RandomForest"}}
2026-02-17 12:35:06,899 - INFO - Action: Filters Applied | User: anonymous | Details: Year: (2017, 2022), State: ALL STATES, District: ALL DISTRICTS, Category: ALL CATEGORIES, Pulse: True, Sensitivity: 1.0
2026-02-17 12:35:08,315 - INFO - Action: Forecast Run | User: anonymous | Details: {"model": "Linear (Fast)", "status": "OK", "mae": "6044.647619047823", "mape": "7.188883025996183", "r2": "0.46193300380615143", "ci": "True", "model_used": "Linear (Fast) (Fallback: ARIMA runtime failure)", "fallback": "True", "fallback_reason": "'numpy.ndarray' object has no attribute 'iloc'"}
2026-02-17 12:35:08,535 - INFO - Action: Anomaly Run | User: anonymous | Details: {"engine": "IsolationForest", "status": "OK", "contamination": "0.08", "anomalies": "2", "rows": "25"}
2026-02-17 12:35:08,649 - INFO - Action: Governance Panel Viewed | User: anonymous | Details: {"forecast_model": "Linear (Fast) (Fallback: ARIMA runtime failure)", "proxy_metrics": {"precision": 0.5, "recall": 0.2, "f1": 0.28571428571428575, "status": "OK"}}
2026-02-17 12:35:08,810 - INFO - Action: Clustering Run | User: anonymous | Details: {"algorithm": "DBSCAN", "status": "OK", "eps": "0.75", "min_samples": "6", "clusters": "0", "noise": "25"}
2026-02-17 12:35:08,834 - INFO - Action: Dashboard Viewed | User: anonymous | Details: {"filters": {"year_range": [2017, 2022], "state": "ALL STATES", "district": "ALL DISTRICTS", "category": "ALL CATEGORIES"}, "live_pulse": true, "kpis": {"YEAR_MAX": "2022", "total_crimes": "470446", "critical_count": "1", "avg_risk": "51.11571077572265", "yoy_change": "12.053820326341482", "top_state_name": "Uttar Pradesh", "top_district_name": "Mumbai"}, "forecast": {"model": "Linear (Fast)", "status": "OK", "mae": "6044.647619047823", "mape": "7.188883025996183", "r2": "0.46193300380615143", "ci": "True", "model_used": "Linear (Fast) (Fallback: ARIMA runtime failure)", "fallback": "True", "fallback_reason": "'numpy.ndarray' object has no attribute 'iloc'"}, "anomaly": {"engine": "IsolationForest", "status": "OK", "contamination": "0.08", "anomalies": "2", "rows": "25"}, "clusters": {"algorithm": "KMeans", "status": "OK", "k": "5", "clusters": "5", "noise": "0"}, "supervised": {"status": "FAILED", "model_used": ""}}
2026-02-17 12:35:13,004 - INFO - Action: Filters Applied | User: anonymous | Details: Year: (2017, 2022), State: ALL STATES, District: ALL DISTRICTS, Category: ALL CATEGORIES, Pulse: True, Sensitivity: 1.0
2026-02-17 12:35:14,305 - INFO - Action: Forecast Run | User: anonymous | Details: {"model": "Linear (Fast)", "status": "OK", "mae": "4817.685714285821", "mape": "5.977300858616729", "r2": "0.452970914459221", "ci": "True", "model_used": "Linear (Fast) (Fallback: ARIMA runtime failure)", "fallback": "True", "fallback_reason": "'numpy.ndarray' object has no attribute 'iloc'"}
2026-02-17 12:35:14,505 - INFO - Action: Anomaly Run | User: anonymous | Details: {"engine": "IsolationForest", "status": "OK", "contamination": "0.08", "anomalies": "2", "rows": "25"}
2026-02-17 12:35:14,619 - INFO - Action: Governance Panel Viewed | User: anonymous | Details: {"forecast_model": "Linear (Fast) (Fallback: ARIMA runtime failure)", "proxy_metrics": {"precision": 0.5, "recall": 0.25, "f1": 0.3333333333333333, "status": "OK"}}
2026-02-17 12:35:14,775 - INFO - Action: Clustering Run | User: anonymous | Details: {"algorithm": "DBSCAN", "status": "OK", "eps": "0.75", "min_samples": "6", "clusters": "0", "noise": "25"}
2026-02-17 12:35:14,799 - INFO - Action: Dashboard Viewed | User: anonymous | Details: {"filters": {"year_range": [2017, 2022], "state": "ALL STATES", "district": "ALL DISTRICTS", "category": "ALL CATEGORIES"}, "live_pulse": true, "kpis": {"YEAR_MAX": "2022", "total_crimes": "470446", "critical_count": "0", "avg_risk": "50.50931653679396", "yoy_change": "12.053820326341482", "top_state_name": "Uttar Pradesh", "top_district_name": "Mumbai"}, "forecast": {"model": "Linear (Fast)", "status": "OK", "mae": "4817.685714285821", "mape": "5.977300858616729", "r2": "0.452970914459221", "ci": "True", "model_used": "Linear (Fast) (Fallback: ARIMA runtime failure)", "fallback": "True", "fallback_reason": "'numpy.ndarray' object has no attribute 'iloc'"}, "anomaly": {"engine": "IsolationForest", "status": "OK", "contamination": "0.08", "anomalies": "2", "rows": "25"}, "clusters": {"algorithm": "DBSCAN", "status": "OK", "eps": "0.75", "min_samples": "6", "clusters": "0", "noise": "25"}, "supervised": {"status": "FAILED", "model_used": ""}}
2026-02-17 12:35:19,014 - INFO - Action: Filters Applied | User: anonymous | Details: Year: (2017, 2022), State: ALL STATES, District: ALL DISTRICTS, Category: ALL CATEGORIES, Pulse: True, Sensitivity: 1.0
2026-02-17 12:35:20,325 - INFO - Action: Forecast Run | User: anonymous | Details: {"model": "Linear (Fast)", "status": "OK", "mae": "2749.777777777907", "mape": "3.73152088821228", "r2": "0.3544519452653251", "ci": "True", "model_used": "Linear (Fast) (Fallback: ARIMA runtime failure)", "fallback": "True", "fallback_reason": "'numpy.ndarray' object has no attribute 'iloc'"}
2026-02-17 12:35:20,539 - INFO - Action: Anomaly Run | User: anonymous | Details: {"engine": "IsolationForest", "status": "OK", "contamination": "0.08", "anomalies": "2", "rows": "25"}
2026-02-17 12:35:20,663 - INFO - Action: Governance Panel Viewed | User: anonymous | Details: {"forecast_model": "Linear (Fast) (Fallback: ARIMA runtime failure)", "proxy_metrics": {"precision": 0.5, "recall": 0.3333333333333333, "f1": 0.4, "status": "OK"}}
2026-02-17 12:35:20,827 - INFO - Action: Clustering Run | User: anonymous | Details: {"algorithm": "DBSCAN", "status": "OK", "eps": "3.0", "min_samples": "6", "clusters": "1", "noise": "0"}
2026-02-17 12:35:20,849 - INFO - Action: Dashboard Viewed | User: anonymous | Details: {"filters": {"year_range": [2017, 2022], "state": "ALL STATES", "district": "ALL DISTRICTS", "category": "ALL CATEGORIES"}, "live_pulse": true, "kpis": {"YEAR_MAX": "2022", "total_crimes": "470446", "critical_count": "0", "avg_risk": "45.37085433235455", "yoy_change": "12.053820326341482", "top_state_name": "Uttar Pradesh", "top_district_name": "Mumbai"}, "forecast": {"model": "Linear (Fast)", "status": "OK", "mae": "2749.777777777907", "mape": "3.73152088821228", "r2": "0.3544519452653251", "ci": "True", "model_used": "Linear (Fast) (Fallback: ARIMA runtime failure)", "fallback": "True", "fallback_reason": "'numpy.ndarray' object has no attribute 'iloc'"}, "anomaly": {"engine": "IsolationForest", "status": "OK", "contamination": "0.08", "anomalies": "2", "rows": "25"}, "clusters": {"algorithm": "DBSCAN", "status": "OK", "eps": "0.75", "min_samples": "6", "clusters": "0", "noise": "25"}, "supervised": {"status": "FAILED", "model_used": ""}}
2026-02-17 12:35:24,118 - INFO - Action: Filters Applied | User: anonymous | Details: Year: (2017, 2022), State: ALL STATES, District: ALL DISTRICTS, Category: ALL CATEGORIES, Pulse: True, Sensitivity: 1.0
2026-02-17 12:35:25,420 - INFO - Action: Forecast Run | User: anonymous | Details: {"model": "Linear (Fast)", "status": "OK", "mae": "2568.428571428483", "mape": "3.530588883557536", "r2": "0.30574761834560915", "ci": "True", "model_used": "Linear (Fast) (Fallback: ARIMA runtime failure)", "fallback": "True", "fallback_reason": "'numpy.ndarray' object has no attribute 'iloc'"}
2026-02-17 12:35:25,621 - INFO - Action: Anomaly Run | User: anonymous | Details: {"engine": "IsolationForest", "status": "OK", "contamination": "0.08", "anomalies": "2", "rows": "25"}
2026-02-17 12:35:25,735 - INFO - Action: Governance Panel Viewed | User: anonymous | Details: {"forecast_model": "Linear (Fast) (Fallback: ARIMA runtime failure)", "proxy_metrics": {"precision": 0.5, "recall": 0.5, "f1": 0.5, "status": "OK"}}
2026-02-17 12:35:25,895 - INFO - Action: Clustering Run | User: anonymous | Details: {"algorithm": "DBSCAN", "status": "OK", "eps": "3.0", "min_samples": "20", "clusters": "1", "noise": "0"}
2026-02-17 12:35:25,919 - INFO - Action: Dashboard Viewed | User: anonymous | Details: {"filters": {"year_range": [2017, 2022], "state": "ALL STATES", "district": "ALL DISTRICTS", "category": "ALL CATEGORIES"}, "live_pulse": true, "kpis": {"YEAR_MAX": "2022", "total_crimes": "470446", "critical_count": "0", "avg_risk": "44.362473646257925", "yoy_change": "12.053820326341482", "top_state_name": "Uttar Pradesh", "top_district_name": "Mumbai"}, "forecast": {"model": "Linear (Fast)", "status": "OK", "mae": "2568.428571428483", "mape": "3.530588883557536", "r2": "0.30574761834560915", "ci": "True", "model_used": "Linear (Fast) (Fallback: ARIMA runtime failure)", "fallback": "True", "fallback_reason": "'numpy.ndarray' object has no attribute 'iloc'"}, "anomaly": {"engine": "IsolationForest", "status": "OK", "contamination": "0.08", "anomalies": "2", "rows": "25"}, "clusters": {"algorithm": "DBSCAN", "status": "OK", "eps": "3.0", "min_samples": "6", "clusters": "1", "noise": "0"}, "supervised": {"status": "FAILED", "model_used": ""}}
2026-02-17 12:35:29,559 - INFO - Action: Filters Applied | User: anonymous | Details: Year: (2017, 2022), State: ALL STATES, District: ALL DISTRICTS, Category: ALL CATEGORIES, Pulse: True, Sensitivity: 1.0
2026-02-17 12:35:30,958 - INFO - Action: Forecast Run | User: anonymous | Details: {"model": "Linear (Fast)", "status": "OK", "mae": "3777.2285714287623", "mape": "4.873140749707741", "r2": "0.4326963625067044", "ci": "True", "model_used": "Linear (Fast) (Fallback: ARIMA runtime failure)", "fallback": "True", "fallback_reason": "'numpy.ndarray' object has no attribute 'iloc'"}
2026-02-17 12:35:31,157 - INFO - Action: Anomaly Run | User: anonymous | Details: {"engine": "IsolationForest", "status": "OK", "contamination": "0.08", "anomalies": "2", "rows": "25"}
2026-02-17 12:35:31,300 - INFO - Action: Governance Panel Viewed | User: anonymous | Details: {"forecast_model": "Linear (Fast) (Fallback: ARIMA runtime failure)", "proxy_metrics": {"precision": 0.5, "recall": 0.25, "f1": 0.3333333333333333, "status": "OK"}}
2026-02-17 12:35:31,496 - INFO - Action: Clustering Run | User: anonymous | Details: {"algorithm": "KMeans", "status": "OK", "k": "7", "clusters": "7", "noise": "0"}
2026-02-17 12:35:31,517 - INFO - Action: Dashboard Viewed | User: anonymous | Details: {"filters": {"year_range": [2017, 2022], "state": "ALL STATES", "district": "ALL DISTRICTS", "category": "ALL CATEGORIES"}, "live_pulse": true, "kpis": {"YEAR_MAX": "2022", "total_crimes": "470446", "critical_count": "0", "avg_risk": "48.58355441411934", "yoy_change": "12.053820326341482", "top_state_name": "Uttar Pradesh", "top_district_name": "Mumbai"}, "forecast": {"model": "Linear (Fast)", "status": "OK", "mae": "3777.2285714287623", "mape": "4.873140749707741", "r2": "0.4326963625067044", "ci": "True", "model_used": "Linear (Fast) (Fallback: ARIMA runtime failure)", "fallback": "True", "fallback_reason": "'numpy.ndarray' object has no attribute 'iloc'"}, "anomaly": {"engine": "IsolationForest", "status": "OK", "contamination": "0.08", "anomalies": "2", "rows": "25"}, "clusters": {"algorithm": "DBSCAN", "status": "OK", "eps": "3.0", "min_samples": "20", "clusters": "1", "noise": "0"}, "supervised": {"status": "FAILED", "model_used": ""}}
2026-02-17 12:35:47,986 - INFO - Action: Filters Applied | User: anonymous | Details: Year: (2017, 2022), State: ALL STATES, District: ALL DISTRICTS, Category: ALL CATEGORIES, Pulse: True, Sensitivity: 1.0
2026-02-17 12:35:49,141 - INFO - Action: Forecast Run | User: anonymous | Details: {"model": "Linear (Fast)", "status": "OK", "mae": "2427.1111111110854", "mape": "3.4490472959055163", "r2": "0.04872110888422054", "ci": "True", "model_used": "Linear (Fast) (Fallback: ARIMA runtime failure)", "fallback": "True", "fallback_reason": "'numpy.ndarray' object has no attribute 'iloc'"}
2026-02-17 12:35:49,349 - INFO - Action: Anomaly Run | User: anonymous | Details: {"engine": "IsolationForest", "status": "OK", "contamination": "0.08", "anomalies": "2", "rows": "25"}
2026-02-17 12:35:49,467 - INFO - Action: Governance Panel Viewed | User: anonymous | Details: {"forecast_model": "Linear (Fast) (Fallback: ARIMA runtime failure)", "proxy_metrics": {"precision": 0.5, "recall": 1.0, "f1": 0.6666666666666666, "status": "OK"}}
2026-02-17 12:35:49,688 - INFO - Action: Clustering Run | User: anonymous | Details: {"algorithm": "KMeans", "status": "OK", "k": "7", "clusters": "7", "noise": "0"}
2026-02-17 12:35:49,711 - INFO - Action: Dashboard Viewed | User: anonymous | Details: {"filters": {"year_range": [2017, 2022], "state": "ALL STATES", "district": "ALL DISTRICTS", "category": "ALL CATEGORIES"}, "live_pulse": true, "kpis": {"YEAR_MAX": "2022", "total_crimes": "470446", "critical_count": "0", "avg_risk": "40.61390288374498", "yoy_change": "12.053820326341482", "top_state_name": "Uttar Pradesh", "top_district_name": "Mumbai"}, "forecast": {"model": "Linear (Fast)", "status": "OK", "mae": "2427.1111111110854", "mape": "3.4490472959055163", "r2": "0.04872110888422054", "ci": "True", "model_used": "Linear (Fast) (Fallback: ARIMA runtime failure)", "fallback": "True", "fallback_reason": "'numpy.ndarray' object has no attribute 'iloc'"}, "anomaly": {"engine": "IsolationForest", "status": "OK", "contamination": "0.08", "anomalies": "2", "rows": "25"}, "clusters": {"algorithm": "KMeans", "status": "OK", "k": "7", "clusters": "7", "noise": "0"}, "supervised": {"status": "FAILED", "model_used": ""}}
2026-02-17 12:35:59,016 - INFO - Action: Filters Applied | User: anonymous | Details: Year: (2017, 2022), State: Madhya Pradesh, District: ALL DISTRICTS, Category: ALL CATEGORIES, Pulse: True, Sensitivity: 1.0
2026-02-17 12:36:00,390 - INFO - Action: Forecast Run | User: anonymous | Details: {"model": "Linear (Fast)", "status": "OK", "mae": "1074.0", "mape": "6.952465656830026", "r2": "0.19938655054092247", "ci": "True", "model_used": "Linear (Fast) (Fallback: ARIMA runtime failure)", "fallback": "True", "fallback_reason": "'numpy.ndarray' object has no attribute 'iloc'"}
2026-02-17 12:36:00,545 - INFO - Action: Anomaly Run | User: anonymous | Details: {"engine": "IsolationForest", "status": "OK", "contamination": "0.08", "anomalies": "1", "rows": "5"}
2026-02-17 12:36:00,599 - INFO - Action: Governance Panel Viewed | User: anonymous | Details: {"forecast_model": "Linear (Fast) (Fallback: ARIMA runtime failure)", "proxy_metrics": {"precision": NaN, "recall": NaN, "f1": NaN, "status": "EMPTY"}}
2026-02-17 12:36:00,805 - INFO - Action: Clustering Run | User: anonymous | Details: {"algorithm": "KMeans", "status": "OK", "k": "5", "clusters": "5", "noise": "0"}
2026-02-17 12:36:00,820 - INFO - Action: Dashboard Viewed | User: anonymous | Details: {"filters": {"year_range": [2017, 2022], "state": "Madhya Pradesh", "district": "ALL DISTRICTS", "category": "ALL CATEGORIES"}, "live_pulse": true, "kpis": {"YEAR_MAX": "2022", "total_crimes": "97030", "critical_count": "0", "avg_risk": "43.41438184462934", "yoy_change": "2.2024339566636986", "top_state_name": "Madhya Pradesh", "top_district_name": "Ujjain"}, "forecast": {"model": "Linear (Fast)", "status": "OK", "mae": "1074.0", "mape": "6.952465656830026", "r2": "0.19938655054092247", "ci": "True", "model_used": "Linear (Fast) (Fallback: ARIMA runtime failure)", "fallback": "True", "fallback_reason": "'numpy.ndarray' object has no attribute 'iloc'"}, "anomaly": {"engine": "IsolationForest", "status": "OK", "contamination": "0.08", "anomalies": "1", "rows": "5"}, "clusters": {"algorithm": "KMeans", "status": "OK", "k": "5", "clusters": "5", "noise": "0"}, "supervised": {"status": "INSUFFICIENT_DATA", "model_used": "None"}}
2026-02-17 12:36:01,613 - INFO - Action: Filters Applied | User: anonymous | Details: Year: (2017, 2022), State: Madhya Pradesh, District: ALL DISTRICTS, Category: ALL CATEGORIES, Pulse: True, Sensitivity: 1.0
2026-02-17 12:36:03,082 - INFO - Action: Forecast Run | User: anonymous | Details: {"model": "Linear (Fast)", "status": "OK", "mae": "1000.4507936506221", "mape": "6.279061834642179", "r2": "0.3347765350413513", "ci": "True", "model_used": "Linear (Fast) (Fallback: ARIMA runtime failure)", "fallback": "True", "fallback_reason": "'numpy.ndarray' object has no attribute 'iloc'"}
2026-02-17 12:36:03,243 - INFO - Action: Anomaly Run | User: anonymous | Details: {"engine": "IsolationForest", "status": "OK", "contamination": "0.08", "anomalies": "1", "rows": "5"}
2026-02-17 12:36:03,300 - INFO - Action: Governance Panel Viewed | User: anonymous | Details: {"forecast_model": "Linear (Fast) (Fallback: ARIMA runtime failure)", "proxy_metrics": {"precision": NaN, "recall": NaN, "f1": NaN, "status": "EMPTY"}}
2026-02-17 12:36:03,514 - INFO - Action: Clustering Run | User: anonymous | Details: {"algorithm": "KMeans", "status": "OK", "k": "5", "clusters": "5", "noise": "0"}
2026-02-17 12:36:03,533 - INFO - Action: Dashboard Viewed | User: anonymous | Details: {"filters": {"year_range": [2017, 2022], "state": "Madhya Pradesh", "district": "ALL DISTRICTS", "category": "ALL CATEGORIES"}, "live_pulse": true, "kpis": {"YEAR_MAX": "2022", "total_crimes": "97030", "critical_count": "0", "avg_risk": "46.49654769412638", "yoy_change": "2.2024339566636986", "top_state_name": "Madhya Pradesh", "top_district_name": "Ujjain"}, "forecast": {"model": "Linear (Fast)", "status": "OK", "mae": "1000.4507936506221", "mape": "6.279061834642179", "r2": "0.3347765350413513", "ci": "True", "model_used": "Linear (Fast) (Fallback: ARIMA runtime failure)", "fallback": "True", "fallback_reason": "'numpy.ndarray' object has no attribute 'iloc'"}, "anomaly": {"engine": "IsolationForest", "status": "OK", "contamination": "0.08", "anomalies": "1", "rows": "5"}, "clusters": {"algorithm": "KMeans", "status": "OK", "k": "5", "clusters": "5", "noise": "0"}, "supervised": {"status": "INSUFFICIENT_DATA", "model_used": "None"}}
2026-02-17 12:36:13,470 - INFO - Action: Filters Applied | User: anonymous | Details: Year: (2017, 2022), State: Madhya Pradesh, District: ALL DISTRICTS, Category: ALL CATEGORIES, Pulse: True, Sensitivity: 1.0
2026-02-17 12:36:14,765 - INFO - Action: Forecast Run | User: anonymous | Details: {"model": "Linear (Fast)", "status": "OK", "mae": "1000.4507936506221", "mape": "6.279061834642179", "r2": "0.3347765350413513", "ci": "True", "model_used": "Linear (Fast) (Fallback: ARIMA runtime failure)", "fallback": "True", "fallback_reason": "'numpy.ndarray' object has no attribute 'iloc'"}
2026-02-17 12:36:14,907 - INFO - Action: Anomaly Run | User: anonymous | Details: {"engine": "IsolationForest", "status": "OK", "contamination": "0.08", "anomalies": "1", "rows": "5"}
2026-02-17 12:36:14,959 - INFO - Action: Governance Panel Viewed | User: anonymous | Details: {"forecast_model": "Linear (Fast) (Fallback: ARIMA runtime failure)", "proxy_metrics": {"precision": NaN, "recall": NaN, "f1": NaN, "status": "EMPTY"}}
2026-02-17 12:36:15,170 - INFO - Action: Clustering Run | User: anonymous | Details: {"algorithm": "KMeans", "status": "OK", "k": "5", "clusters": "5", "noise": "0"}
2026-02-17 12:36:15,187 - INFO - Action: Dashboard Viewed | User: anonymous | Details: {"filters": {"year_range": [2017, 2022], "state": "Madhya Pradesh", "district": "ALL DISTRICTS", "category": "ALL CATEGORIES"}, "live_pulse": true, "kpis": {"YEAR_MAX": "2022", "total_crimes": "97030", "critical_count": "0", "avg_risk": "46.49654769412638", "yoy_change": "2.2024339566636986", "top_state_name": "Madhya Pradesh", "top_district_name": "Ujjain"}, "forecast": {"model": "Linear (Fast)", "status": "OK", "mae": "1000.4507936506221", "mape": "6.279061834642179", "r2": "0.3347765350413513", "ci": "True", "model_used": "Linear (Fast) (Fallback: ARIMA runtime failure)", "fallback": "True", "fallback_reason": "'numpy.ndarray' object has no attribute 'iloc'"}, "anomaly": {"engine": "IsolationForest", "status": "OK", "contamination": "0.08", "anomalies": "1", "rows": "5"}, "clusters": {"algorithm": "KMeans", "status": "OK", "k": "5", "clusters": "5", "noise": "0"}, "supervised": {"status": "INSUFFICIENT_DATA", "model_used": "None"}}
2026-02-17 12:36:17,583 - INFO - Action: Filters Applied | User: anonymous | Details: Year: (2017, 2022), State: ALL STATES, District: ALL DISTRICTS, Category: ALL CATEGORIES, Pulse: True, Sensitivity: 1.0
2026-02-17 12:36:19,077 - INFO - Action: Forecast Run | User: anonymous | Details: {"model": "Linear (Fast)", "status": "OK", "mae": "3969.209523809453", "mape": "5.082567634003878", "r2": "0.4379748817219322", "ci": "True", "model_used": "Linear (Fast) (Fallback: ARIMA runtime failure)", "fallback": "True", "fallback_reason": "'numpy.ndarray' object has no attribute 'iloc'"}
2026-02-17 12:36:19,300 - INFO - Action: Anomaly Run | User: anonymous | Details: {"engine": "IsolationForest", "status": "OK", "contamination": "0.08", "anomalies": "2", "rows": "25"}
2026-02-17 12:36:19,419 - INFO - Action: Governance Panel Viewed | User: anonymous | Details: {"forecast_model": "Linear (Fast) (Fallback: ARIMA runtime failure)", "proxy_metrics": {"precision": 0.5, "recall": 0.25, "f1": 0.3333333333333333, "status": "OK"}}
2026-02-17 12:36:19,615 - INFO - Action: Clustering Run | User: anonymous | Details: {"algorithm": "KMeans", "status": "OK", "k": "7", "clusters": "7", "noise": "0"}
2026-02-17 12:36:19,635 - INFO - Action: Dashboard Viewed | User: anonymous | Details: {"filters": {"year_range": [2017, 2022], "state": "ALL STATES", "district": "ALL DISTRICTS", "category": "ALL CATEGORIES"}, "live_pulse": true, "kpis": {"YEAR_MAX": "2022", "total_crimes": "470446", "critical_count": "0", "avg_risk": "49.07888239699445", "yoy_change": "12.053820326341482", "top_state_name": "Uttar Pradesh", "top_district_name": "Mumbai"}, "forecast": {"model": "Linear (Fast)", "status": "OK", "mae": "3969.209523809453", "mape": "5.082567634003878", "r2": "0.4379748817219322", "ci": "True", "model_used": "Linear (Fast) (Fallback: ARIMA runtime failure)", "fallback": "True", "fallback_reason": "'numpy.ndarray' object has no attribute 'iloc'"}, "anomaly": {"engine": "IsolationForest", "status": "OK", "contamination": "0.08", "anomalies": "2", "rows": "25"}, "clusters": {"algorithm": "KMeans", "status": "OK", "k": "7", "clusters": "7", "noise": "0"}, "supervised": {"status": "FAILED", "model_used": ""}}
2026-02-17 12:39:27,400 - INFO - Action: Data Loaded | User: anonymous | Details: Records: 750 | Years: 2017-2022
2026-02-17 12:39:27,433 - INFO - Action: Filters Applied | User: anonymous | Details: Year: (2017, 2022), State: ALL STATES, District: ALL DISTRICTS, Category: ALL CATEGORIES, Pulse: True, Sensitivity: 1.0
2026-02-17 12:39:29,611 - INFO - Action: Forecast Run | User: anonymous | Details: {"model": "Linear (Fast)", "status": "OK", "mae": "2993.0000000000778", "mape": "3.9966777954605397", "r2": "0.3933607670345678", "ci": "True", "model_used": "Linear (Fast) (Fallback: ARIMA runtime failure)", "fallback": "True", "fallback_reason": "'numpy.ndarray' object has no attribute 'iloc'"}
2026-02-17 12:39:29,737 - INFO - Action: Anomaly Run | User: anonymous | Details: {"engine": "IsolationForest", "status": "OK", "contamination": "0.08", "anomalies": "2", "rows": "25"}
2026-02-17 12:39:29,810 - INFO - Action: Governance Panel Viewed | User: anonymous | Details: {"forecast_model": "Linear (Fast) (Fallback: ARIMA runtime failure)", "proxy_metrics": {"precision": 0.5, "recall": 0.3333333333333333, "f1": 0.4, "status": "OK"}}
2026-02-17 12:39:29,952 - INFO - Action: Clustering Run | User: anonymous | Details: {"algorithm": "KMeans", "status": "OK", "k": "5", "clusters": "5", "noise": "0"}
2026-02-17 12:39:29,972 - INFO - Action: Dashboard Viewed | User: anonymous | Details: {"filters": {"year_range": [2017, 2022], "state": "ALL STATES", "district": "ALL DISTRICTS", "category": "ALL CATEGORIES"}, "live_pulse": true, "kpis": {"YEAR_MAX": "2022", "total_crimes": "470446", "critical_count": "0", "avg_risk": "46.520228287107", "yoy_change": "12.053820326341482", "top_state_name": "Uttar Pradesh", "top_district_name": "Mumbai"}, "forecast": {"model": "Linear (Fast)", "status": "OK", "mae": "2993.0000000000778", "mape": "3.9966777954605397", "r2": "0.3933607670345678", "ci": "True", "model_used": "Linear (Fast) (Fallback: ARIMA runtime failure)", "fallback": "True", "fallback_reason": "'numpy.ndarray' object has no attribute 'iloc'"}, "anomaly": {"engine": "IsolationForest", "status": "OK", "contamination": "0.08", "anomalies": "2", "rows": "25"}, "clusters": {"algorithm": "KMeans", "status": "OK", "k": "5", "clusters": "5", "noise": "0"}, "supervised": {"status": "FAILED", "model_used": ""}}
2026-02-17 12:39:42,847 - INFO - Action: Data Loaded | User: anonymous | Details: Records: 750 | Years: 2017-2022
2026-02-17 12:39:42,863 - INFO - Action: Filters Applied | User: anonymous | Details: Year: (2017, 2022), State: ALL STATES, District: ALL DISTRICTS, Category: ALL CATEGORIES, Pulse: True, Sensitivity: 1.0
2026-02-17 12:39:46,080 - INFO - Action: Forecast Run | User: anonymous | Details: {"model": "Linear (Fast)", "status": "OK", "mae": "4873.295238095491", "mape": "6.03389865737743", "r2": "0.4536080078865591", "ci": "True", "model_used": "Linear (Fast) (Fallback: ARIMA runtime failure)", "fallback": "True", "fallback_reason": "'numpy.ndarray' object has no attribute 'iloc'"}
2026-02-17 12:39:46,272 - INFO - Action: Anomaly Run | User: anonymous | Details: {"engine": "IsolationForest", "status": "OK", "contamination": "0.08", "anomalies": "2", "rows": "25"}
2026-02-17 12:39:46,389 - INFO - Action: Governance Panel Viewed | User: anonymous | Details: {"forecast_model": "Linear (Fast) (Fallback: ARIMA runtime failure)", "proxy_metrics": {"precision": 0.5, "recall": 0.25, "f1": 0.3333333333333333, "status": "OK"}}
2026-02-17 12:39:46,594 - INFO - Action: Clustering Run | User: anonymous | Details: {"algorithm": "KMeans", "status": "OK", "k": "5", "clusters": "5", "noise": "0"}
2026-02-17 12:39:46,613 - INFO - Action: Dashboard Viewed | User: anonymous | Details: {"filters": {"year_range": [2017, 2022], "state": "ALL STATES", "district": "ALL DISTRICTS", "category": "ALL CATEGORIES"}, "live_pulse": true, "kpis": {"YEAR_MAX": "2022", "total_crimes": "470446", "critical_count": "0", "avg_risk": "50.53977024571756", "yoy_change": "12.053820326341482", "top_state_name": "Uttar Pradesh", "top_district_name": "Mumbai"}, "forecast": {"model": "Linear (Fast)", "status": "OK", "mae": "4873.295238095491", "mape": "6.03389865737743", "r2": "0.4536080078865591", "ci": "True", "model_used": "Linear (Fast) (Fallback: ARIMA runtime failure)", "fallback": "True", "fallback_reason": "'numpy.ndarray' object has no attribute 'iloc'"}, "anomaly": {"engine": "IsolationForest", "status": "OK", "contamination": "0.08", "anomalies": "2", "rows": "25"}, "clusters": {"algorithm": "KMeans", "status": "OK", "k": "5", "clusters": "5", "noise": "0"}, "supervised": {"status": "FAILED", "model_used": ""}}
2026-02-17 12:40:51,016 - INFO - Action: Filters Applied | User: anonymous | Details: Year: (2017, 2022), State: Maharashtra, District: ALL DISTRICTS, Category: ALL CATEGORIES, Pulse: True, Sensitivity: 1.0
2026-02-17 12:40:52,372 - INFO - Action: Forecast Run | User: anonymous | Details: {"model": "Linear (Fast)", "status": "OK", "mae": "1084.3904761904075", "mape": "7.393910873389421", "r2": "0.2307589143057167", "ci": "True", "model_used": "Linear (Fast) (Fallback: ARIMA runtime failure)", "fallback": "True", "fallback_reason": "'numpy.ndarray' object has no attribute 'iloc'"}
2026-02-17 12:40:52,526 - INFO - Action: Anomaly Run | User: anonymous | Details: {"engine": "IsolationForest", "status": "OK", "contamination": "0.08", "anomalies": "1", "rows": "5"}
2026-02-17 12:40:52,584 - INFO - Action: Governance Panel Viewed | User: anonymous | Details: {"forecast_model": "Linear (Fast) (Fallback: ARIMA runtime failure)", "proxy_metrics": {"precision": NaN, "recall": NaN, "f1": NaN, "status": "EMPTY"}}
2026-02-17 12:40:52,802 - INFO - Action: Clustering Run | User: anonymous | Details: {"algorithm": "KMeans", "status": "OK", "k": "5", "clusters": "5", "noise": "0"}
2026-02-17 12:40:52,821 - INFO - Action: Dashboard Viewed | User: anonymous | Details: {"filters": {"year_range": [2017, 2022], "state": "Maharashtra", "district": "ALL DISTRICTS", "category": "ALL CATEGORIES"}, "live_pulse": true, "kpis": {"YEAR_MAX": "2022", "total_crimes": "94577", "critical_count": "0", "avg_risk": "50.172825302653216", "yoy_change": "13.149283036829893", "top_state_name": "Maharashtra", "top_district_name": "Mumbai"}, "forecast": {"model": "Linear (Fast)", "status": "OK", "mae": "1084.3904761904075", "mape": "7.393910873389421", "r2": "0.2307589143057167", "ci": "True", "model_used": "Linear (Fast) (Fallback: ARIMA runtime failure)", "fallback": "True", "fallback_reason": "'numpy.ndarray' object has no attribute 'iloc'"}, "anomaly": {"engine": "IsolationForest", "status": "OK", "contamination": "0.08", "anomalies": "1", "rows": "5"}, "clusters": {"algorithm": "KMeans", "status": "OK", "k": "5", "clusters": "5", "noise": "0"}, "supervised": {"status": "INSUFFICIENT_DATA", "model_used": "None"}}
2026-02-17 12:41:00,183 - INFO - Action: Filters Applied | User: anonymous | Details: Year: (2017, 2022), State: Maharashtra, District: ALL DISTRICTS, Category: ALL CATEGORIES, Pulse: True, Sensitivity: 1.0
2026-02-17 12:41:01,309 - INFO - Action: Forecast Run | User: anonymous | Details: {"model": "Linear (Fast)", "status": "OK", "mae": "1295.2952380951804", "mape": "8.274369267262433", "r2": "0.3369273502340858", "ci": "True", "model_used": "Linear (Fast) (Fallback: ARIMA runtime failure)", "fallback": "True", "fallback_reason": "'numpy.ndarray' object has no attribute 'iloc'"}
2026-02-17 12:41:01,449 - INFO - Action: Anomaly Run | User: anonymous | Details: {"engine": "IsolationForest", "status": "OK", "contamination": "0.08", "anomalies": "1", "rows": "5"}
2026-02-17 12:41:01,498 - INFO - Action: Governance Panel Viewed | User: anonymous | Details: {"forecast_model": "Linear (Fast) (Fallback: ARIMA runtime failure)", "proxy_metrics": {"precision": NaN, "recall": NaN, "f1": NaN, "status": "EMPTY"}}
2026-02-17 12:41:01,697 - INFO - Action: Clustering Run | User: anonymous | Details: {"algorithm": "KMeans", "status": "OK", "k": "5", "clusters": "5", "noise": "0"}
2026-02-17 12:41:01,711 - INFO - Action: Dashboard Viewed | User: anonymous | Details: {"filters": {"year_range": [2017, 2022], "state": "Maharashtra", "district": "ALL DISTRICTS", "category": "ALL CATEGORIES"}, "live_pulse": true, "kpis": {"YEAR_MAX": "2022", "total_crimes": "94577", "critical_count": "1", "avg_risk": "57.58531485964638", "yoy_change": "13.149283036829893", "top_state_name": "Maharashtra", "top_district_name": "Mumbai"}, "forecast": {"model": "Linear (Fast)", "status": "OK", "mae": "1295.2952380951804", "mape": "8.274369267262433", "r2": "0.3369273502340858", "ci": "True", "model_used": "Linear (Fast) (Fallback: ARIMA runtime failure)", "fallback": "True", "fallback_reason": "'numpy.ndarray' object has no attribute 'iloc'"}, "anomaly": {"engine": "IsolationForest", "status": "OK", "contamination": "0.08", "anomalies": "1", "rows": "5"}, "clusters": {"algorithm": "KMeans", "status": "OK", "k": "5", "clusters": "5", "noise": "0"}, "supervised": {"status": "INSUFFICIENT_DATA", "model_used": "None"}}
2026-02-17 12:41:05,903 - INFO - Action: Filters Applied | User: anonymous | Details: Year: (2017, 2022), State: Maharashtra, District: ALL DISTRICTS, Category: ALL CATEGORIES, Pulse: True, Sensitivity: 1.0
2026-02-17 12:41:07,041 - INFO - Action: Forecast Run | User: anonymous | Details: {"model": "Linear (Fast)", "status": "OK", "mae": "2239.444444444341", "mape": "12.181887255874486", "r2": "0.4101713299157198", "ci": "True", "model_used": "Linear (Fast) (Fallback: ARIMA runtime failure)", "fallback": "True", "fallback_reason": "'numpy.ndarray' object has no attribute 'iloc'"}
2026-02-17 12:41:07,252 - INFO - Action: Anomaly Run | User: anonymous | Details: {"engine": "IsolationForest", "status": "OK", "contamination": "0.08", "anomalies": "1", "rows": "5"}
2026-02-17 12:41:07,376 - INFO - Action: Governance Panel Viewed | User: anonymous | Details: {"forecast_model": "Linear (Fast) (Fallback: ARIMA runtime failure)", "proxy_metrics": {"precision": 1.0, "recall": 0.5, "f1": 0.6666666666666666, "status": "OK"}}
2026-02-17 12:41:07,610 - INFO - Action: Clustering Run | User: anonymous | Details: {"algorithm": "KMeans", "status": "OK", "k": "5", "clusters": "5", "noise": "0"}
2026-02-17 12:41:07,627 - INFO - Action: Dashboard Viewed | User: anonymous | Details: {"filters": {"year_range": [2017, 2022], "state": "Maharashtra", "district": "ALL DISTRICTS", "category": "ALL CATEGORIES"}, "live_pulse": true, "kpis": {"YEAR_MAX": "2022", "total_crimes": "94577", "critical_count": "1", "avg_risk": "64.51405777230107", "yoy_change": "13.149283036829893", "top_state_name": "Maharashtra", "top_district_name": "Mumbai"}, "forecast": {"model": "Linear (Fast)", "status": "OK", "mae": "2239.444444444341", "mape": "12.181887255874486", "r2": "0.4101713299157198", "ci": "True", "model_used": "Linear (Fast) (Fallback: ARIMA runtime failure)", "fallback": "True", "fallback_reason": "'numpy.ndarray' object has no attribute 'iloc'"}, "anomaly": {"engine": "IsolationForest", "status": "OK", "contamination": "0.08", "anomalies": "1", "rows": "5"}, "clusters": {"algorithm": "KMeans", "status": "OK", "k": "5", "clusters": "5", "noise": "0"}, "supervised": {"status": "INSUFFICIENT_DATA", "model_used": "None"}}
2026-02-17 12:41:08,568 - INFO - Action: Filters Applied | User: anonymous | Details: Year: (2017, 2022), State: Maharashtra, District: ALL DISTRICTS, Category: ALL CATEGORIES, Pulse: False, Sensitivity: 1.0
2026-02-17 12:41:09,734 - INFO - Action: Forecast Run | User: anonymous | Details: {"model": "Linear (Fast)", "status": "OK", "mae": "1274.638095238052", "mape": "8.197086367631536", "r2": "0.3292648016782138", "ci": "True", "model_used": "Linear (Fast) (Fallback: ARIMA runtime failure)", "fallback": "True", "fallback_reason": "'numpy.ndarray' object has no attribute 'iloc'"}
2026-02-17 12:41:09,882 - INFO - Action: Anomaly Run | User: anonymous | Details: {"engine": "IsolationForest", "status": "OK", "contamination": "0.08", "anomalies": "1", "rows": "5"}
2026-02-17 12:41:09,934 - INFO - Action: Governance Panel Viewed | User: anonymous | Details: {"forecast_model": "Linear (Fast) (Fallback: ARIMA runtime failure)", "proxy_metrics": {"precision": NaN, "recall": NaN, "f1": NaN, "status": "EMPTY"}}
2026-02-17 12:41:10,144 - INFO - Action: Clustering Run | User: anonymous | Details: {"algorithm": "KMeans", "status": "OK", "k": "5", "clusters": "5", "noise": "0"}
2026-02-17 12:41:10,159 - INFO - Action: Dashboard Viewed | User: anonymous | Details: {"filters": {"year_range": [2017, 2022], "state": "Maharashtra", "district": "ALL DISTRICTS", "category": "ALL CATEGORIES"}, "live_pulse": false, "kpis": {"YEAR_MAX": "2022", "total_crimes": "94577", "critical_count": "1", "avg_risk": "57.0696348382407", "yoy_change": "13.149283036829893", "top_state_name": "Maharashtra", "top_district_name": "Mumbai"}, "forecast": {"model": "Linear (Fast)", "status": "OK", "mae": "1274.638095238052", "mape": "8.197086367631536", "r2": "0.3292648016782138", "ci": "True", "model_used": "Linear (Fast) (Fallback: ARIMA runtime failure)", "fallback": "True", "fallback_reason": "'numpy.ndarray' object has no attribute 'iloc'"}, "anomaly": {"engine": "IsolationForest", "status": "OK", "contamination": "0.08", "anomalies": "1", "rows": "5"}, "clusters": {"algorithm": "KMeans", "status": "OK", "k": "5", "clusters": "5", "noise": "0"}, "supervised": {"status": "INSUFFICIENT_DATA", "model_used": "None"}}
2026-02-17 12:41:16,008 - INFO - Action: Filters Applied | User: anonymous | Details: Year: (2017, 2022), State: Maharashtra, District: ALL DISTRICTS, Category: ALL CATEGORIES, Pulse: False, Sensitivity: 1.0
2026-02-17 12:41:17,075 - INFO - Action: Forecast Run | User: anonymous | Details: {"model": "Linear (Fast)", "status": "OK", "mae": "1274.638095238052", "mape": "8.197086367631536", "r2": "0.3292648016782138", "ci": "True", "model_used": "Linear (Fast) (Fallback: ARIMA runtime failure)", "fallback": "True", "fallback_reason": "'numpy.ndarray' object has no attribute 'iloc'"}
2026-02-17 12:41:17,230 - INFO - Action: Anomaly Run | User: anonymous | Details: {"engine": "IsolationForest", "status": "OK", "contamination": "0.08", "anomalies": "1", "rows": "5"}
2026-02-17 12:41:17,278 - INFO - Action: Governance Panel Viewed | User: anonymous | Details: {"forecast_model": "Linear (Fast) (Fallback: ARIMA runtime failure)", "proxy_metrics": {"precision": NaN, "recall": NaN, "f1": NaN, "status": "EMPTY"}}
2026-02-17 12:41:17,522 - INFO - Action: Filters Applied | User: anonymous | Details: Year: (2017, 2022), State: Maharashtra, District: ALL DISTRICTS, Category: ALL CATEGORIES, Pulse: True, Sensitivity: 1.0
2026-02-17 12:41:18,778 - INFO - Action: Forecast Run | User: anonymous | Details: {"model": "Linear (Fast)", "status": "OK", "mae": "994.0190476189988", "mape": "6.9506175877013465", "r2": "0.15445602472005526", "ci": "True", "model_used": "Linear (Fast) (Fallback: ARIMA runtime failure)", "fallback": "True", "fallback_reason": "'numpy.ndarray' object has no attribute 'iloc'"}
2026-02-17 12:41:18,943 - INFO - Action: Anomaly Run | User: anonymous | Details: {"engine": "IsolationForest", "status": "OK", "contamination": "0.08", "anomalies": "1", "rows": "5"}
2026-02-17 12:41:19,032 - INFO - Action: Governance Panel Viewed | User: anonymous | Details: {"forecast_model": "Linear (Fast) (Fallback: ARIMA runtime failure)", "proxy_metrics": {"precision": NaN, "recall": NaN, "f1": NaN, "status": "EMPTY"}}
2026-02-17 12:41:19,236 - INFO - Action: Clustering Run | User: anonymous | Details: {"algorithm": "KMeans", "status": "OK", "k": "5", "clusters": "5", "noise": "0"}
2026-02-17 12:41:19,253 - INFO - Action: Dashboard Viewed | User: anonymous | Details: {"filters": {"year_range": [2017, 2022], "state": "Maharashtra", "district": "ALL DISTRICTS", "category": "ALL CATEGORIES"}, "live_pulse": true, "kpis": {"YEAR_MAX": "2022", "total_crimes": "94577", "critical_count": "0", "avg_risk": "46.6377990013836", "yoy_change": "13.149283036829893", "top_state_name": "Maharashtra", "top_district_name": "Mumbai"}, "forecast": {"model": "Linear (Fast)", "status": "OK", "mae": "994.0190476189988", "mape": "6.9506175877013465", "r2": "0.15445602472005526", "ci": "True", "model_used": "Linear (Fast) (Fallback: ARIMA runtime failure)", "fallback": "True", "fallback_reason": "'numpy.ndarray' object has no attribute 'iloc'"}, "anomaly": {"engine": "IsolationForest", "status": "OK", "contamination": "0.08", "anomalies": "1", "rows": "5"}, "clusters": {"algorithm": "KMeans", "status": "OK", "k": "5", "clusters": "5", "noise": "0"}, "supervised": {"status": "INSUFFICIENT_DATA", "model_used": "None"}}
2026-02-17 12:41:21,121 - INFO - Action: Filters Applied | User: anonymous | Details: Year: (2017, 2022), State: Maharashtra, District: ALL DISTRICTS, Category: ALL CATEGORIES, Pulse: True, Sensitivity: 1.0
2026-02-17 12:41:22,275 - INFO - Action: Forecast Run | User: anonymous | Details: {"model": "Linear (Fast)", "status": "OK", "mae": "1274.638095238052", "mape": "8.197086367631536", "r2": "0.3292648016782138", "ci": "True", "model_used": "Linear (Fast) (Fallback: ARIMA runtime failure)", "fallback": "True", "fallback_reason": "'numpy.ndarray' object has no attribute 'iloc'"}
2026-02-17 12:41:22,419 - INFO - Action: Anomaly Run | User: anonymous | Details: {"engine": "IsolationForest", "status": "OK", "contamination": "0.08", "anomalies": "1", "rows": "5"}
2026-02-17 12:41:22,468 - INFO - Action: Governance Panel Viewed | User: anonymous | Details: {"forecast_model": "Linear (Fast) (Fallback: ARIMA runtime failure)", "proxy_metrics": {"precision": NaN, "recall": NaN, "f1": NaN, "status": "EMPTY"}}
2026-02-17 12:41:22,674 - INFO - Action: Clustering Run | User: anonymous | Details: {"algorithm": "KMeans", "status": "OK", "k": "5", "clusters": "5", "noise": "0"}
2026-02-17 12:41:22,691 - INFO - Action: Dashboard Viewed | User: anonymous | Details: {"filters": {"year_range": [2017, 2022], "state": "Maharashtra", "district": "ALL DISTRICTS", "category": "ALL CATEGORIES"}, "live_pulse": true, "kpis": {"YEAR_MAX": "2022", "total_crimes": "94577", "critical_count": "1", "avg_risk": "57.0696348382407", "yoy_change": "13.149283036829893", "top_state_name": "Maharashtra", "top_district_name": "Mumbai"}, "forecast": {"model": "Linear (Fast)", "status": "OK", "mae": "1274.638095238052", "mape": "8.197086367631536", "r2": "0.3292648016782138", "ci": "True", "model_used": "Linear (Fast) (Fallback: ARIMA runtime failure)", "fallback": "True", "fallback_reason": "'numpy.ndarray' object has no attribute 'iloc'"}, "anomaly": {"engine": "IsolationForest", "status": "OK", "contamination": "0.08", "anomalies": "1", "rows": "5"}, "clusters": {"algorithm": "KMeans", "status": "OK", "k": "5", "clusters": "5", "noise": "0"}, "supervised": {"status": "INSUFFICIENT_DATA", "model_used": "None"}}
2026-02-17 12:41:26,750 - INFO - Action: Filters Applied | User: anonymous | Details: Year: (2017, 2022), State: Maharashtra, District: ALL DISTRICTS, Category: ALL CATEGORIES, Pulse: True, Sensitivity: 1.0
2026-02-17 12:41:27,855 - INFO - Action: Forecast Run | User: anonymous | Details: {"model": "Linear (Fast)", "status": "OK", "mae": "1274.638095238052", "mape": "8.197086367631536", "r2": "0.3292648016782138", "ci": "True", "model_used": "Linear (Fast) (Fallback: ARIMA runtime failure)", "fallback": "True", "fallback_reason": "'numpy.ndarray' object has no attribute 'iloc'"}
2026-02-17 12:41:28,082 - INFO - Action: Filters Applied | User: anonymous | Details: Year: (2017, 2022), State: Maharashtra, District: ALL DISTRICTS, Category: ALL CATEGORIES, Pulse: True, Sensitivity: 1.0
2026-02-17 12:41:29,294 - INFO - Action: Forecast Run | User: anonymous | Details: {"model": "Linear (Fast)", "status": "OK", "mae": "1244.7047619047032", "mape": "8.0812733386007", "r2": "0.31800021078321583", "ci": "True", "model_used": "Linear (Fast) (Fallback: ARIMA runtime failure)", "fallback": "True", "fallback_reason": "'numpy.ndarray' object has no attribute 'iloc'"}
2026-02-17 12:41:29,443 - INFO - Action: Anomaly Run | User: anonymous | Details: {"engine": "IsolationForest", "status": "OK", "contamination": "0.08", "anomalies": "1", "rows": "5"}
2026-02-17 12:41:29,495 - INFO - Action: Governance Panel Viewed | User: anonymous | Details: {"forecast_model": "Linear (Fast) (Fallback: ARIMA runtime failure)", "proxy_metrics": {"precision": NaN, "recall": NaN, "f1": NaN, "status": "EMPTY"}}
2026-02-17 12:41:29,902 - INFO - Action: Filters Applied | User: anonymous | Details: Year: (2017, 2022), State: Maharashtra, District: ALL DISTRICTS, Category: ALL CATEGORIES, Pulse: True, Sensitivity: 1.0
2026-02-17 12:41:31,382 - INFO - Action: Filters Applied | User: anonymous | Details: Year: (2017, 2022), State: Maharashtra, District: ALL DISTRICTS, Category: ALL CATEGORIES, Pulse: True, Sensitivity: 1.0
2026-02-17 12:41:32,606 - INFO - Action: Forecast Run | User: anonymous | Details: {"model": "Linear (Fast)", "status": "OK", "mae": "1475.1111111110465", "mape": "9.084171065650992", "r2": "0.36392077431194936", "ci": "True", "model_used": "Linear (Fast) (Fallback: ARIMA runtime failure)", "fallback": "True", "fallback_reason": "'numpy.ndarray' object has no attribute 'iloc'"}
2026-02-17 12:41:32,748 - INFO - Action: Anomaly Run | User: anonymous | Details: {"engine": "IsolationForest", "status": "OK", "contamination": "0.08", "anomalies": "1", "rows": "5"}
2026-02-17 12:41:32,797 - INFO - Action: Governance Panel Viewed | User: anonymous | Details: {"forecast_model": "Linear (Fast) (Fallback: ARIMA runtime failure)", "proxy_metrics": {"precision": NaN, "recall": NaN, "f1": NaN, "status": "EMPTY"}}
2026-02-17 12:41:32,978 - INFO - Action: Clustering Run | User: anonymous | Details: {"algorithm": "KMeans", "status": "OK", "k": "5", "clusters": "5", "noise": "0"}
2026-02-17 12:41:32,990 - INFO - Action: Dashboard Viewed | User: anonymous | Details: {"filters": {"year_range": [2017, 2022], "state": "Maharashtra", "district": "ALL DISTRICTS", "category": "ALL CATEGORIES"}, "live_pulse": true, "kpis": {"YEAR_MAX": "2022", "total_crimes": "94577", "critical_count": "1", "avg_risk": "60.01441478277942", "yoy_change": "13.149283036829893", "top_state_name": "Maharashtra", "top_district_name": "Mumbai"}, "forecast": {"model": "Linear (Fast)", "status": "OK", "mae": "1475.1111111110465", "mape": "9.084171065650992", "r2": "0.36392077431194936", "ci": "True", "model_used": "Linear (Fast) (Fallback: ARIMA runtime failure)", "fallback": "True", "fallback_reason": "'numpy.ndarray' object has no attribute 'iloc'"}, "anomaly": {"engine": "IsolationForest", "status": "OK", "contamination": "0.08", "anomalies": "1", "rows": "5"}, "clusters": {"algorithm": "KMeans", "status": "OK", "k": "5", "clusters": "5", "noise": "0"}, "supervised": {"status": "INSUFFICIENT_DATA", "model_used": "None"}}
2026-02-17 13:42:22,538 - INFO - Action: Data Loaded | User: anonymous | Details: Records: 750 | Years: 2017-2022
2026-02-17 13:42:22,555 - INFO - Action: Filters Applied | User: anonymous | Details: Year: (2017, 2022), State: ALL STATES, District: ALL DISTRICTS, Category: ALL CATEGORIES, Pulse: True, Sensitivity: 1.0
2026-02-17 13:42:36,341 - INFO - Action: Forecast Run | User: anonymous | Details: {"model": "Linear (Fast)", "status": "OK", "mae": "2539.095238095227", "mape": "3.5034878168986947", "r2": "0.2886771721829636", "ci": "True", "model_used": "Linear (Fast) (Fallback: ARIMA runtime failure)", "fallback": "True", "fallback_reason": "'numpy.ndarray' object has no attribute 'iloc'"}
2026-02-17 13:42:36,534 - INFO - Action: Anomaly Run | User: anonymous | Details: {"engine": "IsolationForest", "status": "OK", "contamination": "0.08", "anomalies": "2", "rows": "25"}
2026-02-17 13:42:36,646 - INFO - Action: Governance Panel Viewed | User: anonymous | Details: {"forecast_model": "Linear (Fast) (Fallback: ARIMA runtime failure)", "proxy_metrics": {"precision": 0.5, "recall": 0.5, "f1": 0.5, "status": "OK"}}
2026-02-17 13:42:36,849 - INFO - Action: Clustering Run | User: anonymous | Details: {"algorithm": "KMeans", "status": "OK", "k": "5", "clusters": "5", "noise": "0"}
2026-02-17 13:42:36,872 - INFO - Action: Dashboard Viewed | User: anonymous | Details: {"filters": {"year_range": [2017, 2022], "state": "ALL STATES", "district": "ALL DISTRICTS", "category": "ALL CATEGORIES"}, "live_pulse": true, "kpis": {"YEAR_MAX": "2022", "total_crimes": "470446", "critical_count": "0", "avg_risk": "44.059332122361276", "yoy_change": "12.053820326341482", "top_state_name": "Uttar Pradesh", "top_district_name": "Mumbai"}, "forecast": {"model": "Linear (Fast)", "status": "OK", "mae": "2539.095238095227", "mape": "3.5034878168986947", "r2": "0.2886771721829636", "ci": "True", "model_used": "Linear (Fast) (Fallback: ARIMA runtime failure)", "fallback": "True", "fallback_reason": "'numpy.ndarray' object has no attribute 'iloc'"}, "anomaly": {"engine": "IsolationForest", "status": "OK", "contamination": "0.08", "anomalies": "2", "rows": "25"}, "clusters": {"algorithm": "KMeans", "status": "OK", "k": "5", "clusters": "5", "noise": "0"}, "supervised": {"status": "FAILED", "model_used": ""}}
2026-02-17 13:42:59,243 - INFO - Action: Filters Applied | User: anonymous | Details: Year: (2017, 2022), State: ALL STATES, District: ALL DISTRICTS, Category: ALL CATEGORIES, Pulse: True, Sensitivity: 1.0
2026-02-17 13:43:00,525 - INFO - Action: Forecast Run | User: anonymous | Details: {"model": "Linear (Fast)", "status": "OK", "mae": "3637.990476190578", "mape": "4.718966085885498", "r2": "0.4284203016790459", "ci": "True", "model_used": "Linear (Fast) (Fallback: ARIMA runtime failure)", "fallback": "True", "fallback_reason": "'numpy.ndarray' object has no attribute 'iloc'"}
2026-02-17 13:43:00,721 - INFO - Action: Anomaly Run | User: anonymous | Details: {"engine": "IsolationForest", "status": "OK", "contamination": "0.08", "anomalies": "2", "rows": "25"}
2026-02-17 13:43:00,832 - INFO - Action: Governance Panel Viewed | User: anonymous | Details: {"forecast_model": "Linear (Fast) (Fallback: ARIMA runtime failure)", "proxy_metrics": {"precision": 0.5, "recall": 0.25, "f1": 0.3333333333333333, "status": "OK"}}
2026-02-17 13:43:01,027 - INFO - Action: Clustering Run | User: anonymous | Details: {"algorithm": "KMeans", "status": "OK", "k": "5", "clusters": "5", "noise": "0"}
2026-02-17 13:43:01,053 - INFO - Action: Dashboard Viewed | User: anonymous | Details: {"filters": {"year_range": [2017, 2022], "state": "ALL STATES", "district": "ALL DISTRICTS", "category": "ALL CATEGORIES"}, "live_pulse": true, "kpis": {"YEAR_MAX": "2022", "total_crimes": "470446", "critical_count": "0", "avg_risk": "48.23083295888458", "yoy_change": "12.053820326341482", "top_state_name": "Uttar Pradesh", "top_district_name": "Mumbai"}, "forecast": {"model": "Linear (Fast)", "status": "OK", "mae": "3637.990476190578", "mape": "4.718966085885498", "r2": "0.4284203016790459", "ci": "True", "model_used": "Linear (Fast) (Fallback: ARIMA runtime failure)", "fallback": "True", "fallback_reason": "'numpy.ndarray' object has no attribute 'iloc'"}, "anomaly": {"engine": "IsolationForest", "status": "OK", "contamination": "0.08", "anomalies": "2", "rows": "25"}, "clusters": {"algorithm": "KMeans", "status": "OK", "k": "5", "clusters": "5", "noise": "0"}, "supervised": {"status": "FAILED", "model_used": ""}}
2026-02-17 14:06:47,012 - INFO - Action: Data Loaded | User: anonymous | Details: Records: 750 | Years: 2017-2022
2026-02-17 14:06:47,035 - INFO - Action: Filters Applied | User: anonymous | Details: Year: (2017, 2022), State: ALL STATES, District: ALL DISTRICTS, Category: ALL CATEGORIES, Pulse: True, Sensitivity: 1.0
2026-02-17 14:06:58,617 - INFO - Action: Forecast Run | User: anonymous | Details: {"model": "Linear (Fast)", "status": "OK", "mae": "3104.6666666667443", "mape": "4.116392465809734", "r2": "0.40538959863608426", "ci": "True", "model_used": "Linear (Fast) (Fallback: ARIMA runtime failure)", "fallback": "True", "fallback_reason": "'numpy.ndarray' object has no attribute 'iloc'"}
2026-02-17 14:06:58,823 - INFO - Action: Anomaly Run | User: anonymous | Details: {"engine": "IsolationForest", "status": "OK", "contamination": "0.08", "anomalies": "2", "rows": "25"}
2026-02-17 14:06:58,925 - INFO - Action: Governance Panel Viewed | User: anonymous | Details: {"forecast_model": "Linear (Fast) (Fallback: ARIMA runtime failure)", "proxy_metrics": {"precision": 0.5, "recall": 0.3333333333333333, "f1": 0.4, "status": "OK"}}
2026-02-17 14:06:59,095 - INFO - Action: Clustering Run | User: anonymous | Details: {"algorithm": "KMeans", "status": "OK", "k": "5", "clusters": "5", "noise": "0"}
2026-02-17 14:06:59,113 - INFO - Action: Dashboard Viewed | User: anonymous | Details: {"filters": {"year_range": [2017, 2022], "state": "ALL STATES", "district": "ALL DISTRICTS", "category": "ALL CATEGORIES"}, "live_pulse": true, "kpis": {"YEAR_MAX": "2022", "total_crimes": "470446", "critical_count": "0", "avg_risk": "46.99747593810521", "yoy_change": "12.053820326341482", "top_state_name": "Uttar Pradesh", "top_district_name": "Mumbai"}, "forecast": {"model": "Linear (Fast)", "status": "OK", "mae": "3104.6666666667443", "mape": "4.116392465809734", "r2": "0.40538959863608426", "ci": "True", "model_used": "Linear (Fast) (Fallback: ARIMA runtime failure)", "fallback": "True", "fallback_reason": "'numpy.ndarray' object has no attribute 'iloc'"}, "anomaly": {"engine": "IsolationForest", "status": "OK", "contamination": "0.08", "anomalies": "2", "rows": "25"}, "clusters": {"algorithm": "KMeans", "status": "OK", "k": "5", "clusters": "5", "noise": "0"}, "supervised": {"status": "FAILED", "model_used": ""}}
2026-02-17 15:09:15,900 - INFO - Action: Data Loaded | User: anonymous | Details: Records: 750 | Years: 2017-2022
2026-02-17 15:09:15,927 - INFO - Action: Filters Applied | User: anonymous | Details: Year: (2017, 2022), State: ALL STATES, District: ALL DISTRICTS, Category: ALL CATEGORIES, Pulse: True, Sensitivity: 1.0
2026-02-17 15:09:28,208 - INFO - Action: Forecast Run | User: anonymous | Details: {"model": "Linear (Fast)", "status": "OK", "mae": "3564.2952380953357", "mape": "4.636823917212735", "r2": "0.426175326619043", "ci": "True", "model_used": "Linear (Fast) (Fallback: ARIMA runtime failure)", "fallback": "True", "fallback_reason": "'numpy.ndarray' object has no attribute 'iloc'"}
2026-02-17 15:09:28,402 - INFO - Action: Anomaly Run | User: anonymous | Details: {"engine": "IsolationForest", "status": "OK", "contamination": "0.08", "anomalies": "2", "rows": "25"}
2026-02-17 15:09:28,515 - INFO - Action: Governance Panel Viewed | User: anonymous | Details: {"forecast_model": "Linear (Fast) (Fallback: ARIMA runtime failure)", "proxy_metrics": {"precision": 0.5, "recall": 0.25, "f1": 0.3333333333333333, "status": "OK"}}
2026-02-17 15:09:28,692 - INFO - Action: Clustering Run | User: anonymous | Details: {"algorithm": "KMeans", "status": "OK", "k": "5", "clusters": "5", "noise": "0"}
2026-02-17 15:09:28,708 - INFO - Action: Dashboard Viewed | User: anonymous | Details: {"filters": {"year_range": [2017, 2022], "state": "ALL STATES", "district": "ALL DISTRICTS", "category": "ALL CATEGORIES"}, "live_pulse": true, "kpis": {"YEAR_MAX": "2022", "total_crimes": "470446", "critical_count": "0", "avg_risk": "48.03374059802897", "yoy_change": "12.053820326341482", "top_state_name": "Uttar Pradesh", "top_district_name": "Mumbai"}, "forecast": {"model": "Linear (Fast)", "status": "OK", "mae": "3564.2952380953357", "mape": "4.636823917212735", "r2": "0.426175326619043", "ci": "True", "model_used": "Linear (Fast) (Fallback: ARIMA runtime failure)", "fallback": "True", "fallback_reason": "'numpy.ndarray' object has no attribute 'iloc'"}, "anomaly": {"engine": "IsolationForest", "status": "OK", "contamination": "0.08", "anomalies": "2", "rows": "25"}, "clusters": {"algorithm": "KMeans", "status": "OK", "k": "5", "clusters": "5", "noise": "0"}, "supervised": {"status": "FAILED", "model_used": ""}}
2026-02-17 15:10:14,936 - INFO - Action: Filters Applied | User: anonymous | Details: Year: (2017, 2022), State: ALL STATES, District: ALL DISTRICTS, Category: ALL CATEGORIES, Pulse: True, Sensitivity: 1.0
2026-02-17 15:10:16,201 - INFO - Action: Forecast Run | User: anonymous | Details: {"model": "Linear (Fast)", "status": "OK", "mae": "4000.5523809523634", "mape": "5.117857702180099", "r2": "0.4382966032164465", "ci": "True", "model_used": "Linear (Fast) (Fallback: ARIMA runtime failure)", "fallback": "True", "fallback_reason": "'numpy.ndarray' object has no attribute 'iloc'"}
2026-02-17 15:10:16,413 - INFO - Action: Anomaly Run | User: anonymous | Details: {"engine": "IsolationForest", "status": "OK", "contamination": "0.08", "anomalies": "2", "rows": "25"}
2026-02-17 15:10:16,530 - INFO - Action: Governance Panel Viewed | User: anonymous | Details: {"forecast_model": "Linear (Fast) (Fallback: ARIMA runtime failure)", "proxy_metrics": {"precision": 0.5, "recall": 0.25, "f1": 0.3333333333333333, "status": "OK"}}
2026-02-17 15:10:16,715 - INFO - Action: Clustering Run | User: anonymous | Details: {"algorithm": "KMeans", "status": "OK", "k": "5", "clusters": "5", "noise": "0"}
2026-02-17 15:10:16,731 - INFO - Action: Dashboard Viewed | User: anonymous | Details: {"filters": {"year_range": [2017, 2022], "state": "ALL STATES", "district": "ALL DISTRICTS", "category": "ALL CATEGORIES"}, "live_pulse": true, "kpis": {"YEAR_MAX": "2022", "total_crimes": "470446", "critical_count": "0", "avg_risk": "49.15234349411132", "yoy_change": "12.053820326341482", "top_state_name": "Uttar Pradesh", "top_district_name": "Mumbai"}, "forecast": {"model": "Linear (Fast)", "status": "OK", "mae": "4000.5523809523634", "mape": "5.117857702180099", "r2": "0.4382966032164465", "ci": "True", "model_used": "Linear (Fast) (Fallback: ARIMA runtime failure)", "fallback": "True", "fallback_reason": "'numpy.ndarray' object has no attribute 'iloc'"}, "anomaly": {"engine": "IsolationForest", "status": "OK", "contamination": "0.08", "anomalies": "2", "rows": "25"}, "clusters": {"algorithm": "KMeans", "status": "OK", "k": "5", "clusters": "5", "noise": "0"}, "supervised": {"status": "FAILED", "model_used": ""}}
2026-02-17 15:11:17,914 - INFO - Action: Data Loaded | User: anonymous | Details: Records: 750 | Years: 2017-2022
2026-02-17 15:11:17,924 - INFO - Action: Filters Applied | User: anonymous | Details: Year: (2017, 2022), State: ALL STATES, District: ALL DISTRICTS, Category: ALL CATEGORIES, Pulse: True, Sensitivity: 1.0
2026-02-17 15:11:20,575 - INFO - Action: Forecast Run | User: anonymous | Details: {"model": "Linear (Fast)", "status": "OK", "mae": "2926.888888889225", "mape": "3.926046871031683", "r2": "0.3840828607279716", "ci": "True", "model_used": "Linear (Fast) (Fallback: ARIMA runtime failure)", "fallback": "True", "fallback_reason": "'numpy.ndarray' object has no attribute 'iloc'"}
2026-02-17 15:11:20,770 - INFO - Action: Anomaly Run | User: anonymous | Details: {"engine": "IsolationForest", "status": "OK", "contamination": "0.08", "anomalies": "2", "rows": "25"}
2026-02-17 15:11:20,888 - INFO - Action: Governance Panel Viewed | User: anonymous | Details: {"forecast_model": "Linear (Fast) (Fallback: ARIMA runtime failure)", "proxy_metrics": {"precision": 0.5, "recall": 0.3333333333333333, "f1": 0.4, "status": "OK"}}
2026-02-17 15:11:21,089 - INFO - Action: Clustering Run | User: anonymous | Details: {"algorithm": "KMeans", "status": "OK", "k": "5", "clusters": "5", "noise": "0"}
2026-02-17 15:11:21,108 - INFO - Action: Dashboard Viewed | User: anonymous | Details: {"filters": {"year_range": [2017, 2022], "state": "ALL STATES", "district": "ALL DISTRICTS", "category": "ALL CATEGORIES"}, "live_pulse": true, "kpis": {"YEAR_MAX": "2022", "total_crimes": "470446", "critical_count": "0", "avg_risk": "46.19674818233774", "yoy_change": "12.053820326341482", "top_state_name": "Uttar Pradesh", "top_district_name": "Mumbai"}, "forecast": {"model": "Linear (Fast)", "status": "OK", "mae": "2926.888888889225", "mape": "3.926046871031683", "r2": "0.3840828607279716", "ci": "True", "model_used": "Linear (Fast) (Fallback: ARIMA runtime failure)", "fallback": "True", "fallback_reason": "'numpy.ndarray' object has no attribute 'iloc'"}, "anomaly": {"engine": "IsolationForest", "status": "OK", "contamination": "0.08", "anomalies": "2", "rows": "25"}, "clusters": {"algorithm": "KMeans", "status": "OK", "k": "5", "clusters": "5", "noise": "0"}, "supervised": {"status": "FAILED", "model_used": ""}}
2026-02-17 15:11:38,452 - INFO - Action: Filters Applied | User: anonymous | Details: Year: (2017, 2022), State: ALL STATES, District: ALL DISTRICTS, Category: ALL CATEGORIES, Pulse: True, Sensitivity: 1.0
2026-02-17 15:11:39,588 - INFO - Action: Forecast Run | User: anonymous | Details: {"model": "Linear (Fast)", "status": "OK", "mae": "6016.228571428762", "mape": "7.160796383818646", "r2": "0.4619319915464982", "ci": "True", "model_used": "Linear (Fast) (Fallback: ARIMA runtime failure)", "fallback": "True", "fallback_reason": "'numpy.ndarray' object has no attribute 'iloc'"}
2026-02-17 15:11:39,792 - INFO - Action: Anomaly Run | User: anonymous | Details: {"engine": "IsolationForest", "status": "OK", "contamination": "0.08", "anomalies": "2", "rows": "25"}
2026-02-17 15:11:39,904 - INFO - Action: Governance Panel Viewed | User: anonymous | Details: {"forecast_model": "Linear (Fast) (Fallback: ARIMA runtime failure)", "proxy_metrics": {"precision": 0.5, "recall": 0.2, "f1": 0.28571428571428575, "status": "OK"}}
2026-02-17 15:11:40,108 - INFO - Action: Clustering Run | User: anonymous | Details: {"algorithm": "KMeans", "status": "OK", "k": "5", "clusters": "5", "noise": "0"}
2026-02-17 15:11:40,132 - INFO - Action: Dashboard Viewed | User: anonymous | Details: {"filters": {"year_range": [2017, 2022], "state": "ALL STATES", "district": "ALL DISTRICTS", "category": "ALL CATEGORIES"}, "live_pulse": true, "kpis": {"YEAR_MAX": "2022", "total_crimes": "470446", "critical_count": "1", "avg_risk": "51.10761304085321", "yoy_change": "12.053820326341482", "top_state_name": "Uttar Pradesh", "top_district_name": "Mumbai"}, "forecast": {"model": "Linear (Fast)", "status": "OK", "mae": "6016.228571428762", "mape": "7.160796383818646", "r2": "0.4619319915464982", "ci": "True", "model_used": "Linear (Fast) (Fallback: ARIMA runtime failure)", "fallback": "True", "fallback_reason": "'numpy.ndarray' object has no attribute 'iloc'"}, "anomaly": {"engine": "IsolationForest", "status": "OK", "contamination": "0.08", "anomalies": "2", "rows": "25"}, "clusters": {"algorithm": "KMeans", "status": "OK", "k": "5", "clusters": "5", "noise": "0"}, "supervised": {"status": "FAILED", "model_used": ""}}
2026-02-17 15:33:20,715 - INFO - Action: Data Loaded | User: anonymous | Details: Records: 750 | Years: 2017-2022
2026-02-17 15:33:20,734 - INFO - Action: Filters Applied | User: anonymous | Details: Year: (2017, 2022), State: ALL STATES, District: ALL DISTRICTS, Category: ALL CATEGORIES, Pulse: True, Sensitivity: 1.0
2026-02-17 15:33:24,265 - INFO - Action: Forecast Run | User: anonymous | Details: {"model": "Linear (Fast)", "status": "OK", "mae": "2575.3809523809855", "mape": "3.5377099728185404", "r2": "0.30899839518292116", "ci": "True", "model_used": "Linear (Fast) (Fallback: ARIMA runtime failure)", "fallback": "True", "fallback_reason": "'numpy.ndarray' object has no attribute 'iloc'"}
2026-02-17 15:33:24,474 - INFO - Action: Anomaly Run | User: anonymous | Details: {"engine": "IsolationForest", "status": "OK", "contamination": "0.08", "anomalies": "2", "rows": "25"}
2026-02-17 15:33:24,601 - INFO - Action: Governance Panel Viewed | User: anonymous | Details: {"forecast_model": "Linear (Fast) (Fallback: ARIMA runtime failure)", "proxy_metrics": {"precision": 0.5, "recall": 0.5, "f1": 0.5, "status": "OK"}}
2026-02-17 15:33:24,803 - INFO - Action: Clustering Run | User: anonymous | Details: {"algorithm": "KMeans", "status": "OK", "k": "5", "clusters": "5", "noise": "0"}
2026-02-17 15:33:24,820 - INFO - Action: Dashboard Viewed | User: anonymous | Details: {"filters": {"year_range": [2017, 2022], "state": "ALL STATES", "district": "ALL DISTRICTS", "category": "ALL CATEGORIES"}, "live_pulse": true, "kpis": {"YEAR_MAX": "2022", "total_crimes": "470446", "critical_count": "0", "avg_risk": "44.41471798541552", "yoy_change": "12.053820326341482", "top_state_name": "Uttar Pradesh", "top_district_name": "Mumbai"}, "forecast": {"model": "Linear (Fast)", "status": "OK", "mae": "2575.3809523809855", "mape": "3.5377099728185404", "r2": "0.30899839518292116", "ci": "True", "model_used": "Linear (Fast) (Fallback: ARIMA runtime failure)", "fallback": "True", "fallback_reason": "'numpy.ndarray' object has no attribute 'iloc'"}, "anomaly": {"engine": "IsolationForest", "status": "OK", "contamination": "0.08", "anomalies": "2", "rows": "25"}, "clusters": {"algorithm": "KMeans", "status": "OK", "k": "5", "clusters": "5", "noise": "0"}, "supervised": {"status": "FAILED", "model_used": ""}}
2026-02-17 15:33:32,202 - INFO - Action: Filters Applied | User: anonymous | Details: Year: (2017, 2022), State: ALL STATES, District: ALL DISTRICTS, Category: ALL CATEGORIES, Pulse: True, Sensitivity: 1.0
2026-02-17 15:33:33,749 - INFO - Action: Forecast Run | User: anonymous | Details: {"model": "Linear (Fast)", "status": "OK", "mae": "4900.161904761878", "mape": "6.061730047386785", "r2": "0.45404688283849226", "ci": "True", "model_used": "Linear (Fast) (Fallback: ARIMA runtime failure)", "fallback": "True", "fallback_reason": "'numpy.ndarray' object has no attribute 'iloc'"}
2026-02-17 15:33:33,911 - INFO - Action: Anomaly Run | User: anonymous | Details: {"engine": "IsolationForest", "status": "OK", "contamination": "0.08", "anomalies": "2", "rows": "25"}
2026-02-17 15:33:33,992 - INFO - Action: Governance Panel Viewed | User: anonymous | Details: {"forecast_model": "Linear (Fast) (Fallback: ARIMA runtime failure)", "proxy_metrics": {"precision": 0.5, "recall": 0.25, "f1": 0.3333333333333333, "status": "OK"}}
2026-02-17 15:33:34,175 - INFO - Action: Clustering Run | User: anonymous | Details: {"algorithm": "KMeans", "status": "OK", "k": "5", "clusters": "5", "noise": "0"}
2026-02-17 15:33:34,192 - INFO - Action: Dashboard Viewed | User: anonymous | Details: {"filters": {"year_range": [2017, 2022], "state": "ALL STATES", "district": "ALL DISTRICTS", "category": "ALL CATEGORIES"}, "live_pulse": true, "kpis": {"YEAR_MAX": "2022", "total_crimes": "470446", "critical_count": "0", "avg_risk": "50.567679666783505", "yoy_change": "12.053820326341482", "top_state_name": "Uttar Pradesh", "top_district_name": "Mumbai"}, "forecast": {"model": "Linear (Fast)", "status": "OK", "mae": "4900.161904761878", "mape": "6.061730047386785", "r2": "0.45404688283849226", "ci": "True", "model_used": "Linear (Fast) (Fallback: ARIMA runtime failure)", "fallback": "True", "fallback_reason": "'numpy.ndarray' object has no attribute 'iloc'"}, "anomaly": {"engine": "IsolationForest", "status": "OK", "contamination": "0.08", "anomalies": "2", "rows": "25"}, "clusters": {"algorithm": "KMeans", "status": "OK", "k": "5", "clusters": "5", "noise": "0"}, "supervised": {"status": "FAILED", "model_used": ""}}
2026-02-17 15:33:49,189 - INFO - Action: Data Loaded | User: anonymous | Details: Records: 750 | Years: 2017-2022
2026-02-17 15:33:49,211 - INFO - Action: Filters Applied | User: anonymous | Details: Year: (2017, 2022), State: ALL STATES, District: ALL DISTRICTS, Category: ALL CATEGORIES, Pulse: True, Sensitivity: 1.0
2026-02-17 15:33:53,007 - INFO - Action: Forecast Run | User: anonymous | Details: {"model": "Linear (Fast)", "status": "OK", "mae": "2719.3333333336436", "mape": "3.6966938370488664", "r2": "0.3485761153316931", "ci": "True", "model_used": "Linear (Fast) (Fallback: ARIMA runtime failure)", "fallback": "True", "fallback_reason": "'numpy.ndarray' object has no attribute 'iloc'"}
2026-02-17 15:33:53,240 - INFO - Action: Anomaly Run | User: anonymous | Details: {"engine": "IsolationForest", "status": "OK", "contamination": "0.08", "anomalies": "2", "rows": "25"}
2026-02-17 15:33:53,377 - INFO - Action: Governance Panel Viewed | User: anonymous | Details: {"forecast_model": "Linear (Fast) (Fallback: ARIMA runtime failure)", "proxy_metrics": {"precision": 0.5, "recall": 0.5, "f1": 0.5, "status": "OK"}}
2026-02-17 15:33:53,615 - INFO - Action: Clustering Run | User: anonymous | Details: {"algorithm": "KMeans", "status": "OK", "k": "5", "clusters": "5", "noise": "0"}
2026-02-17 15:33:53,641 - INFO - Action: Dashboard Viewed | User: anonymous | Details: {"filters": {"year_range": [2017, 2022], "state": "ALL STATES", "district": "ALL DISTRICTS", "category": "ALL CATEGORIES"}, "live_pulse": true, "kpis": {"YEAR_MAX": "2022", "total_crimes": "470446", "critical_count": "0", "avg_risk": "45.2346099868759", "yoy_change": "12.053820326341482", "top_state_name": "Uttar Pradesh", "top_district_name": "Mumbai"}, "forecast": {"model": "Linear (Fast)", "status": "OK", "mae": "2719.3333333336436", "mape": "3.6966938370488664", "r2": "0.3485761153316931", "ci": "True", "model_used": "Linear (Fast) (Fallback: ARIMA runtime failure)", "fallback": "True", "fallback_reason": "'numpy.ndarray' object has no attribute 'iloc'"}, "anomaly": {"engine": "IsolationForest", "status": "OK", "contamination": "0.08", "anomalies": "2", "rows": "25"}, "clusters": {"algorithm": "KMeans", "status": "OK", "k": "5", "clusters": "5", "noise": "0"}, "supervised": {"status": "FAILED", "model_used": ""}}
2026-02-17 15:33:57,211 - INFO - Action: Filters Applied | User: anonymous | Details: Year: (2017, 2022), State: ALL STATES, District: ALL DISTRICTS, Category: ALL CATEGORIES, Pulse: True, Sensitivity: 1.0
2026-02-17 15:33:58,677 - INFO - Action: Forecast Run | User: anonymous | Details: {"model": "Linear (Fast)", "status": "OK", "mae": "2952.0000000003106", "mape": "3.9531489171226264", "r2": "0.38812752086079916", "ci": "True", "model_used": "Linear (Fast) (Fallback: ARIMA runtime failure)", "fallback": "True", "fallback_reason": "'numpy.ndarray' object has no attribute 'iloc'"}
2026-02-17 15:33:58,895 - INFO - Action: Anomaly Run | User: anonymous | Details: {"engine": "IsolationForest", "status": "OK", "contamination": "0.08", "anomalies": "2", "rows": "25"}
2026-02-17 15:33:59,025 - INFO - Action: Governance Panel Viewed | User: anonymous | Details: {"forecast_model": "Linear (Fast) (Fallback: ARIMA runtime failure)", "proxy_metrics": {"precision": 0.5, "recall": 0.3333333333333333, "f1": 0.4, "status": "OK"}}
2026-02-17 15:33:59,265 - INFO - Action: Clustering Run | User: anonymous | Details: {"algorithm": "KMeans", "status": "OK", "k": "5", "clusters": "5", "noise": "0"}
2026-02-17 15:33:59,296 - INFO - Action: Dashboard Viewed | User: anonymous | Details: {"filters": {"year_range": [2017, 2022], "state": "ALL STATES", "district": "ALL DISTRICTS", "category": "ALL CATEGORIES"}, "live_pulse": true, "kpis": {"YEAR_MAX": "2022", "total_crimes": "470446", "critical_count": "0", "avg_risk": "46.308482468246915", "yoy_change": "12.053820326341482", "top_state_name": "Uttar Pradesh", "top_district_name": "Mumbai"}, "forecast": {"model": "Linear (Fast)", "status": "OK", "mae": "2952.0000000003106", "mape": "3.9531489171226264", "r2": "0.38812752086079916", "ci": "True", "model_used": "Linear (Fast) (Fallback: ARIMA runtime failure)", "fallback": "True", "fallback_reason": "'numpy.ndarray' object has no attribute 'iloc'"}, "anomaly": {"engine": "IsolationForest", "status": "OK", "contamination": "0.08", "anomalies": "2", "rows": "25"}, "clusters": {"algorithm": "KMeans", "status": "OK", "k": "5", "clusters": "5", "noise": "0"}, "supervised": {"status": "FAILED", "model_used": ""}}
2026-02-17 16:58:56,265 - INFO - Action: Data Loaded | User: anonymous | Details: Records: 8,700 | Years: 2017-2022
2026-02-17 16:58:56,284 - INFO - Action: Filters Applied | User: anonymous | Details: Year: (2017, 2022), State: ALL STATES, District: ALL DISTRICTS, Category: ALL CATEGORIES, Pulse: True, Sensitivity: 1.0
2026-02-17 16:58:58,727 - INFO - Action: Forecast Run | User: anonymous | Details: {"model": "Linear (Fast)", "status": "OK", "mae": "11354.111111115664", "mape": "1.4388651973958113", "r2": "0.8687010410798323", "ci": "True", "model_used": "Linear (Fast) (Fallback: ARIMA runtime failure)", "fallback": "True", "fallback_reason": "'numpy.ndarray' object has no attribute 'iloc'"}
2026-02-17 16:58:58,882 - INFO - Action: Anomaly Run | User: anonymous | Details: {"engine": "IsolationForest", "status": "OK", "contamination": "0.08", "anomalies": "12", "rows": "145"}
2026-02-17 16:58:58,965 - INFO - Action: Governance Panel Viewed | User: anonymous | Details: {"forecast_model": "Linear (Fast) (Fallback: ARIMA runtime failure)", "proxy_metrics": {"precision": 0.25, "recall": 1.0, "f1": 0.4, "status": "OK"}}
2026-02-17 16:58:59,131 - INFO - Action: Clustering Run | User: anonymous | Details: {"algorithm": "KMeans", "status": "OK", "k": "5", "clusters": "5", "noise": "0"}
2026-02-17 16:58:59,224 - INFO - Action: Dashboard Viewed | User: anonymous | Details: {"filters": {"year_range": [2017, 2022], "state": "ALL STATES", "district": "ALL DISTRICTS", "category": "ALL CATEGORIES"}, "live_pulse": true, "kpis": {"YEAR_MAX": "2022", "total_crimes": "4927947", "critical_count": "0", "avg_risk": "36.7929132039436", "yoy_change": "4.769510812518025", "top_state_name": "Uttar Pradesh", "top_district_name": "Udaipur"}, "forecast": {"model": "Linear (Fast)", "status": "OK", "mae": "11354.111111115664", "mape": "1.4388651973958113", "r2": "0.8687010410798323", "ci": "True", "model_used": "Linear (Fast) (Fallback: ARIMA runtime failure)", "fallback": "True", "fallback_reason": "'numpy.ndarray' object has no attribute 'iloc'"}, "anomaly": {"engine": "IsolationForest", "status": "OK", "contamination": "0.08", "anomalies": "12", "rows": "145"}, "clusters": {"algorithm": "KMeans", "status": "OK", "k": "5", "clusters": "5", "noise": "0"}, "supervised": {"status": "FAILED", "model_used": ""}}
2026-02-17 16:59:29,334 - INFO - Action: Filters Applied | User: anonymous | Details: Year: (2017, 2022), State: Andhra Pradesh, District: ALL DISTRICTS, Category: ALL CATEGORIES, Pulse: True, Sensitivity: 1.0
2026-02-17 16:59:30,646 - INFO - Action: Forecast Run | User: anonymous | Details: {"model": "Linear (Fast)", "status": "OK", "mae": "1823.660317460405", "mape": "6.5269585272472455", "r2": "0.08299788193295676", "ci": "True", "model_used": "Linear (Fast) (Fallback: ARIMA runtime failure)", "fallback": "True", "fallback_reason": "'numpy.ndarray' object has no attribute 'iloc'"}
2026-02-17 16:59:30,752 - INFO - Action: Anomaly Run | User: anonymous | Details: {"engine": "IsolationForest", "status": "OK", "contamination": "0.08", "anomalies": "1", "rows": "5"}
2026-02-17 16:59:30,793 - INFO - Action: Governance Panel Viewed | User: anonymous | Details: {"forecast_model": "Linear (Fast) (Fallback: ARIMA runtime failure)", "proxy_metrics": {"precision": NaN, "recall": NaN, "f1": NaN, "status": "EMPTY"}}
2026-02-17 16:59:30,964 - INFO - Action: Clustering Run | User: anonymous | Details: {"algorithm": "KMeans", "status": "OK", "k": "5", "clusters": "5", "noise": "0"}
2026-02-17 16:59:30,976 - INFO - Action: Dashboard Viewed | User: anonymous | Details: {"filters": {"year_range": [2017, 2022], "state": "Andhra Pradesh", "district": "ALL DISTRICTS", "category": "ALL CATEGORIES"}, "live_pulse": true, "kpis": {"YEAR_MAX": "2022", "total_crimes": "172188", "critical_count": "0", "avg_risk": "39.21315301283215", "yoy_change": "-10.697205322575398", "top_state_name": "Andhra Pradesh", "top_district_name": "Guntur"}, "forecast": {"model": "Linear (Fast)", "status": "OK", "mae": "1823.660317460405", "mape": "6.5269585272472455", "r2": "0.08299788193295676", "ci": "True", "model_used": "Linear (Fast) (Fallback: ARIMA runtime failure)", "fallback": "True", "fallback_reason": "'numpy.ndarray' object has no attribute 'iloc'"}, "anomaly": {"engine": "IsolationForest", "status": "OK", "contamination": "0.08", "anomalies": "1", "rows": "5"}, "clusters": {"algorithm": "KMeans", "status": "OK", "k": "5", "clusters": "5", "noise": "0"}, "supervised": {"status": "INSUFFICIENT_DATA", "model_used": "None"}}
2026-02-17 16:59:53,528 - INFO - Action: Filters Applied | User: anonymous | Details: Year: (2017, 2022), State: Telangana, District: ALL DISTRICTS, Category: ALL CATEGORIES, Pulse: True, Sensitivity: 1.0
2026-02-17 16:59:54,921 - INFO - Action: Forecast Run | User: anonymous | Details: {"model": "Linear (Fast)", "status": "OK", "mae": "1605.7904761904695", "mape": "6.251155669102403", "r2": "0.5311231588217167", "ci": "True", "model_used": "Linear (Fast) (Fallback: ARIMA runtime failure)", "fallback": "True", "fallback_reason": "'numpy.ndarray' object has no attribute 'iloc'"}
2026-02-17 16:59:55,041 - INFO - Action: Anomaly Run | User: anonymous | Details: {"engine": "IsolationForest", "status": "OK", "contamination": "0.08", "anomalies": "1", "rows": "5"}
2026-02-17 16:59:55,085 - INFO - Action: Governance Panel Viewed | User: anonymous | Details: {"forecast_model": "Linear (Fast) (Fallback: ARIMA runtime failure)", "proxy_metrics": {"precision": NaN, "recall": NaN, "f1": NaN, "status": "EMPTY"}}
2026-02-17 16:59:55,294 - INFO - Action: Clustering Run | User: anonymous | Details: {"algorithm": "KMeans", "status": "OK", "k": "5", "clusters": "5", "noise": "0"}
2026-02-17 16:59:55,307 - INFO - Action: Dashboard Viewed | User: anonymous | Details: {"filters": {"year_range": [2017, 2022], "state": "Telangana", "district": "ALL DISTRICTS", "category": "ALL CATEGORIES"}, "live_pulse": true, "kpis": {"YEAR_MAX": "2022", "total_crimes": "164084", "critical_count": "0", "avg_risk": "48.414148268605345", "yoy_change": "4.231497767555135", "top_state_name": "Telangana", "top_district_name": "Karimnagar"}, "forecast": {"model": "Linear (Fast)", "status": "OK", "mae": "1605.7904761904695", "mape": "6.251155669102403", "r2": "0.5311231588217167", "ci": "True", "model_used": "Linear (Fast) (Fallback: ARIMA runtime failure)", "fallback": "True", "fallback_reason": "'numpy.ndarray' object has no attribute 'iloc'"}, "anomaly": {"engine": "IsolationForest", "status": "OK", "contamination": "0.08", "anomalies": "1", "rows": "5"}, "clusters": {"algorithm": "KMeans", "status": "OK", "k": "5", "clusters": "5", "noise": "0"}, "supervised": {"status": "INSUFFICIENT_DATA", "model_used": "None"}}
2026-02-17 17:06:15,664 - INFO - Action: Filters Applied | User: anonymous | Details: Year: (2017, 2022), State: Tamil Nadu, District: ALL DISTRICTS, Category: ALL CATEGORIES, Pulse: True, Sensitivity: 1.0
2026-02-17 17:06:16,795 - INFO - Action: Forecast Run | User: anonymous | Details: {"model": "Linear (Fast)", "status": "OK", "mae": "2172.3396825396144", "mape": "7.237628880581153", "r2": "0.2125402593577954", "ci": "True", "model_used": "Linear (Fast) (Fallback: ARIMA runtime failure)", "fallback": "True", "fallback_reason": "'numpy.ndarray' object has no attribute 'iloc'"}
2026-02-17 17:06:16,909 - INFO - Action: Anomaly Run | User: anonymous | Details: {"engine": "IsolationForest", "status": "OK", "contamination": "0.08", "anomalies": "1", "rows": "5"}
2026-02-17 17:06:16,957 - INFO - Action: Governance Panel Viewed | User: anonymous | Details: {"forecast_model": "Linear (Fast) (Fallback: ARIMA runtime failure)", "proxy_metrics": {"precision": NaN, "recall": NaN, "f1": NaN, "status": "EMPTY"}}
2026-02-17 17:06:17,114 - INFO - Action: Clustering Run | User: anonymous | Details: {"algorithm": "KMeans", "status": "OK", "k": "5", "clusters": "5", "noise": "0"}
2026-02-17 17:06:17,126 - INFO - Action: Dashboard Viewed | User: anonymous | Details: {"filters": {"year_range": [2017, 2022], "state": "Tamil Nadu", "district": "ALL DISTRICTS", "category": "ALL CATEGORIES"}, "live_pulse": true, "kpis": {"YEAR_MAX": "2022", "total_crimes": "173435", "critical_count": "1", "avg_risk": "55.983173835277924", "yoy_change": "8.532350648430302", "top_state_name": "Tamil Nadu", "top_district_name": "Tiruchirappalli"}, "forecast": {"model": "Linear (Fast)", "status": "OK", "mae": "2172.3396825396144", "mape": "7.237628880581153", "r2": "0.2125402593577954", "ci": "True", "model_used": "Linear (Fast) (Fallback: ARIMA runtime failure)", "fallback": "True", "fallback_reason": "'numpy.ndarray' object has no attribute 'iloc'"}, "anomaly": {"engine": "IsolationForest", "status": "OK", "contamination": "0.08", "anomalies": "1", "rows": "5"}, "clusters": {"algorithm": "KMeans", "status": "OK", "k": "5", "clusters": "5", "noise": "0"}, "supervised": {"status": "INSUFFICIENT_DATA", "model_used": "None"}}
2026-02-17 17:06:54,008 - INFO - Action: Filters Applied | User: anonymous | Details: Year: (2017, 2022), State: Tamil Nadu, District: ALL DISTRICTS, Category: ALL CATEGORIES, Pulse: True, Sensitivity: 1.0
2026-02-17 17:06:55,191 - INFO - Action: Forecast Run | User: anonymous | Details: {"model": "Linear (Fast)", "status": "OK", "mae": "2122.085714285553", "mape": "7.328017863546209", "r2": "0.08233844120072742", "ci": "True", "model_used": "Linear (Fast) (Fallback: ARIMA runtime failure)", "fallback": "True", "fallback_reason": "'numpy.ndarray' object has no attribute 'iloc'"}
2026-02-17 17:06:55,302 - INFO - Action: Anomaly Run | User: anonymous | Details: {"engine": "IsolationForest", "status": "OK", "contamination": "0.08", "anomalies": "1", "rows": "5"}
2026-02-17 17:06:55,334 - INFO - Action: Governance Panel Viewed | User: anonymous | Details: {"forecast_model": "Linear (Fast) (Fallback: ARIMA runtime failure)", "proxy_metrics": {"precision": NaN, "recall": NaN, "f1": NaN, "status": "EMPTY"}}
2026-02-17 17:06:55,498 - INFO - Action: Clustering Run | User: anonymous | Details: {"algorithm": "KMeans", "status": "OK", "k": "5", "clusters": "5", "noise": "0"}
2026-02-17 17:06:55,513 - INFO - Action: Dashboard Viewed | User: anonymous | Details: {"filters": {"year_range": [2017, 2022], "state": "Tamil Nadu", "district": "ALL DISTRICTS", "category": "ALL CATEGORIES"}, "live_pulse": true, "kpis": {"YEAR_MAX": "2022", "total_crimes": "173435", "critical_count": "0", "avg_risk": "46.02551381897213", "yoy_change": "8.532350648430302", "top_state_name": "Tamil Nadu", "top_district_name": "Tiruchirappalli"}, "forecast": {"model": "Linear (Fast)", "status": "OK", "mae": "2122.085714285553", "mape": "7.328017863546209", "r2": "0.08233844120072742", "ci": "True", "model_used": "Linear (Fast) (Fallback: ARIMA runtime failure)", "fallback": "True", "fallback_reason": "'numpy.ndarray' object has no attribute 'iloc'"}, "anomaly": {"engine": "IsolationForest", "status": "OK", "contamination": "0.08", "anomalies": "1", "rows": "5"}, "clusters": {"algorithm": "KMeans", "status": "OK", "k": "5", "clusters": "5", "noise": "0"}, "supervised": {"status": "INSUFFICIENT_DATA", "model_used": "None"}}
2026-02-17 17:07:03,670 - INFO - Action: Filters Applied | User: anonymous | Details: Year: (2017, 2022), State: Tamil Nadu, District: ALL DISTRICTS, Category: ALL CATEGORIES, Pulse: True, Sensitivity: 1.0
2026-02-17 17:07:04,676 - INFO - Action: Forecast Run | User: anonymous | Details: {"model": "Linear (Fast)", "status": "OK", "mae": "2336.5523809523634", "mape": "7.583165576168927", "r2": "0.34105569181798057", "ci": "True", "model_used": "Linear (Fast) (Fallback: ARIMA runtime failure)", "fallback": "True", "fallback_reason": "'numpy.ndarray' object has no attribute 'iloc'"}
2026-02-17 17:07:04,805 - INFO - Action: Anomaly Run | User: anonymous | Details: {"engine": "IsolationForest", "status": "OK", "contamination": "0.08", "anomalies": "1", "rows": "5"}
2026-02-17 17:07:04,877 - INFO - Action: Governance Panel Viewed | User: anonymous | Details: {"forecast_model": "Linear (Fast) (Fallback: ARIMA runtime failure)", "proxy_metrics": {"precision": 0.0, "recall": 0.0, "f1": 0.0, "status": "OK"}}
2026-02-17 17:07:05,028 - INFO - Action: Clustering Run | User: anonymous | Details: {"algorithm": "KMeans", "status": "OK", "k": "5", "clusters": "5", "noise": "0"}
2026-02-17 17:07:05,046 - INFO - Action: Dashboard Viewed | User: anonymous | Details: {"filters": {"year_range": [2017, 2022], "state": "Tamil Nadu", "district": "ALL DISTRICTS", "category": "ALL CATEGORIES"}, "live_pulse": true, "kpis": {"YEAR_MAX": "2022", "total_crimes": "173435", "critical_count": "1", "avg_risk": "59.8451829481089", "yoy_change": "8.532350648430302", "top_state_name": "Tamil Nadu", "top_district_name": "Tiruchirappalli"}, "forecast": {"model": "Linear (Fast)", "status": "OK", "mae": "2336.5523809523634", "mape": "7.583165576168927", "r2": "0.34105569181798057", "ci": "True", "model_used": "Linear (Fast) (Fallback: ARIMA runtime failure)", "fallback": "True", "fallback_reason": "'numpy.ndarray' object has no attribute 'iloc'"}, "anomaly": {"engine": "IsolationForest", "status": "OK", "contamination": "0.08", "anomalies": "1", "rows": "5"}, "clusters": {"algorithm": "KMeans", "status": "OK", "k": "5", "clusters": "5", "noise": "0"}, "supervised": {"status": "INSUFFICIENT_DATA", "model_used": "None"}}
2026-02-17 17:27:20,850 - INFO - Action: Filters Applied | User: anonymous | Details: Year: (2017, 2022), State: Andhra Pradesh, District: ALL DISTRICTS, Category: ALL CATEGORIES, Pulse: True, Sensitivity: 1.0
2026-02-17 17:27:21,955 - INFO - Action: Forecast Run | User: anonymous | Details: {"model": "Linear (Fast)", "status": "OK", "mae": "2092.936507936509", "mape": "7.908906846312269", "r2": "0.003772355163236818", "ci": "True", "model_used": "Linear (Fast) (Fallback: ARIMA runtime failure)", "fallback": "True", "fallback_reason": "'numpy.ndarray' object has no attribute 'iloc'"}
2026-02-17 17:27:22,049 - INFO - Action: Anomaly Run | User: anonymous | Details: {"engine": "IsolationForest", "status": "OK", "contamination": "0.08", "anomalies": "1", "rows": "5"}
2026-02-17 17:27:22,081 - INFO - Action: Governance Panel Viewed | User: anonymous | Details: {"forecast_model": "Linear (Fast) (Fallback: ARIMA runtime failure)", "proxy_metrics": {"precision": NaN, "recall": NaN, "f1": NaN, "status": "EMPTY"}}
2026-02-17 17:27:22,224 - INFO - Action: Clustering Run | User: anonymous | Details: {"algorithm": "KMeans", "status": "OK", "k": "5", "clusters": "5", "noise": "0"}
2026-02-17 17:27:22,236 - INFO - Action: Dashboard Viewed | User: anonymous | Details: {"filters": {"year_range": [2017, 2022], "state": "Andhra Pradesh", "district": "ALL DISTRICTS", "category": "ALL CATEGORIES"}, "live_pulse": true, "kpis": {"YEAR_MAX": "2022", "total_crimes": "172188", "critical_count": "0", "avg_risk": "32.52628558933117", "yoy_change": "-10.697205322575398", "top_state_name": "Andhra Pradesh", "top_district_name": "Guntur"}, "forecast": {"model": "Linear (Fast)", "status": "OK", "mae": "2092.936507936509", "mape": "7.908906846312269", "r2": "0.003772355163236818", "ci": "True", "model_used": "Linear (Fast) (Fallback: ARIMA runtime failure)", "fallback": "True", "fallback_reason": "'numpy.ndarray' object has no attribute 'iloc'"}, "anomaly": {"engine": "IsolationForest", "status": "OK", "contamination": "0.08", "anomalies": "1", "rows": "5"}, "clusters": {"algorithm": "KMeans", "status": "OK", "k": "5", "clusters": "5", "noise": "0"}, "supervised": {"status": "INSUFFICIENT_DATA", "model_used": "None"}}
2026-02-17 17:27:25,682 - INFO - Action: Filters Applied | User: anonymous | Details: Year: (2017, 2022), State: Andhra Pradesh, District: Kurnool, Category: ALL CATEGORIES, Pulse: True, Sensitivity: 1.0
2026-02-17 17:27:26,644 - INFO - Action: Forecast Run | User: anonymous | Details: {"model": "Linear (Fast)", "status": "OK", "mae": "552.5238095238068", "mape": "10.18551280165016", "r2": "0.4376265799630362", "ci": "True", "model_used": "Linear (Fast) (Fallback: ARIMA runtime failure)", "fallback": "True", "fallback_reason": "LU decomposition error."}
2026-02-17 17:27:26,736 - INFO - Action: Anomaly Run | User: anonymous | Details: {"engine": "IsolationForest", "status": "OK", "contamination": "0.08", "anomalies": "0", "rows": "1"}
2026-02-17 17:27:26,769 - INFO - Action: Governance Panel Viewed | User: anonymous | Details: {"forecast_model": "Linear (Fast) (Fallback: ARIMA runtime failure)", "proxy_metrics": {"precision": NaN, "recall": NaN, "f1": NaN, "status": "EMPTY"}}
2026-02-17 17:27:26,887 - INFO - Action: Clustering Run | User: anonymous | Details: {"algorithm": "KMeans", "status": "OK", "k": "1", "clusters": "1", "noise": "0"}
2026-02-17 17:27:26,899 - INFO - Action: Dashboard Viewed | User: anonymous | Details: {"filters": {"year_range": [2017, 2022], "state": "Andhra Pradesh", "district": "Kurnool", "category": "ALL CATEGORIES"}, "live_pulse": true, "kpis": {"YEAR_MAX": "2022", "total_crimes": "34449", "critical_count": "0", "avg_risk": "39.35878962536023", "yoy_change": "-10.571997723392146", "top_state_name": "Andhra Pradesh", "top_district_name": "Kurnool"}, "forecast": {"model": "Linear (Fast)", "status": "OK", "mae": "552.5238095238068", "mape": "10.18551280165016", "r2": "0.4376265799630362", "ci": "True", "model_used": "Linear (Fast) (Fallback: ARIMA runtime failure)", "fallback": "True", "fallback_reason": "LU decomposition error."}, "anomaly": {"engine": "IsolationForest", "status": "OK", "contamination": "0.08", "anomalies": "0", "rows": "1"}, "clusters": {"algorithm": "KMeans", "status": "OK", "k": "1", "clusters": "1", "noise": "0"}, "supervised": {"status": "INSUFFICIENT_DATA", "model_used": "None"}}
2026-02-18 12:59:22,396 - INFO - Action: Data Loaded | User: anonymous | Details: Records: 8,700 | Years: 2017-2022
2026-02-18 12:59:22,429 - INFO - Action: Filters Applied | User: anonymous | Details: Year: (2017, 2022), State: ALL STATES, District: ALL DISTRICTS, Category: ALL CATEGORIES, Pulse: True, Sensitivity: 1.0
2026-02-18 12:59:26,428 - INFO - Action: Forecast Run | User: anonymous | Details: {"model": "Linear (Fast)", "status": "OK", "mae": "16601.111111115042", "mape": "2.145955502662117", "r2": "0.6504034098168616", "ci": "True", "model_used": "Linear (Fast) (Fallback: ARIMA runtime failure)", "fallback": "True", "fallback_reason": "'numpy.ndarray' object has no attribute 'iloc'"}
2026-02-18 12:59:26,628 - INFO - Action: Anomaly Run | User: anonymous | Details: {"engine": "IsolationForest", "status": "OK", "contamination": "0.08", "anomalies": "12", "rows": "145"}
2026-02-18 12:59:26,762 - INFO - Action: Governance Panel Viewed | User: anonymous | Details: {"forecast_model": "Linear (Fast) (Fallback: ARIMA runtime failure)", "proxy_metrics": {"precision": 0.16666666666666666, "recall": 1.0, "f1": 0.2857142857142857, "status": "OK"}}
2026-02-18 12:59:26,983 - INFO - Action: Clustering Run | User: anonymous | Details: {"algorithm": "KMeans", "status": "OK", "k": "5", "clusters": "5", "noise": "0"}
2026-02-18 12:59:27,110 - INFO - Action: Dashboard Viewed | User: anonymous | Details: {"filters": {"year_range": [2017, 2022], "state": "ALL STATES", "district": "ALL DISTRICTS", "category": "ALL CATEGORIES"}, "live_pulse": true, "kpis": {"YEAR_MAX": "2022", "total_crimes": "4927947", "critical_count": "0", "avg_risk": "35.49810837469316", "yoy_change": "4.769510812518025", "top_state_name": "Uttar Pradesh", "top_district_name": "Udaipur"}, "forecast": {"model": "Linear (Fast)", "status": "OK", "mae": "16601.111111115042", "mape": "2.145955502662117", "r2": "0.6504034098168616", "ci": "True", "model_used": "Linear (Fast) (Fallback: ARIMA runtime failure)", "fallback": "True", "fallback_reason": "'numpy.ndarray' object has no attribute 'iloc'"}, "anomaly": {"engine": "IsolationForest", "status": "OK", "contamination": "0.08", "anomalies": "12", "rows": "145"}, "clusters": {"algorithm": "KMeans", "status": "OK", "k": "5", "clusters": "5", "noise": "0"}, "supervised": {"status": "FAILED", "model_used": ""}}
2026-02-18 12:59:38,891 - INFO - Action: Filters Applied | User: anonymous | Details: Year: (2017, 2022), State: Tamil Nadu, District: ALL DISTRICTS, Category: ALL CATEGORIES, Pulse: True, Sensitivity: 1.0
2026-02-18 12:59:40,461 - INFO - Action: Forecast Run | User: anonymous | Details: {"model": "Linear (Fast)", "status": "OK", "mae": "2464.971428571424", "mape": "7.913312740844416", "r2": "0.37319739130638707", "ci": "True", "model_used": "Linear (Fast) (Fallback: ARIMA runtime failure)", "fallback": "True", "fallback_reason": "'numpy.ndarray' object has no attribute 'iloc'"}
2026-02-18 12:59:40,689 - INFO - Action: Anomaly Run | User: anonymous | Details: {"engine": "IsolationForest", "status": "OK", "contamination": "0.08", "anomalies": "1", "rows": "5"}
2026-02-18 12:59:40,814 - INFO - Action: Governance Panel Viewed | User: anonymous | Details: {"forecast_model": "Linear (Fast) (Fallback: ARIMA runtime failure)", "proxy_metrics": {"precision": 0.0, "recall": 0.0, "f1": 0.0, "status": "OK"}}
2026-02-18 12:59:41,030 - INFO - Action: Clustering Run | User: anonymous | Details: {"algorithm": "KMeans", "status": "OK", "k": "5", "clusters": "5", "noise": "0"}
2026-02-18 12:59:41,049 - INFO - Action: Dashboard Viewed | User: anonymous | Details: {"filters": {"year_range": [2017, 2022], "state": "Tamil Nadu", "district": "ALL DISTRICTS", "category": "ALL CATEGORIES"}, "live_pulse": true, "kpis": {"YEAR_MAX": "2022", "total_crimes": "173435", "critical_count": "1", "avg_risk": "59.99367735831411", "yoy_change": "8.532350648430302", "top_state_name": "Tamil Nadu", "top_district_name": "Tiruchirappalli"}, "forecast": {"model": "Linear (Fast)", "status": "OK", "mae": "2464.971428571424", "mape": "7.913312740844416", "r2": "0.37319739130638707", "ci": "True", "model_used": "Linear (Fast) (Fallback: ARIMA runtime failure)", "fallback": "True", "fallback_reason": "'numpy.ndarray' object has no attribute 'iloc'"}, "anomaly": {"engine": "IsolationForest", "status": "OK", "contamination": "0.08", "anomalies": "1", "rows": "5"}, "clusters": {"algorithm": "KMeans", "status": "OK", "k": "5", "clusters": "5", "noise": "0"}, "supervised": {"status": "INSUFFICIENT_DATA", "model_used": "None"}}
2026-02-18 15:08:33,846 - INFO - Action: Data Loaded | User: anonymous | Details: Records: 8,700 | Years: 2017-2022
2026-02-18 15:08:33,921 - INFO - Action: Filters Applied | User: anonymous | Details: Year: (2017, 2022), State: ALL STATES, District: ALL DISTRICTS, Category: ALL CATEGORIES, Pulse: True, Sensitivity: 1.0
2026-02-18 15:08:39,802 - INFO - Action: Forecast Run | User: anonymous | Details: {"model": "Linear (Fast)", "status": "OK", "mae": "17370.60000000149", "mape": "1.9506071730156351", "r2": "0.9072182556189146", "ci": "True", "model_used": "Linear (Fast) (Fallback: ARIMA runtime failure)", "fallback": "True", "fallback_reason": "'numpy.ndarray' object has no attribute 'iloc'"}
2026-02-18 15:08:40,042 - INFO - Action: Anomaly Run | User: anonymous | Details: {"engine": "IsolationForest", "status": "OK", "contamination": "0.08", "anomalies": "12", "rows": "145"}
2026-02-18 15:08:40,284 - INFO - Action: Supervised Model Run | User: anonymous | Details: {"model_used": "RandomForest", "accuracy": 0.66875, "labels": ["CRITICAL \ud83d\udd34", "HIGH \ud83d\udfe0", "LOW \ud83d\udfe2", "MEDIUM \ud83d\udfe1"]}
2026-02-18 15:08:40,341 - INFO - Action: Governance Panel Viewed | User: anonymous | Details: {"forecast_model": "Linear (Fast) (Fallback: ARIMA runtime failure)", "proxy_metrics": {"precision": 0.3333333333333333, "recall": 0.2, "f1": 0.25, "status": "OK"}}
2026-02-18 15:08:40,590 - INFO - Action: Clustering Run | User: anonymous | Details: {"algorithm": "KMeans", "status": "OK", "k": "5", "clusters": "5", "noise": "0"}
2026-02-18 15:08:40,676 - INFO - Action: Dashboard Viewed | User: anonymous | Details: {"filters": {"year_range": [2017, 2022], "state": "ALL STATES", "district": "ALL DISTRICTS", "category": "ALL CATEGORIES"}, "live_pulse": true, "kpis": {"YEAR_MAX": "2022", "total_crimes": "4927947", "critical_count": "1", "avg_risk": "43.17165271913029", "yoy_change": "4.769510812518025", "top_state_name": "Uttar Pradesh", "top_district_name": "Udaipur"}, "forecast": {"model": "Linear (Fast)", "status": "OK", "mae": "17370.60000000149", "mape": "1.9506071730156351", "r2": "0.9072182556189146", "ci": "True", "model_used": "Linear (Fast) (Fallback: ARIMA runtime failure)", "fallback": "True", "fallback_reason": "'numpy.ndarray' object has no attribute 'iloc'"}, "anomaly": {"engine": "IsolationForest", "status": "OK", "contamination": "0.08", "anomalies": "12", "rows": "145"}, "clusters": {"algorithm": "KMeans", "status": "OK", "k": "5", "clusters": "5", "noise": "0"}, "supervised": {"status": "OK", "model_used": "RandomForest"}}
2026-02-18 15:08:48,339 - INFO - Action: Filters Applied | User: anonymous | Details: Year: (2017, 2022), State: Arunachal Pradesh, District: ALL DISTRICTS, Category: ALL CATEGORIES, Pulse: True, Sensitivity: 1.0
2026-02-18 15:08:49,925 - INFO - Action: Forecast Run | User: anonymous | Details: {"model": "Linear (Fast)", "status": "OK", "mae": "1927.6666666665697", "mape": "7.424512649830898", "r2": "0.10980654825992675", "ci": "True", "model_used": "Linear (Fast) (Fallback: ARIMA runtime failure)", "fallback": "True", "fallback_reason": "'numpy.ndarray' object has no attribute 'iloc'"}
2026-02-18 15:08:50,070 - INFO - Action: Anomaly Run | User: anonymous | Details: {"engine": "IsolationForest", "status": "OK", "contamination": "0.08", "anomalies": "1", "rows": "5"}
2026-02-18 15:08:50,113 - INFO - Action: Governance Panel Viewed | User: anonymous | Details: {"forecast_model": "Linear (Fast) (Fallback: ARIMA runtime failure)", "proxy_metrics": {"precision": NaN, "recall": NaN, "f1": NaN, "status": "EMPTY"}}
2026-02-18 15:08:50,324 - INFO - Action: Clustering Run | User: anonymous | Details: {"algorithm": "KMeans", "status": "OK", "k": "5", "clusters": "5", "noise": "0"}
2026-02-18 15:08:50,340 - INFO - Action: Dashboard Viewed | User: anonymous | Details: {"filters": {"year_range": [2017, 2022], "state": "Arunachal Pradesh", "district": "ALL DISTRICTS", "category": "ALL CATEGORIES"}, "live_pulse": true, "kpis": {"YEAR_MAX": "2022", "total_crimes": "161275", "critical_count": "0", "avg_risk": "47.218302746763925", "yoy_change": "-4.751213391884307", "top_state_name": "Arunachal Pradesh", "top_district_name": "Bomdila"}, "forecast": {"model": "Linear (Fast)", "status": "OK", "mae": "1927.6666666665697", "mape": "7.424512649830898", "r2": "0.10980654825992675", "ci": "True", "model_used": "Linear (Fast) (Fallback: ARIMA runtime failure)", "fallback": "True", "fallback_reason": "'numpy.ndarray' object has no attribute 'iloc'"}, "anomaly": {"engine": "IsolationForest", "status": "OK", "contamination": "0.08", "anomalies": "1", "rows": "5"}, "clusters": {"algorithm": "KMeans", "status": "OK", "k": "5", "clusters": "5", "noise": "0"}, "supervised": {"status": "INSUFFICIENT_DATA", "model_used": "None"}}
2026-02-18 15:08:59,221 - INFO - Action: Filters Applied | User: anonymous | Details: Year: (2017, 2022), State: Andhra Pradesh, District: ALL DISTRICTS, Category: ALL CATEGORIES, Pulse: True, Sensitivity: 1.0
2026-02-18 15:09:00,899 - INFO - Action: Forecast Run | User: anonymous | Details: {"model": "Linear (Fast)", "status": "OK", "mae": "1831.612698412772", "mape": "6.565005740747874", "r2": "0.07908384904345178", "ci": "True", "model_used": "Linear (Fast) (Fallback: ARIMA runtime failure)", "fallback": "True", "fallback_reason": "'numpy.ndarray' object has no attribute 'iloc'"}
2026-02-18 15:09:01,043 - INFO - Action: Anomaly Run | User: anonymous | Details: {"engine": "IsolationForest", "status": "OK", "contamination": "0.08", "anomalies": "1", "rows": "5"}
2026-02-18 15:09:01,092 - INFO - Action: Governance Panel Viewed | User: anonymous | Details: {"forecast_model": "Linear (Fast) (Fallback: ARIMA runtime failure)", "proxy_metrics": {"precision": NaN, "recall": NaN, "f1": NaN, "status": "EMPTY"}}
2026-02-18 15:09:01,288 - INFO - Action: Clustering Run | User: anonymous | Details: {"algorithm": "KMeans", "status": "OK", "k": "5", "clusters": "5", "noise": "0"}
2026-02-18 15:09:01,309 - INFO - Action: Dashboard Viewed | User: anonymous | Details: {"filters": {"year_range": [2017, 2022], "state": "Andhra Pradesh", "district": "ALL DISTRICTS", "category": "ALL CATEGORIES"}, "live_pulse": true, "kpis": {"YEAR_MAX": "2022", "total_crimes": "172188", "critical_count": "0", "avg_risk": "39.04709301304918", "yoy_change": "-10.697205322575398", "top_state_name": "Andhra Pradesh", "top_district_name": "Guntur"}, "forecast": {"model": "Linear (Fast)", "status": "OK", "mae": "1831.612698412772", "mape": "6.565005740747874", "r2": "0.07908384904345178", "ci": "True", "model_used": "Linear (Fast) (Fallback: ARIMA runtime failure)", "fallback": "True", "fallback_reason": "'numpy.ndarray' object has no attribute 'iloc'"}, "anomaly": {"engine": "IsolationForest", "status": "OK", "contamination": "0.08", "anomalies": "1", "rows": "5"}, "clusters": {"algorithm": "KMeans", "status": "OK", "k": "5", "clusters": "5", "noise": "0"}, "supervised": {"status": "INSUFFICIENT_DATA", "model_used": "None"}}
2026-02-18 15:09:03,135 - INFO - Action: Filters Applied | User: anonymous | Details: Year: (2017, 2022), State: Andhra Pradesh, District: Nellore, Category: ALL CATEGORIES, Pulse: True, Sensitivity: 1.0
2026-02-18 15:09:04,580 - INFO - Action: Forecast Run | User: anonymous | Details: {"model": "Linear (Fast)", "status": "OK", "mae": "656.9238095237524", "mape": "11.8881220303588", "r2": "0.358804487480184", "ci": "True", "model_used": "Linear (Fast) (Fallback: ARIMA runtime failure)", "fallback": "True", "fallback_reason": "'numpy.ndarray' object has no attribute 'iloc'"}
2026-02-18 15:09:04,731 - INFO - Action: Anomaly Run | User: anonymous | Details: {"engine": "IsolationForest", "status": "OK", "contamination": "0.08", "anomalies": "0", "rows": "1"}
2026-02-18 15:09:04,841 - INFO - Action: Governance Panel Viewed | User: anonymous | Details: {"forecast_model": "Linear (Fast) (Fallback: ARIMA runtime failure)", "proxy_metrics": {"precision": NaN, "recall": NaN, "f1": NaN, "status": "EMPTY"}}
2026-02-18 15:09:05,018 - INFO - Action: Clustering Run | User: anonymous | Details: {"algorithm": "KMeans", "status": "OK", "k": "1", "clusters": "1", "noise": "0"}
2026-02-18 15:09:05,028 - INFO - Action: Dashboard Viewed | User: anonymous | Details: {"filters": {"year_range": [2017, 2022], "state": "Andhra Pradesh", "district": "Nellore", "category": "ALL CATEGORIES"}, "live_pulse": true, "kpis": {"YEAR_MAX": "2022", "total_crimes": "33495", "critical_count": "1", "avg_risk": "87.47961379434591", "yoy_change": "8.692852543464264", "top_state_name": "Andhra Pradesh", "top_district_name": "Nellore"}, "forecast": {"model": "Linear (Fast)", "status": "OK", "mae": "656.9238095237524", "mape": "11.8881220303588", "r2": "0.358804487480184", "ci": "True", "model_used": "Linear (Fast) (Fallback: ARIMA runtime failure)", "fallback": "True", "fallback_reason": "'numpy.ndarray' object has no attribute 'iloc'"}, "anomaly": {"engine": "IsolationForest", "status": "OK", "contamination": "0.08", "anomalies": "0", "rows": "1"}, "clusters": {"algorithm": "KMeans", "status": "OK", "k": "1", "clusters": "1", "noise": "0"}, "supervised": {"status": "INSUFFICIENT_DATA", "model_used": "None"}}
2026-02-18 15:09:09,147 - INFO - Action: Filters Applied | User: anonymous | Details: Year: (2017, 2022), State: Assam, District: ALL DISTRICTS, Category: ALL CATEGORIES, Pulse: True, Sensitivity: 1.0
2026-02-18 15:09:10,465 - INFO - Action: Forecast Run | User: anonymous | Details: {"model": "Linear (Fast)", "status": "OK", "mae": "1818.9714285714629", "mape": "6.230821934866529", "r2": "0.28084554325118427", "ci": "True", "model_used": "Linear (Fast) (Fallback: ARIMA runtime failure)", "fallback": "True", "fallback_reason": "LU decomposition error."}
2026-02-18 15:09:10,624 - INFO - Action: Anomaly Run | User: anonymous | Details: {"engine": "IsolationForest", "status": "OK", "contamination": "0.08", "anomalies": "1", "rows": "5"}
2026-02-18 15:09:10,666 - INFO - Action: Governance Panel Viewed | User: anonymous | Details: {"forecast_model": "Linear (Fast) (Fallback: ARIMA runtime failure)", "proxy_metrics": {"precision": NaN, "recall": NaN, "f1": NaN, "status": "EMPTY"}}
2026-02-18 15:09:10,881 - INFO - Action: Clustering Run | User: anonymous | Details: {"algorithm": "KMeans", "status": "OK", "k": "5", "clusters": "5", "noise": "0"}
2026-02-18 15:09:10,897 - INFO - Action: Dashboard Viewed | User: anonymous | Details: {"filters": {"year_range": [2017, 2022], "state": "Assam", "district": "ALL DISTRICTS", "category": "ALL CATEGORIES"}, "live_pulse": true, "kpis": {"YEAR_MAX": "2022", "total_crimes": "171503", "critical_count": "2", "avg_risk": "55.75891354193559", "yoy_change": "2.4622689503137187", "top_state_name": "Assam", "top_district_name": "Jorhat"}, "forecast": {"model": "Linear (Fast)", "status": "OK", "mae": "1818.9714285714629", "mape": "6.230821934866529", "r2": "0.28084554325118427", "ci": "True", "model_used": "Linear (Fast) (Fallback: ARIMA runtime failure)", "fallback": "True", "fallback_reason": "LU decomposition error."}, "anomaly": {"engine": "IsolationForest", "status": "OK", "contamination": "0.08", "anomalies": "1", "rows": "5"}, "clusters": {"algorithm": "KMeans", "status": "OK", "k": "5", "clusters": "5", "noise": "0"}, "supervised": {"status": "INSUFFICIENT_DATA", "model_used": "None"}}
2026-02-18 15:09:20,346 - INFO - Action: Filters Applied | User: anonymous | Details: Year: (2017, 2022), State: ALL STATES, District: ALL DISTRICTS, Category: ALL CATEGORIES, Pulse: True, Sensitivity: 1.0
2026-02-18 15:09:21,844 - INFO - Action: Forecast Run | User: anonymous | Details: {"model": "Linear (Fast)", "status": "OK", "mae": "14844.000000001242", "mape": "1.9050714167511047", "r2": "0.7355330539194829", "ci": "True", "model_used": "Linear (Fast) (Fallback: ARIMA runtime failure)", "fallback": "True", "fallback_reason": "'numpy.ndarray' object has no attribute 'iloc'"}
2026-02-18 15:09:22,034 - INFO - Action: Anomaly Run | User: anonymous | Details: {"engine": "IsolationForest", "status": "OK", "contamination": "0.08", "anomalies": "12", "rows": "145"}
2026-02-18 15:09:22,135 - INFO - Action: Governance Panel Viewed | User: anonymous | Details: {"forecast_model": "Linear (Fast) (Fallback: ARIMA runtime failure)", "proxy_metrics": {"precision": 0.25, "recall": 1.0, "f1": 0.4, "status": "OK"}}
2026-02-18 15:09:22,338 - INFO - Action: Clustering Run | User: anonymous | Details: {"algorithm": "KMeans", "status": "OK", "k": "5", "clusters": "5", "noise": "0"}
2026-02-18 15:09:22,436 - INFO - Action: Dashboard Viewed | User: anonymous | Details: {"filters": {"year_range": [2017, 2022], "state": "ALL STATES", "district": "ALL DISTRICTS", "category": "ALL CATEGORIES"}, "live_pulse": true, "kpis": {"YEAR_MAX": "2022", "total_crimes": "4927947", "critical_count": "0", "avg_risk": "35.93013819373331", "yoy_change": "4.769510812518025", "top_state_name": "Uttar Pradesh", "top_district_name": "Udaipur"}, "forecast": {"model": "Linear (Fast)", "status": "OK", "mae": "14844.000000001242", "mape": "1.9050714167511047", "r2": "0.7355330539194829", "ci": "True", "model_used": "Linear (Fast) (Fallback: ARIMA runtime failure)", "fallback": "True", "fallback_reason": "'numpy.ndarray' object has no attribute 'iloc'"}, "anomaly": {"engine": "IsolationForest", "status": "OK", "contamination": "0.08", "anomalies": "12", "rows": "145"}, "clusters": {"algorithm": "KMeans", "status": "OK", "k": "5", "clusters": "5", "noise": "0"}, "supervised": {"status": "FAILED", "model_used": ""}}
2026-02-18 15:09:25,696 - INFO - Action: Filters Applied | User: anonymous | Details: Year: (2017, 2022), State: Rajasthan, District: ALL DISTRICTS, Category: ALL CATEGORIES, Pulse: True, Sensitivity: 1.0
2026-02-18 15:09:27,092 - INFO - Action: Forecast Run | User: anonymous | Details: {"model": "Linear (Fast)", "status": "OK", "mae": "795.60634920635", "mape": "3.0232604235756924", "r2": "0.02838558354721099", "ci": "True", "model_used": "Linear (Fast) (Fallback: ARIMA runtime failure)", "fallback": "True", "fallback_reason": "'numpy.ndarray' object has no attribute 'iloc'"}
2026-02-18 15:09:27,221 - INFO - Action: Anomaly Run | User: anonymous | Details: {"engine": "IsolationForest", "status": "OK", "contamination": "0.08", "anomalies": "1", "rows": "5"}
2026-02-18 15:09:27,262 - INFO - Action: Governance Panel Viewed | User: anonymous | Details: {"forecast_model": "Linear (Fast) (Fallback: ARIMA runtime failure)", "proxy_metrics": {"precision": NaN, "recall": NaN, "f1": NaN, "status": "EMPTY"}}
2026-02-18 15:09:27,468 - INFO - Action: Clustering Run | User: anonymous | Details: {"algorithm": "KMeans", "status": "OK", "k": "5", "clusters": "5", "noise": "0"}
2026-02-18 15:09:27,478 - INFO - Action: Dashboard Viewed | User: anonymous | Details: {"filters": {"year_range": [2017, 2022], "state": "Rajasthan", "district": "ALL DISTRICTS", "category": "ALL CATEGORIES"}, "live_pulse": true, "kpis": {"YEAR_MAX": "2022", "total_crimes": "169148", "critical_count": "0", "avg_risk": "42.62387950110691", "yoy_change": "4.253875276805486", "top_state_name": "Rajasthan", "top_district_name": "Ajmer"}, "forecast": {"model": "Linear (Fast)", "status": "OK", "mae": "795.60634920635", "mape": "3.0232604235756924", "r2": "0.02838558354721099", "ci": "True", "model_used": "Linear (Fast) (Fallback: ARIMA runtime failure)", "fallback": "True", "fallback_reason": "'numpy.ndarray' object has no attribute 'iloc'"}, "anomaly": {"engine": "IsolationForest", "status": "OK", "contamination": "0.08", "anomalies": "1", "rows": "5"}, "clusters": {"algorithm": "KMeans", "status": "OK", "k": "5", "clusters": "5", "noise": "0"}, "supervised": {"status": "INSUFFICIENT_DATA", "model_used": "None"}}
2026-02-18 15:09:30,572 - INFO - Action: Filters Applied | User: anonymous | Details: Year: (2017, 2022), State: Rajasthan, District: ALL DISTRICTS, Category: ALL CATEGORIES, Pulse: True, Sensitivity: 1.0
2026-02-18 15:09:31,863 - INFO - Action: Forecast Run | User: anonymous | Details: {"model": "Linear (Fast)", "status": "OK", "mae": "810.5555555556299", "mape": "2.9100807159029074", "r2": "0.16763881288698212", "ci": "True", "model_used": "Linear (Fast) (Fallback: ARIMA runtime failure)", "fallback": "True", "fallback_reason": "LU decomposition error."}
2026-02-18 15:09:32,031 - INFO - Action: Anomaly Run | User: anonymous | Details: {"engine": "IsolationForest", "status": "OK", "contamination": "0.08", "anomalies": "1", "rows": "5"}
2026-02-18 15:09:32,128 - INFO - Action: Governance Panel Viewed | User: anonymous | Details: {"forecast_model": "Linear (Fast) (Fallback: ARIMA runtime failure)", "proxy_metrics": {"precision": 0.0, "recall": 0.0, "f1": 0.0, "status": "OK"}}
2026-02-18 15:09:32,308 - INFO - Action: Clustering Run | User: anonymous | Details: {"algorithm": "KMeans", "status": "OK", "k": "5", "clusters": "5", "noise": "0"}
2026-02-18 15:09:32,320 - INFO - Action: Dashboard Viewed | User: anonymous | Details: {"filters": {"year_range": [2017, 2022], "state": "Rajasthan", "district": "ALL DISTRICTS", "category": "ALL CATEGORIES"}, "live_pulse": true, "kpis": {"YEAR_MAX": "2022", "total_crimes": "169148", "critical_count": "1", "avg_risk": "52.94659926953385", "yoy_change": "4.253875276805486", "top_state_name": "Rajasthan", "top_district_name": "Ajmer"}, "forecast": {"model": "Linear (Fast)", "status": "OK", "mae": "810.5555555556299", "mape": "2.9100807159029074", "r2": "0.16763881288698212", "ci": "True", "model_used": "Linear (Fast) (Fallback: ARIMA runtime failure)", "fallback": "True", "fallback_reason": "LU decomposition error."}, "anomaly": {"engine": "IsolationForest", "status": "OK", "contamination": "0.08", "anomalies": "1", "rows": "5"}, "clusters": {"algorithm": "KMeans", "status": "OK", "k": "5", "clusters": "5", "noise": "0"}, "supervised": {"status": "INSUFFICIENT_DATA", "model_used": "None"}}
2026-02-18 15:09:51,111 - INFO - Action: Filters Applied | User: anonymous | Details: Year: (2017, 2022), State: ALL STATES, District: ALL DISTRICTS, Category: ALL CATEGORIES, Pulse: True, Sensitivity: 1.0
2026-02-18 15:09:52,606 - INFO - Action: Forecast Run | User: anonymous | Details: {"model": "Linear (Fast)", "status": "OK", "mae": "15861.444444446513", "mape": "2.0439870950305257", "r2": "0.6872888548298544", "ci": "True", "model_used": "Linear (Fast) (Fallback: ARIMA runtime failure)", "fallback": "True", "fallback_reason": "'numpy.ndarray' object has no attribute 'iloc'"}
2026-02-18 15:09:52,812 - INFO - Action: Anomaly Run | User: anonymous | Details: {"engine": "IsolationForest", "status": "OK", "contamination": "0.08", "anomalies": "12", "rows": "145"}
2026-02-18 15:09:52,907 - INFO - Action: Governance Panel Viewed | User: anonymous | Details: {"forecast_model": "Linear (Fast) (Fallback: ARIMA runtime failure)", "proxy_metrics": {"precision": 0.16666666666666666, "recall": 1.0, "f1": 0.2857142857142857, "status": "OK"}}
2026-02-18 15:09:53,115 - INFO - Action: Clustering Run | User: anonymous | Details: {"algorithm": "KMeans", "status": "OK", "k": "5", "clusters": "5", "noise": "0"}
2026-02-18 15:09:53,200 - INFO - Action: Dashboard Viewed | User: anonymous | Details: {"filters": {"year_range": [2017, 2022], "state": "ALL STATES", "district": "ALL DISTRICTS", "category": "ALL CATEGORIES"}, "live_pulse": true, "kpis": {"YEAR_MAX": "2022", "total_crimes": "4927947", "critical_count": "0", "avg_risk": "35.67966972721956", "yoy_change": "4.769510812518025", "top_state_name": "Uttar Pradesh", "top_district_name": "Udaipur"}, "forecast": {"model": "Linear (Fast)", "status": "OK", "mae": "15861.444444446513", "mape": "2.0439870950305257", "r2": "0.6872888548298544", "ci": "True", "model_used": "Linear (Fast) (Fallback: ARIMA runtime failure)", "fallback": "True", "fallback_reason": "'numpy.ndarray' object has no attribute 'iloc'"}, "anomaly": {"engine": "IsolationForest", "status": "OK", "contamination": "0.08", "anomalies": "12", "rows": "145"}, "clusters": {"algorithm": "KMeans", "status": "OK", "k": "5", "clusters": "5", "noise": "0"}, "supervised": {"status": "FAILED", "model_used": ""}}
2026-02-18 15:09:57,856 - INFO - Action: Filters Applied | User: anonymous | Details: Year: (2017, 2022), State: Delhi, District: ALL DISTRICTS, Category: ALL CATEGORIES, Pulse: True, Sensitivity: 1.0
2026-02-18 15:09:59,129 - INFO - Action: Forecast Run | User: anonymous | Details: {"model": "Linear (Fast)", "status": "OK", "mae": "1247.8476190476213", "mape": "4.547216264327971", "r2": "0.36827098401364555", "ci": "True", "model_used": "Linear (Fast) (Fallback: ARIMA runtime failure)", "fallback": "True", "fallback_reason": "'numpy.ndarray' object has no attribute 'iloc'"}
2026-02-18 15:09:59,263 - INFO - Action: Anomaly Run | User: anonymous | Details: {"engine": "IsolationForest", "status": "OK", "contamination": "0.08", "anomalies": "1", "rows": "5"}
2026-02-18 15:09:59,302 - INFO - Action: Governance Panel Viewed | User: anonymous | Details: {"forecast_model": "Linear (Fast) (Fallback: ARIMA runtime failure)", "proxy_metrics": {"precision": NaN, "recall": NaN, "f1": NaN, "status": "EMPTY"}}
2026-02-18 15:09:59,494 - INFO - Action: Clustering Run | User: anonymous | Details: {"algorithm": "KMeans", "status": "OK", "k": "5", "clusters": "5", "noise": "0"}
2026-02-18 15:09:59,510 - INFO - Action: Dashboard Viewed | User: anonymous | Details: {"filters": {"year_range": [2017, 2022], "state": "Delhi", "district": "ALL DISTRICTS", "category": "ALL CATEGORIES"}, "live_pulse": true, "kpis": {"YEAR_MAX": "2022", "total_crimes": "168679", "critical_count": "0", "avg_risk": "41.42040650992776", "yoy_change": "-3.3218594392273504", "top_state_name": "Delhi", "top_district_name": "New Delhi"}, "forecast": {"model": "Linear (Fast)", "status": "OK", "mae": "1247.8476190476213", "mape": "4.547216264327971", "r2": "0.36827098401364555", "ci": "True", "model_used": "Linear (Fast) (Fallback: ARIMA runtime failure)", "fallback": "True", "fallback_reason": "'numpy.ndarray' object has no attribute 'iloc'"}, "anomaly": {"engine": "IsolationForest", "status": "OK", "contamination": "0.08", "anomalies": "1", "rows": "5"}, "clusters": {"algorithm": "KMeans", "status": "OK", "k": "5", "clusters": "5", "noise": "0"}, "supervised": {"status": "INSUFFICIENT_DATA", "model_used": "None"}}
2026-02-18 15:10:18,402 - INFO - Action: Filters Applied | User: anonymous | Details: Year: (2017, 2022), State: Telangana, District: ALL DISTRICTS, Category: ALL CATEGORIES, Pulse: True, Sensitivity: 1.0
2026-02-18 15:10:19,797 - INFO - Action: Forecast Run | User: anonymous | Details: {"model": "Linear (Fast)", "status": "OK", "mae": "1415.1968253966577", "mape": "5.39304454486424", "r2": "0.6148920959821776", "ci": "True", "model_used": "Linear (Fast) (Fallback: ARIMA runtime failure)", "fallback": "True", "fallback_reason": "'numpy.ndarray' object has no attribute 'iloc'"}
2026-02-18 15:10:19,942 - INFO - Action: Anomaly Run | User: anonymous | Details: {"engine": "IsolationForest", "status": "OK", "contamination": "0.08", "anomalies": "1", "rows": "5"}
2026-02-18 15:10:19,990 - INFO - Action: Governance Panel Viewed | User: anonymous | Details: {"forecast_model": "Linear (Fast) (Fallback: ARIMA runtime failure)", "proxy_metrics": {"precision": NaN, "recall": NaN, "f1": NaN, "status": "EMPTY"}}
2026-02-18 15:10:20,187 - INFO - Action: Clustering Run | User: anonymous | Details: {"algorithm": "KMeans", "status": "OK", "k": "5", "clusters": "5", "noise": "0"}
2026-02-18 15:10:20,201 - INFO - Action: Dashboard Viewed | User: anonymous | Details: {"filters": {"year_range": [2017, 2022], "state": "Telangana", "district": "ALL DISTRICTS", "category": "ALL CATEGORIES"}, "live_pulse": true, "kpis": {"YEAR_MAX": "2022", "total_crimes": "164084", "critical_count": "0", "avg_risk": "52.72576434830014", "yoy_change": "4.231497767555135", "top_state_name": "Telangana", "top_district_name": "Karimnagar"}, "forecast": {"model": "Linear (Fast)", "status": "OK", "mae": "1415.1968253966577", "mape": "5.39304454486424", "r2": "0.6148920959821776", "ci": "True", "model_used": "Linear (Fast) (Fallback: ARIMA runtime failure)", "fallback": "True", "fallback_reason": "'numpy.ndarray' object has no attribute 'iloc'"}, "anomaly": {"engine": "IsolationForest", "status": "OK", "contamination": "0.08", "anomalies": "1", "rows": "5"}, "clusters": {"algorithm": "KMeans", "status": "OK", "k": "5", "clusters": "5", "noise": "0"}, "supervised": {"status": "INSUFFICIENT_DATA", "model_used": "None"}}
2026-02-18 15:10:29,017 - INFO - Action: Filters Applied | User: anonymous | Details: Year: (2017, 2022), State: Telangana, District: ALL DISTRICTS, Category: ALL CATEGORIES, Pulse: True, Sensitivity: 1.0
2026-02-18 15:10:30,458 - INFO - Action: Forecast Run | User: anonymous | Details: {"model": "Linear (Fast)", "status": "OK", "mae": "1383.3428571426", "mape": "5.242678049304541", "r2": "0.6344010446408088", "ci": "True", "model_used": "Linear (Fast) (Fallback: ARIMA runtime failure)", "fallback": "True", "fallback_reason": "'numpy.ndarray' object has no attribute 'iloc'"}
2026-02-18 15:10:30,587 - INFO - Action: Anomaly Run | User: anonymous | Details: {"engine": "IsolationForest", "status": "OK", "contamination": "0.08", "anomalies": "1", "rows": "5"}
2026-02-18 15:10:30,633 - INFO - Action: Governance Panel Viewed | User: anonymous | Details: {"forecast_model": "Linear (Fast) (Fallback: ARIMA runtime failure)", "proxy_metrics": {"precision": NaN, "recall": NaN, "f1": NaN, "status": "EMPTY"}}
2026-02-18 15:10:30,867 - INFO - Action: Clustering Run | User: anonymous | Details: {"algorithm": "KMeans", "status": "OK", "k": "5", "clusters": "5", "noise": "0"}
2026-02-18 15:10:30,879 - INFO - Action: Dashboard Viewed | User: anonymous | Details: {"filters": {"year_range": [2017, 2022], "state": "Telangana", "district": "ALL DISTRICTS", "category": "ALL CATEGORIES"}, "live_pulse": true, "kpis": {"YEAR_MAX": "2022", "total_crimes": "164084", "critical_count": "0", "avg_risk": "53.90673271503418", "yoy_change": "4.231497767555135", "top_state_name": "Telangana", "top_district_name": "Karimnagar"}, "forecast": {"model": "Linear (Fast)", "status": "OK", "mae": "1383.3428571426", "mape": "5.242678049304541", "r2": "0.6344010446408088", "ci": "True", "model_used": "Linear (Fast) (Fallback: ARIMA runtime failure)", "fallback": "True", "fallback_reason": "'numpy.ndarray' object has no attribute 'iloc'"}, "anomaly": {"engine": "IsolationForest", "status": "OK", "contamination": "0.08", "anomalies": "1", "rows": "5"}, "clusters": {"algorithm": "KMeans", "status": "OK", "k": "5", "clusters": "5", "noise": "0"}, "supervised": {"status": "INSUFFICIENT_DATA", "model_used": "None"}}
2026-02-19 22:27:34,668 - INFO - Action: Data Loaded | User: anonymous | Details: Records: 8,700 | Years: 2017-2022
2026-02-19 22:27:34,766 - INFO - Action: Filters Applied | User: anonymous | Details: Year: (2017, 2022), State: ALL STATES, District: ALL DISTRICTS, Category: ALL CATEGORIES, Pulse: True, Sensitivity: 1.0
2026-02-19 22:27:57,078 - INFO - Action: Forecast Run | User: anonymous | Details: {"model": "Linear (Fast)", "status": "OK", "mae": "19434.000000004966", "mape": "2.166688901053387", "r2": "0.893741180803518", "ci": "True", "model_used": "Linear (Fast) (Fallback: ARIMA runtime failure)", "fallback": "True", "fallback_reason": "'numpy.ndarray' object has no attribute 'iloc'"}
2026-02-19 22:27:57,438 - INFO - Action: Anomaly Run | User: anonymous | Details: {"engine": "IsolationForest", "status": "OK", "contamination": "0.08", "anomalies": "12", "rows": "145"}
2026-02-19 22:27:57,770 - INFO - Action: Supervised Model Run | User: anonymous | Details: {"model_used": "RandomForest", "accuracy": 0.68125, "labels": ["CRITICAL \ud83d\udd34", "HIGH \ud83d\udfe0", "LOW \ud83d\udfe2", "MEDIUM \ud83d\udfe1"]}
2026-02-19 22:27:57,858 - INFO - Action: Governance Panel Viewed | User: anonymous | Details: {"forecast_model": "Linear (Fast) (Fallback: ARIMA runtime failure)", "proxy_metrics": {"precision": 0.25, "recall": 0.15, "f1": 0.18749999999999997, "status": "OK"}}
2026-02-19 22:27:58,198 - INFO - Action: Clustering Run | User: anonymous | Details: {"algorithm": "KMeans", "status": "OK", "k": "5", "clusters": "5", "noise": "0"}
2026-02-19 22:27:58,353 - INFO - Action: Dashboard Viewed | User: anonymous | Details: {"filters": {"year_range": [2017, 2022], "state": "ALL STATES", "district": "ALL DISTRICTS", "category": "ALL CATEGORIES"}, "live_pulse": true, "kpis": {"YEAR_MAX": "2022", "total_crimes": "4927947", "critical_count": "1", "avg_risk": "43.59010339972385", "yoy_change": "4.769510812518025", "top_state_name": "Uttar Pradesh", "top_district_name": "Udaipur"}, "forecast": {"model": "Linear (Fast)", "status": "OK", "mae": "19434.000000004966", "mape": "2.166688901053387", "r2": "0.893741180803518", "ci": "True", "model_used": "Linear (Fast) (Fallback: ARIMA runtime failure)", "fallback": "True", "fallback_reason": "'numpy.ndarray' object has no attribute 'iloc'"}, "anomaly": {"engine": "IsolationForest", "status": "OK", "contamination": "0.08", "anomalies": "12", "rows": "145"}, "clusters": {"algorithm": "KMeans", "status": "OK", "k": "5", "clusters": "5", "noise": "0"}, "supervised": {"status": "OK", "model_used": "RandomForest"}}
2026-02-19 22:28:15,012 - INFO - Action: Filters Applied | User: anonymous | Details: Year: (2017, 2022), State: Andhra Pradesh, District: ALL DISTRICTS, Category: ALL CATEGORIES, Pulse: True, Sensitivity: 1.0
2026-02-19 22:28:18,233 - INFO - Action: Forecast Run | User: anonymous | Details: {"model": "Linear (Fast)", "status": "OK", "mae": "1778.6285714286303", "mape": "6.314656218716273", "r2": "0.10840460290806708", "ci": "True", "model_used": "Linear (Fast) (Fallback: ARIMA runtime failure)", "fallback": "True", "fallback_reason": "'numpy.ndarray' object has no attribute 'iloc'"}
2026-02-19 22:28:18,516 - INFO - Action: Anomaly Run | User: anonymous | Details: {"engine": "IsolationForest", "status": "OK", "contamination": "0.08", "anomalies": "1", "rows": "5"}
2026-02-19 22:28:18,619 - INFO - Action: Governance Panel Viewed | User: anonymous | Details: {"forecast_model": "Linear (Fast) (Fallback: ARIMA runtime failure)", "proxy_metrics": {"precision": NaN, "recall": NaN, "f1": NaN, "status": "EMPTY"}}
2026-02-19 22:28:19,058 - INFO - Action: Clustering Run | User: anonymous | Details: {"algorithm": "KMeans", "status": "OK", "k": "5", "clusters": "5", "noise": "0"}
2026-02-19 22:28:19,097 - INFO - Action: Dashboard Viewed | User: anonymous | Details: {"filters": {"year_range": [2017, 2022], "state": "Andhra Pradesh", "district": "ALL DISTRICTS", "category": "ALL CATEGORIES"}, "live_pulse": true, "kpis": {"YEAR_MAX": "2022", "total_crimes": "172188", "critical_count": "0", "avg_risk": "40.289353369107296", "yoy_change": "-10.697205322575398", "top_state_name": "Andhra Pradesh", "top_district_name": "Guntur"}, "forecast": {"model": "Linear (Fast)", "status": "OK", "mae": "1778.6285714286303", "mape": "6.314656218716273", "r2": "0.10840460290806708", "ci": "True", "model_used": "Linear (Fast) (Fallback: ARIMA runtime failure)", "fallback": "True", "fallback_reason": "'numpy.ndarray' object has no attribute 'iloc'"}, "anomaly": {"engine": "IsolationForest", "status": "OK", "contamination": "0.08", "anomalies": "1", "rows": "5"}, "clusters": {"algorithm": "KMeans", "status": "OK", "k": "5", "clusters": "5", "noise": "0"}, "supervised": {"status": "INSUFFICIENT_DATA", "model_used": "None"}}
2026-02-19 22:58:25,295 - INFO - Action: Data Loaded | User: anonymous | Details: Records: 8,700 | Years: 2017-2022
2026-02-19 22:58:25,349 - INFO - Action: Filters Applied | User: anonymous | Details: Year: (2017, 2022), State: ALL STATES, District: ALL DISTRICTS, Category: ALL CATEGORIES, Pulse: True, Sensitivity: 1.0
2026-02-19 22:58:29,402 - INFO - Action: Forecast Run | User: anonymous | Details: {"model": "Linear (Fast)", "status": "OK", "mae": "13555.55555555597", "mape": "1.731036834720708", "r2": "0.7906501257668275", "ci": "True", "model_used": "Linear (Fast) (Fallback: ARIMA runtime failure)", "fallback": "True", "fallback_reason": "'numpy.ndarray' object has no attribute 'iloc'"}
2026-02-19 22:58:29,624 - INFO - Action: Anomaly Run | User: anonymous | Details: {"engine": "IsolationForest", "status": "OK", "contamination": "0.08", "anomalies": "12", "rows": "145"}
2026-02-19 22:58:29,772 - INFO - Action: Governance Panel Viewed | User: anonymous | Details: {"forecast_model": "Linear (Fast) (Fallback: ARIMA runtime failure)", "proxy_metrics": {"precision": 0.25, "recall": 1.0, "f1": 0.4, "status": "OK"}}
2026-02-19 22:58:29,985 - INFO - Action: Clustering Run | User: anonymous | Details: {"algorithm": "KMeans", "status": "OK", "k": "5", "clusters": "5", "noise": "0"}
2026-02-19 22:58:30,087 - INFO - Action: Dashboard Viewed | User: anonymous | Details: {"filters": {"year_range": [2017, 2022], "state": "ALL STATES", "district": "ALL DISTRICTS", "category": "ALL CATEGORIES"}, "live_pulse": true, "kpis": {"YEAR_MAX": "2022", "total_crimes": "4927947", "critical_count": "0", "avg_risk": "36.26651520703246", "yoy_change": "4.769510812518025", "top_state_name": "Uttar Pradesh", "top_district_name": "Udaipur"}, "forecast": {"model": "Linear (Fast)", "status": "OK", "mae": "13555.55555555597", "mape": "1.731036834720708", "r2": "0.7906501257668275", "ci": "True", "model_used": "Linear (Fast) (Fallback: ARIMA runtime failure)", "fallback": "True", "fallback_reason": "'numpy.ndarray' object has no attribute 'iloc'"}, "anomaly": {"engine": "IsolationForest", "status": "OK", "contamination": "0.08", "anomalies": "12", "rows": "145"}, "clusters": {"algorithm": "KMeans", "status": "OK", "k": "5", "clusters": "5", "noise": "0"}, "supervised": {"status": "FAILED", "model_used": ""}}
2026-02-19 22:58:35,563 - INFO - Action: Filters Applied | User: anonymous | Details: Year: (2017, 2022), State: Andhra Pradesh, District: ALL DISTRICTS, Category: ALL CATEGORIES, Pulse: True, Sensitivity: 1.0
2026-02-19 22:58:37,188 - INFO - Action: Forecast Run | User: anonymous | Details: {"model": "Linear (Fast)", "status": "OK", "mae": "1470.2857142858363", "mape": "4.996831142680496", "r2": "0.3361857581326545", "ci": "True", "model_used": "Linear (Fast) (Fallback: ARIMA runtime failure)", "fallback": "True", "fallback_reason": "'numpy.ndarray' object has no attribute 'iloc'"}
2026-02-19 22:58:37,327 - INFO - Action: Anomaly Run | User: anonymous | Details: {"engine": "IsolationForest", "status": "OK", "contamination": "0.08", "anomalies": "1", "rows": "5"}
2026-02-19 22:58:37,381 - INFO - Action: Governance Panel Viewed | User: anonymous | Details: {"forecast_model": "Linear (Fast) (Fallback: ARIMA runtime failure)", "proxy_metrics": {"precision": NaN, "recall": NaN, "f1": NaN, "status": "EMPTY"}}
2026-02-19 22:58:37,600 - INFO - Action: Clustering Run | User: anonymous | Details: {"algorithm": "KMeans", "status": "OK", "k": "5", "clusters": "5", "noise": "0"}
2026-02-19 22:58:37,620 - INFO - Action: Dashboard Viewed | User: anonymous | Details: {"filters": {"year_range": [2017, 2022], "state": "Andhra Pradesh", "district": "ALL DISTRICTS", "category": "ALL CATEGORIES"}, "live_pulse": true, "kpis": {"YEAR_MAX": "2022", "total_crimes": "172188", "critical_count": "0", "avg_risk": "47.01781653762022", "yoy_change": "-10.697205322575398", "top_state_name": "Andhra Pradesh", "top_district_name": "Guntur"}, "forecast": {"model": "Linear (Fast)", "status": "OK", "mae": "1470.2857142858363", "mape": "4.996831142680496", "r2": "0.3361857581326545", "ci": "True", "model_used": "Linear (Fast) (Fallback: ARIMA runtime failure)", "fallback": "True", "fallback_reason": "'numpy.ndarray' object has no attribute 'iloc'"}, "anomaly": {"engine": "IsolationForest", "status": "OK", "contamination": "0.08", "anomalies": "1", "rows": "5"}, "clusters": {"algorithm": "KMeans", "status": "OK", "k": "5", "clusters": "5", "noise": "0"}, "supervised": {"status": "INSUFFICIENT_DATA", "model_used": "None"}}
2026-02-19 23:56:08,479 - INFO - Action: Data Loaded | User: anonymous | Details: Records: 8,700 | Years: 2017-2022
2026-02-19 23:56:08,522 - INFO - Action: Filters Applied | User: anonymous | Details: Year: (2017, 2022), State: ALL STATES, District: ALL DISTRICTS, Category: ALL CATEGORIES, Pulse: True, Sensitivity: 1.0
2026-02-19 23:56:14,021 - INFO - Action: Forecast Run | User: anonymous | Details: {"model": "Linear (Fast)", "status": "OK", "mae": "22014.523809524875", "mape": "2.4324012375061552", "r2": "0.8774188659295881", "ci": "True", "model_used": "Linear (Fast) (Fallback: ARIMA runtime failure)", "fallback": "True", "fallback_reason": "'numpy.ndarray' object has no attribute 'iloc'"}
2026-02-19 23:56:14,211 - INFO - Action: Anomaly Run | User: anonymous | Details: {"engine": "IsolationForest", "status": "OK", "contamination": "0.08", "anomalies": "12", "rows": "145"}
2026-02-19 23:56:14,371 - INFO - Action: Supervised Model Run | User: anonymous | Details: {"model_used": "RandomForest", "accuracy": 0.675, "labels": ["CRITICAL \ud83d\udd34", "HIGH \ud83d\udfe0", "LOW \ud83d\udfe2", "MEDIUM \ud83d\udfe1"]}
2026-02-19 23:56:14,414 - INFO - Action: Governance Panel Viewed | User: anonymous | Details: {"forecast_model": "Linear (Fast) (Fallback: ARIMA runtime failure)", "proxy_metrics": {"precision": 0.25, "recall": 0.15, "f1": 0.18749999999999997, "status": "OK"}}
2026-02-19 23:56:14,602 - INFO - Action: Clustering Run | User: anonymous | Details: {"algorithm": "KMeans", "status": "OK", "k": "5", "clusters": "5", "noise": "0"}
2026-02-19 23:56:14,698 - INFO - Action: Dashboard Viewed | User: anonymous | Details: {"filters": {"year_range": [2017, 2022], "state": "ALL STATES", "district": "ALL DISTRICTS", "category": "ALL CATEGORIES"}, "live_pulse": true, "kpis": {"YEAR_MAX": "2022", "total_crimes": "4927947", "critical_count": "1", "avg_risk": "44.10413240083972", "yoy_change": "4.769510812518025", "top_state_name": "Uttar Pradesh", "top_district_name": "Udaipur"}, "forecast": {"model": "Linear (Fast)", "status": "OK", "mae": "22014.523809524875", "mape": "2.4324012375061552", "r2": "0.8774188659295881", "ci": "True", "model_used": "Linear (Fast) (Fallback: ARIMA runtime failure)", "fallback": "True", "fallback_reason": "'numpy.ndarray' object has no attribute 'iloc'"}, "anomaly": {"engine": "IsolationForest", "status": "OK", "contamination": "0.08", "anomalies": "12", "rows": "145"}, "clusters": {"algorithm": "KMeans", "status": "OK", "k": "5", "clusters": "5", "noise": "0"}, "supervised": {"status": "OK", "model_used": "RandomForest"}}
2026-02-19 23:56:52,868 - INFO - Action: Filters Applied | User: anonymous | Details: Year: (2017, 2022), State: Arunachal Pradesh, District: ALL DISTRICTS, Category: ALL CATEGORIES, Pulse: True, Sensitivity: 1.0
2026-02-19 23:56:54,546 - INFO - Action: Forecast Run | User: anonymous | Details: {"model": "Linear (Fast)", "status": "OK", "mae": "1996.2222222221899", "mape": "7.805540414096917", "r2": "0.05625563920489063", "ci": "True", "model_used": "Linear (Fast) (Fallback: ARIMA runtime failure)", "fallback": "True", "fallback_reason": "'numpy.ndarray' object has no attribute 'iloc'"}
2026-02-19 23:56:54,735 - INFO - Action: Anomaly Run | User: anonymous | Details: {"engine": "IsolationForest", "status": "OK", "contamination": "0.08", "anomalies": "1", "rows": "5"}
2026-02-19 23:56:54,832 - INFO - Action: Governance Panel Viewed | User: anonymous | Details: {"forecast_model": "Linear (Fast) (Fallback: ARIMA runtime failure)", "proxy_metrics": {"precision": NaN, "recall": NaN, "f1": NaN, "status": "EMPTY"}}
2026-02-19 23:56:55,043 - INFO - Action: Clustering Run | User: anonymous | Details: {"algorithm": "KMeans", "status": "OK", "k": "5", "clusters": "5", "noise": "0"}
2026-02-19 23:56:55,060 - INFO - Action: Dashboard Viewed | User: anonymous | Details: {"filters": {"year_range": [2017, 2022], "state": "Arunachal Pradesh", "district": "ALL DISTRICTS", "category": "ALL CATEGORIES"}, "live_pulse": true, "kpis": {"YEAR_MAX": "2022", "total_crimes": "161275", "critical_count": "0", "avg_risk": "43.37544462251915", "yoy_change": "-4.751213391884307", "top_state_name": "Arunachal Pradesh", "top_district_name": "Bomdila"}, "forecast": {"model": "Linear (Fast)", "status": "OK", "mae": "1996.2222222221899", "mape": "7.805540414096917", "r2": "0.05625563920489063", "ci": "True", "model_used": "Linear (Fast) (Fallback: ARIMA runtime failure)", "fallback": "True", "fallback_reason": "'numpy.ndarray' object has no attribute 'iloc'"}, "anomaly": {"engine": "IsolationForest", "status": "OK", "contamination": "0.08", "anomalies": "1", "rows": "5"}, "clusters": {"algorithm": "KMeans", "status": "OK", "k": "5", "clusters": "5", "noise": "0"}, "supervised": {"status": "INSUFFICIENT_DATA", "model_used": "None"}}
2026-02-20 00:41:56,759 - INFO - Action: Data Loaded | User: anonymous | Details: Records: 8,700 | Years: 2017-2022
2026-02-20 00:41:56,767 - INFO - Action: Cache Cleared | User: anonymous | Details: Stale cached dataset detected vs canonical coverage
2026-02-20 00:41:57,524 - INFO - Action: Data Loaded | User: anonymous | Details: Records: 8,700 | Years: 2017-2022
2026-02-20 00:41:57,553 - INFO - Action: Filters Applied | User: anonymous | Details: Year: (2017, 2022), State: ALL STATES, District: ALL DISTRICTS, Category: ALL CATEGORIES, Pulse: True, Sensitivity: 1.0
2026-02-20 00:42:00,998 - INFO - Action: Forecast Run | User: anonymous | Details: {"model": "Linear (Fast)", "status": "OK", "mae": "7617.88888889427", "mape": "0.9571592103531302", "r2": "0.9533728403685762", "ci": "True", "model_used": "Linear (Fast) (Fallback: ARIMA runtime failure)", "fallback": "True", "fallback_reason": "'numpy.ndarray' object has no attribute 'iloc'"}
2026-02-20 00:42:01,180 - INFO - Action: Anomaly Run | User: anonymous | Details: {"engine": "IsolationForest", "status": "OK", "contamination": "0.08", "anomalies": "12", "rows": "145"}
2026-02-20 00:42:01,292 - INFO - Action: Governance Panel Viewed | User: anonymous | Details: {"forecast_model": "Linear (Fast) (Fallback: ARIMA runtime failure)", "proxy_metrics": {"precision": 0.25, "recall": 0.75, "f1": 0.375, "status": "OK"}}
2026-02-20 00:42:01,454 - INFO - Action: Clustering Run | User: anonymous | Details: {"algorithm": "KMeans", "status": "OK", "k": "5", "clusters": "5", "noise": "0"}
2026-02-20 00:42:01,536 - INFO - Action: Dashboard Viewed | User: anonymous | Details: {"filters": {"year_range": [2017, 2022], "state": "ALL STATES", "district": "ALL DISTRICTS", "category": "ALL CATEGORIES"}, "live_pulse": true, "kpis": {"YEAR_MAX": "2022", "total_crimes": "4927947", "critical_count": "0", "avg_risk": "37.73017325442478", "yoy_change": "4.769510812518025", "top_state_name": "Uttar Pradesh", "top_district_name": "Udaipur"}, "forecast": {"model": "Linear (Fast)", "status": "OK", "mae": "7617.88888889427", "mape": "0.9571592103531302", "r2": "0.9533728403685762", "ci": "True", "model_used": "Linear (Fast) (Fallback: ARIMA runtime failure)", "fallback": "True", "fallback_reason": "'numpy.ndarray' object has no attribute 'iloc'"}, "anomaly": {"engine": "IsolationForest", "status": "OK", "contamination": "0.08", "anomalies": "12", "rows": "145"}, "clusters": {"algorithm": "KMeans", "status": "OK", "k": "5", "clusters": "5", "noise": "0"}, "supervised": {"status": "FAILED", "model_used": ""}}
2026-02-20 00:42:04,900 - INFO - Action: Cache Cleared | User: anonymous | Details: Stale cached dataset detected vs canonical coverage
2026-02-20 00:42:05,718 - INFO - Action: Data Loaded | User: anonymous | Details: Records: 8,700 | Years: 2017-2022
2026-02-20 00:42:05,749 - INFO - Action: Filters Applied | User: anonymous | Details: Year: (2017, 2022), State: Andhra Pradesh, District: ALL DISTRICTS, Category: ALL CATEGORIES, Pulse: True, Sensitivity: 1.0
2026-02-20 00:42:07,287 - INFO - Action: Forecast Run | User: anonymous | Details: {"model": "Linear (Fast)", "status": "OK", "mae": "1465.8349206349812", "mape": "4.979567012482536", "r2": "0.3402918609786544", "ci": "True", "model_used": "Linear (Fast) (Fallback: ARIMA runtime failure)", "fallback": "True", "fallback_reason": "'numpy.ndarray' object has no attribute 'iloc'"}
2026-02-20 00:42:07,442 - INFO - Action: Anomaly Run | User: anonymous | Details: {"engine": "IsolationForest", "status": "OK", "contamination": "0.08", "anomalies": "1", "rows": "5"}
2026-02-20 00:42:07,500 - INFO - Action: Governance Panel Viewed | User: anonymous | Details: {"forecast_model": "Linear (Fast) (Fallback: ARIMA runtime failure)", "proxy_metrics": {"precision": NaN, "recall": NaN, "f1": NaN, "status": "EMPTY"}}
2026-02-20 00:42:07,715 - INFO - Action: Clustering Run | User: anonymous | Details: {"algorithm": "KMeans", "status": "OK", "k": "5", "clusters": "5", "noise": "0"}
2026-02-20 00:42:07,730 - INFO - Action: Dashboard Viewed | User: anonymous | Details: {"filters": {"year_range": [2017, 2022], "state": "Andhra Pradesh", "district": "ALL DISTRICTS", "category": "ALL CATEGORIES"}, "live_pulse": true, "kpis": {"YEAR_MAX": "2022", "total_crimes": "172188", "critical_count": "0", "avg_risk": "47.09804115508756", "yoy_change": "-10.697205322575398", "top_state_name": "Andhra Pradesh", "top_district_name": "Guntur"}, "forecast": {"model": "Linear (Fast)", "status": "OK", "mae": "1465.8349206349812", "mape": "4.979567012482536", "r2": "0.3402918609786544", "ci": "True", "model_used": "Linear (Fast) (Fallback: ARIMA runtime failure)", "fallback": "True", "fallback_reason": "'numpy.ndarray' object has no attribute 'iloc'"}, "anomaly": {"engine": "IsolationForest", "status": "OK", "contamination": "0.08", "anomalies": "1", "rows": "5"}, "clusters": {"algorithm": "KMeans", "status": "OK", "k": "5", "clusters": "5", "noise": "0"}, "supervised": {"status": "INSUFFICIENT_DATA", "model_used": "None"}}
2026-02-20 00:42:26,944 - INFO - Action: Cache Cleared | User: anonymous | Details: Stale cached dataset detected vs canonical coverage
2026-02-20 00:42:27,661 - INFO - Action: Data Loaded | User: anonymous | Details: Records: 8,700 | Years: 2017-2022
2026-02-20 00:42:27,687 - INFO - Action: Filters Applied | User: anonymous | Details: Year: (2017, 2022), State: Sikkim, District: ALL DISTRICTS, Category: ALL CATEGORIES, Pulse: True, Sensitivity: 1.0
2026-02-20 00:42:29,039 - INFO - Action: Forecast Run | User: anonymous | Details: {"model": "Linear (Fast)", "status": "OK", "mae": "1631.4444444444332", "mape": "6.179309453963041", "r2": "0.005416882468708306", "ci": "True", "model_used": "Linear (Fast) (Fallback: ARIMA runtime failure)", "fallback": "True", "fallback_reason": "'numpy.ndarray' object has no attribute 'iloc'"}
2026-02-20 00:42:29,185 - INFO - Action: Anomaly Run | User: anonymous | Details: {"engine": "IsolationForest", "status": "OK", "contamination": "0.08", "anomalies": "1", "rows": "5"}
2026-02-20 00:42:29,236 - INFO - Action: Governance Panel Viewed | User: anonymous | Details: {"forecast_model": "Linear (Fast) (Fallback: ARIMA runtime failure)", "proxy_metrics": {"precision": NaN, "recall": NaN, "f1": NaN, "status": "EMPTY"}}
2026-02-20 00:42:29,443 - INFO - Action: Clustering Run | User: anonymous | Details: {"algorithm": "KMeans", "status": "OK", "k": "5", "clusters": "5", "noise": "0"}
2026-02-20 00:42:29,457 - INFO - Action: Dashboard Viewed | User: anonymous | Details: {"filters": {"year_range": [2017, 2022], "state": "Sikkim", "district": "ALL DISTRICTS", "category": "ALL CATEGORIES"}, "live_pulse": true, "kpis": {"YEAR_MAX": "2022", "total_crimes": "160546", "critical_count": "0", "avg_risk": "44.84389366765999", "yoy_change": "-3.4669289402507992", "top_state_name": "Sikkim", "top_district_name": "Gangtok"}, "forecast": {"model": "Linear (Fast)", "status": "OK", "mae": "1631.4444444444332", "mape": "6.179309453963041", "r2": "0.005416882468708306", "ci": "True", "model_used": "Linear (Fast) (Fallback: ARIMA runtime failure)", "fallback": "True", "fallback_reason": "'numpy.ndarray' object has no attribute 'iloc'"}, "anomaly": {"engine": "IsolationForest", "status": "OK", "contamination": "0.08", "anomalies": "1", "rows": "5"}, "clusters": {"algorithm": "KMeans", "status": "OK", "k": "5", "clusters": "5", "noise": "0"}, "supervised": {"status": "INSUFFICIENT_DATA", "model_used": "None"}}
2026-02-20 04:47:07,108 - INFO - Action: Data Loaded | User: anonymous | Details: Records: 8,700 | Years: 2017-2022
2026-02-20 04:47:07,163 - INFO - Action: Filters Applied | User: anonymous | Details: Year: (2017, 2022), State: ALL STATES, District: ALL DISTRICTS, Category: ALL CATEGORIES, Pulse: True, Sensitivity: 1.0
2026-02-20 04:47:11,610 - INFO - Action: Filters Applied | User: anonymous | Details: Year: (2017, 2022), State: Andhra Pradesh, District: ALL DISTRICTS, Category: ALL CATEGORIES, Pulse: True, Sensitivity: 1.0
2026-02-20 04:47:21,231 - INFO - Action: Forecast Run | User: anonymous | Details: {"model": "Linear (Fast)", "status": "OK", "mae": "1559.0730158731265", "mape": "5.35637616260784", "r2": "0.2647908532286827", "ci": "True", "model_used": "Linear (Fast) (Fallback: ARIMA runtime failure)", "fallback": "True", "fallback_reason": "'numpy.ndarray' object has no attribute 'iloc'"}
2026-02-20 04:47:21,375 - INFO - Action: Anomaly Run | User: anonymous | Details: {"engine": "IsolationForest", "status": "OK", "contamination": "0.08", "anomalies": "1", "rows": "5"}
2026-02-20 04:47:21,420 - INFO - Action: Governance Panel Viewed | User: anonymous | Details: {"forecast_model": "Linear (Fast) (Fallback: ARIMA runtime failure)", "proxy_metrics": {"precision": NaN, "recall": NaN, "f1": NaN, "status": "EMPTY"}}
2026-02-20 04:47:21,608 - INFO - Action: Clustering Run | User: anonymous | Details: {"algorithm": "KMeans", "status": "OK", "k": "5", "clusters": "5", "noise": "0"}
2026-02-20 04:47:21,621 - INFO - Action: Dashboard Viewed | User: anonymous | Details: {"filters": {"year_range": [2017, 2022], "state": "Andhra Pradesh", "district": "ALL DISTRICTS", "category": "ALL CATEGORIES"}, "live_pulse": true, "kpis": {"YEAR_MAX": "2022", "total_crimes": "172188", "critical_count": "0", "avg_risk": "45.14584906230836", "yoy_change": "-10.697205322575398", "top_state_name": "Andhra Pradesh", "top_district_name": "Guntur"}, "forecast": {"model": "Linear (Fast)", "status": "OK", "mae": "1559.0730158731265", "mape": "5.35637616260784", "r2": "0.2647908532286827", "ci": "True", "model_used": "Linear (Fast) (Fallback: ARIMA runtime failure)", "fallback": "True", "fallback_reason": "'numpy.ndarray' object has no attribute 'iloc'"}, "anomaly": {"engine": "IsolationForest", "status": "OK", "contamination": "0.08", "anomalies": "1", "rows": "5"}, "clusters": {"algorithm": "KMeans", "status": "OK", "k": "5", "clusters": "5", "noise": "0"}, "supervised": {"status": "INSUFFICIENT_DATA", "model_used": "None"}}
2026-02-20 22:31:47,635 - INFO - Action: Data Loaded | User: anonymous | Details: Records: 8,700 | Years: 2017-2022
2026-02-20 22:31:47,690 - INFO - Action: Filters Applied | User: anonymous | Details: Year: (2017, 2022), State: ALL STATES, District: ALL DISTRICTS, Category: ALL CATEGORIES, Pulse: True, Sensitivity: 1.0
2026-02-20 22:31:59,220 - INFO - Action: Forecast Run | User: anonymous | Details: {"model": "Linear (Fast)", "status": "OK", "mae": "8400.555555559695", "mape": "1.056586398799364", "r2": "0.9402012505120914", "ci": "True", "model_used": "Linear (Fast) (Fallback: ARIMA runtime failure)", "fallback": "True", "fallback_reason": "'numpy.ndarray' object has no attribute 'iloc'"}
2026-02-20 22:31:59,417 - INFO - Action: Anomaly Run | User: anonymous | Details: {"engine": "IsolationForest", "status": "OK", "contamination": "0.08", "anomalies": "12", "rows": "145"}
2026-02-20 22:31:59,541 - INFO - Action: Governance Panel Viewed | User: anonymous | Details: {"forecast_model": "Linear (Fast) (Fallback: ARIMA runtime failure)", "proxy_metrics": {"precision": 0.25, "recall": 0.75, "f1": 0.375, "status": "OK"}}
2026-02-20 22:31:59,727 - INFO - Action: Clustering Run | User: anonymous | Details: {"algorithm": "KMeans", "status": "OK", "k": "5", "clusters": "5", "noise": "0"}
2026-02-20 22:31:59,817 - INFO - Action: Dashboard Viewed | User: anonymous | Details: {"filters": {"year_range": [2017, 2022], "state": "ALL STATES", "district": "ALL DISTRICTS", "category": "ALL CATEGORIES"}, "live_pulse": true, "kpis": {"YEAR_MAX": "2022", "total_crimes": "4927947", "critical_count": "0", "avg_risk": "37.522352463459754", "yoy_change": "4.769510812518025", "top_state_name": "Uttar Pradesh", "top_district_name": "Udaipur"}, "forecast": {"model": "Linear (Fast)", "status": "OK", "mae": "8400.555555559695", "mape": "1.056586398799364", "r2": "0.9402012505120914", "ci": "True", "model_used": "Linear (Fast) (Fallback: ARIMA runtime failure)", "fallback": "True", "fallback_reason": "'numpy.ndarray' object has no attribute 'iloc'"}, "anomaly": {"engine": "IsolationForest", "status": "OK", "contamination": "0.08", "anomalies": "12", "rows": "145"}, "clusters": {"algorithm": "KMeans", "status": "OK", "k": "5", "clusters": "5", "noise": "0"}, "supervised": {"status": "FAILED", "model_used": ""}}
2026-02-20 22:45:08,945 - INFO - Action: Filters Applied | User: anonymous | Details: Year: (2017, 2022), State: ALL STATES, District: ALL DISTRICTS, Category: ALL CATEGORIES, Pulse: True, Sensitivity: 1.0
2026-02-20 22:45:11,921 - INFO - Action: Forecast Run | User: anonymous | Details: {"model": "Linear (Fast)", "status": "OK", "mae": "21585.742857143283", "mape": "2.388591897909971", "r2": "0.8800454881503781", "ci": "True", "model_used": "Linear (Fast) (Fallback: ARIMA runtime failure)", "fallback": "True", "fallback_reason": "'numpy.ndarray' object has no attribute 'iloc'"}
2026-02-20 22:45:12,123 - INFO - Action: Anomaly Run | User: anonymous | Details: {"engine": "IsolationForest", "status": "OK", "contamination": "0.08", "anomalies": "12", "rows": "145"}
2026-02-20 22:45:12,282 - INFO - Action: Supervised Model Run | User: anonymous | Details: {"model_used": "RandomForest", "accuracy": 0.71875, "labels": ["CRITICAL \ud83d\udd34", "HIGH \ud83d\udfe0", "LOW \ud83d\udfe2", "MEDIUM \ud83d\udfe1"]}
2026-02-20 22:45:12,325 - INFO - Action: Governance Panel Viewed | User: anonymous | Details: {"forecast_model": "Linear (Fast) (Fallback: ARIMA runtime failure)", "proxy_metrics": {"precision": 0.25, "recall": 0.15, "f1": 0.18749999999999997, "status": "OK"}}
2026-02-20 22:45:12,517 - INFO - Action: Clustering Run | User: anonymous | Details: {"algorithm": "KMeans", "status": "OK", "k": "5", "clusters": "5", "noise": "0"}
2026-02-20 22:45:12,625 - INFO - Action: Dashboard Viewed | User: anonymous | Details: {"filters": {"year_range": [2017, 2022], "state": "ALL STATES", "district": "ALL DISTRICTS", "category": "ALL CATEGORIES"}, "live_pulse": true, "kpis": {"YEAR_MAX": "2022", "total_crimes": "4927947", "critical_count": "1", "avg_risk": "44.03331303563815", "yoy_change": "4.769510812518025", "top_state_name": "Uttar Pradesh", "top_district_name": "Udaipur"}, "forecast": {"model": "Linear (Fast)", "status": "OK", "mae": "21585.742857143283", "mape": "2.388591897909971", "r2": "0.8800454881503781", "ci": "True", "model_used": "Linear (Fast) (Fallback: ARIMA runtime failure)", "fallback": "True", "fallback_reason": "'numpy.ndarray' object has no attribute 'iloc'"}, "anomaly": {"engine": "IsolationForest", "status": "OK", "contamination": "0.08", "anomalies": "12", "rows": "145"}, "clusters": {"algorithm": "KMeans", "status": "OK", "k": "5", "clusters": "5", "noise": "0"}, "supervised": {"status": "OK", "model_used": "RandomForest"}}
2026-02-20 22:46:46,431 - INFO - Action: Filters Applied | User: anonymous | Details: Year: (2017, 2022), State: ALL STATES, District: ALL DISTRICTS, Category: ALL CATEGORIES, Pulse: True, Sensitivity: 1.0
2026-02-20 22:46:47,882 - INFO - Action: Forecast Run | User: anonymous | Details: {"model": "Linear (Fast)", "status": "OK", "mae": "4203.444444447756", "mape": "0.5313609919695621", "r2": "0.9870962238900088", "ci": "True", "model_used": "Linear (Fast) (Fallback: ARIMA runtime failure)", "fallback": "True", "fallback_reason": "'numpy.ndarray' object has no attribute 'iloc'"}
2026-02-20 22:46:48,083 - INFO - Action: Anomaly Run | User: anonymous | Details: {"engine": "IsolationForest", "status": "OK", "contamination": "0.08", "anomalies": "12", "rows": "145"}
2026-02-20 22:46:48,193 - INFO - Action: Governance Panel Viewed | User: anonymous | Details: {"forecast_model": "Linear (Fast) (Fallback: ARIMA runtime failure)", "proxy_metrics": {"precision": 0.25, "recall": 0.5, "f1": 0.3333333333333333, "status": "OK"}}
2026-02-20 22:46:48,378 - INFO - Action: Clustering Run | User: anonymous | Details: {"algorithm": "KMeans", "status": "OK", "k": "5", "clusters": "5", "noise": "0"}
2026-02-20 22:46:48,484 - INFO - Action: Dashboard Viewed | User: anonymous | Details: {"filters": {"year_range": [2017, 2022], "state": "ALL STATES", "district": "ALL DISTRICTS", "category": "ALL CATEGORIES"}, "live_pulse": true, "kpis": {"YEAR_MAX": "2022", "total_crimes": "4927947", "critical_count": "0", "avg_risk": "38.69027305315464", "yoy_change": "4.769510812518025", "top_state_name": "Uttar Pradesh", "top_district_name": "Udaipur"}, "forecast": {"model": "Linear (Fast)", "status": "OK", "mae": "4203.444444447756", "mape": "0.5313609919695621", "r2": "0.9870962238900088", "ci": "True", "model_used": "Linear (Fast) (Fallback: ARIMA runtime failure)", "fallback": "True", "fallback_reason": "'numpy.ndarray' object has no attribute 'iloc'"}, "anomaly": {"engine": "IsolationForest", "status": "OK", "contamination": "0.08", "anomalies": "12", "rows": "145"}, "clusters": {"algorithm": "KMeans", "status": "OK", "k": "5", "clusters": "5", "noise": "0"}, "supervised": {"status": "FAILED", "model_used": ""}}
2026-02-20 22:47:22,311 - INFO - Action: Data Loaded | User: anonymous | Details: Records: 8,700 | Years: 2017-2022
2026-02-20 22:47:22,380 - INFO - Action: Filters Applied | User: anonymous | Details: Year: (2017, 2022), State: ALL STATES, District: ALL DISTRICTS, Category: ALL CATEGORIES, Pulse: True, Sensitivity: 1.0
2026-02-20 22:47:26,359 - INFO - Action: Forecast Run | User: anonymous | Details: {"model": "Linear (Fast)", "status": "OK", "mae": "16596.222222226363", "mape": "2.145284885815212", "r2": "0.6506073495033984", "ci": "True", "model_used": "Linear (Fast) (Fallback: ARIMA runtime failure)", "fallback": "True", "fallback_reason": "'numpy.ndarray' object has no attribute 'iloc'"}
2026-02-20 22:47:26,541 - INFO - Action: Anomaly Run | User: anonymous | Details: {"engine": "IsolationForest", "status": "OK", "contamination": "0.08", "anomalies": "12", "rows": "145"}
2026-02-20 22:47:26,664 - INFO - Action: Governance Panel Viewed | User: anonymous | Details: {"forecast_model": "Linear (Fast) (Fallback: ARIMA runtime failure)", "proxy_metrics": {"precision": 0.16666666666666666, "recall": 1.0, "f1": 0.2857142857142857, "status": "OK"}}
2026-02-20 22:47:26,852 - INFO - Action: Clustering Run | User: anonymous | Details: {"algorithm": "KMeans", "status": "OK", "k": "5", "clusters": "5", "noise": "0"}
2026-02-20 22:47:26,942 - INFO - Action: Dashboard Viewed | User: anonymous | Details: {"filters": {"year_range": [2017, 2022], "state": "ALL STATES", "district": "ALL DISTRICTS", "category": "ALL CATEGORIES"}, "live_pulse": true, "kpis": {"YEAR_MAX": "2022", "total_crimes": "4927947", "critical_count": "0", "avg_risk": "35.49801758874225", "yoy_change": "4.769510812518025", "top_state_name": "Uttar Pradesh", "top_district_name": "Udaipur"}, "forecast": {"model": "Linear (Fast)", "status": "OK", "mae": "16596.222222226363", "mape": "2.145284885815212", "r2": "0.6506073495033984", "ci": "True", "model_used": "Linear (Fast) (Fallback: ARIMA runtime failure)", "fallback": "True", "fallback_reason": "'numpy.ndarray' object has no attribute 'iloc'"}, "anomaly": {"engine": "IsolationForest", "status": "OK", "contamination": "0.08", "anomalies": "12", "rows": "145"}, "clusters": {"algorithm": "KMeans", "status": "OK", "k": "5", "clusters": "5", "noise": "0"}, "supervised": {"status": "FAILED", "model_used": ""}}
2026-02-20 23:32:36,515 - INFO - Action: Data Loaded | User: anonymous | Details: Records: 43,320 | Years: 2017-2022
2026-02-20 23:32:36,679 - INFO - Action: Filters Applied | User: anonymous | Details: Year: (2017, 2022), State: ALL STATES, District: ALL DISTRICTS, Category: ALL CATEGORIES, Pulse: True, Sensitivity: 1.0
2026-02-20 23:32:43,927 - INFO - Action: Forecast Run | User: anonymous | Details: {"model": "Linear (Fast)", "status": "OK", "mae": "79887.19047619899", "mape": "1.7772673473803908", "r2": "0.8809459602613187", "ci": "True", "model_used": "Linear (Fast) (Fallback: ARIMA runtime failure)", "fallback": "True", "fallback_reason": "'numpy.ndarray' object has no attribute 'iloc'"}
2026-02-20 23:32:44,216 - INFO - Action: Anomaly Run | User: anonymous | Details: {"engine": "IsolationForest", "status": "OK", "contamination": "0.08", "anomalies": "58", "rows": "722"}
2026-02-20 23:32:44,433 - INFO - Action: Supervised Model Run | User: anonymous | Details: {"model_used": "RandomForest", "accuracy": 0.660377358490566, "labels": ["CRITICAL \ud83d\udd34", "HIGH \ud83d\udfe0", "LOW \ud83d\udfe2", "MEDIUM \ud83d\udfe1"]}
2026-02-20 23:32:44,506 - INFO - Action: Governance Panel Viewed | User: anonymous | Details: {"forecast_model": "Linear (Fast) (Fallback: ARIMA runtime failure)", "proxy_metrics": {"precision": 0.5, "recall": 0.34523809523809523, "f1": 0.4084507042253521, "status": "OK"}}
2026-02-20 23:32:44,743 - INFO - Action: Clustering Run | User: anonymous | Details: {"algorithm": "KMeans", "status": "OK", "k": "5", "clusters": "5", "noise": "0"}
2026-02-20 23:32:45,073 - INFO - Action: Dashboard Viewed | User: anonymous | Details: {"filters": {"year_range": [2017, 2022], "state": "ALL STATES", "district": "ALL DISTRICTS", "category": "ALL CATEGORIES"}, "live_pulse": true, "kpis": {"YEAR_MAX": "2022", "total_crimes": "24371509", "critical_count": "4", "avg_risk": "43.75425808178854", "yoy_change": "3.1865689929599745", "top_state_name": "Uttar Pradesh", "top_district_name": "Hamirpur"}, "forecast": {"model": "Linear (Fast)", "status": "OK", "mae": "79887.19047619899", "mape": "1.7772673473803908", "r2": "0.8809459602613187", "ci": "True", "model_used": "Linear (Fast) (Fallback: ARIMA runtime failure)", "fallback": "True", "fallback_reason": "'numpy.ndarray' object has no attribute 'iloc'"}, "anomaly": {"engine": "IsolationForest", "status": "OK", "contamination": "0.08", "anomalies": "58", "rows": "722"}, "clusters": {"algorithm": "KMeans", "status": "OK", "k": "5", "clusters": "5", "noise": "0"}, "supervised": {"status": "OK", "model_used": "RandomForest"}}
2026-02-20 23:32:47,859 - INFO - Action: Filters Applied | User: anonymous | Details: Year: (2017, 2022), State: Andhra Pradesh, District: ALL DISTRICTS, Category: ALL CATEGORIES, Pulse: True, Sensitivity: 1.0
2026-02-20 23:32:51,383 - INFO - Action: Forecast Run | User: anonymous | Details: {"model": "Linear (Fast)", "status": "OK", "mae": "2029.1904761906092", "mape": "1.4120243995158879", "r2": "0.7696177712071173", "ci": "True", "model_used": "Linear (Fast) (Fallback: ARIMA runtime failure)", "fallback": "True", "fallback_reason": "'numpy.ndarray' object has no attribute 'iloc'"}
2026-02-20 23:32:51,588 - INFO - Action: Anomaly Run | User: anonymous | Details: {"engine": "IsolationForest", "status": "OK", "contamination": "0.08", "anomalies": "3", "rows": "27"}
2026-02-20 23:32:51,771 - INFO - Action: Supervised Model Run | User: anonymous | Details: {"model_used": "RandomForest", "accuracy": 0.4666666666666667, "labels": ["CRITICAL \ud83d\udd34", "HIGH \ud83d\udfe0", "LOW \ud83d\udfe2", "MEDIUM \ud83d\udfe1"]}
2026-02-20 23:32:51,814 - INFO - Action: Governance Panel Viewed | User: anonymous | Details: {"forecast_model": "Linear (Fast) (Fallback: ARIMA runtime failure)", "proxy_metrics": {"precision": 0.3333333333333333, "recall": 1.0, "f1": 0.5, "status": "OK"}}
2026-02-20 23:32:52,028 - INFO - Action: Clustering Run | User: anonymous | Details: {"algorithm": "KMeans", "status": "OK", "k": "5", "clusters": "5", "noise": "0"}
2026-02-20 23:32:52,071 - INFO - Action: Dashboard Viewed | User: anonymous | Details: {"filters": {"year_range": [2017, 2022], "state": "Andhra Pradesh", "district": "ALL DISTRICTS", "category": "ALL CATEGORIES"}, "live_pulse": true, "kpis": {"YEAR_MAX": "2022", "total_crimes": "913932", "critical_count": "1", "avg_risk": "44.17977020881646", "yoy_change": "7.5301693638954355", "top_state_name": "Andhra Pradesh", "top_district_name": "West Godavari"}, "forecast": {"model": "Linear (Fast)", "status": "OK", "mae": "2029.1904761906092", "mape": "1.4120243995158879", "r2": "0.7696177712071173", "ci": "True", "model_used": "Linear (Fast) (Fallback: ARIMA runtime failure)", "fallback": "True", "fallback_reason": "'numpy.ndarray' object has no attribute 'iloc'"}, "anomaly": {"engine": "IsolationForest", "status": "OK", "contamination": "0.08", "anomalies": "3", "rows": "27"}, "clusters": {"algorithm": "KMeans", "status": "OK", "k": "5", "clusters": "5", "noise": "0"}, "supervised": {"status": "OK", "model_used": "RandomForest"}}
2026-02-20 23:32:55,646 - INFO - Action: Filters Applied | User: anonymous | Details: Year: (2017, 2022), State: Andhra Pradesh, District: Ntr, Category: ALL CATEGORIES, Pulse: True, Sensitivity: 1.0
2026-02-20 23:32:57,635 - INFO - Action: Forecast Run | User: anonymous | Details: {"model": "Linear (Fast)", "status": "OK", "mae": "666.1650793651157", "mape": "11.458271434229856", "r2": "0.46544622828241344", "ci": "True", "model_used": "Linear (Fast) (Fallback: ARIMA runtime failure)", "fallback": "True", "fallback_reason": "'numpy.ndarray' object has no attribute 'iloc'"}
2026-02-20 23:32:57,779 - INFO - Action: Anomaly Run | User: anonymous | Details: {"engine": "IsolationForest", "status": "OK", "contamination": "0.08", "anomalies": "0", "rows": "1"}
2026-02-20 23:32:57,833 - INFO - Action: Governance Panel Viewed | User: anonymous | Details: {"forecast_model": "Linear (Fast) (Fallback: ARIMA runtime failure)", "proxy_metrics": {"precision": NaN, "recall": NaN, "f1": NaN, "status": "EMPTY"}}
2026-02-20 23:32:58,003 - INFO - Action: Clustering Run | User: anonymous | Details: {"algorithm": "KMeans", "status": "OK", "k": "1", "clusters": "1", "noise": "0"}
2026-02-20 23:32:58,020 - INFO - Action: Dashboard Viewed | User: anonymous | Details: {"filters": {"year_range": [2017, 2022], "state": "Andhra Pradesh", "district": "Ntr", "category": "ALL CATEGORIES"}, "live_pulse": true, "kpis": {"YEAR_MAX": "2022", "total_crimes": "35232", "critical_count": "1", "avg_risk": "92.5", "yoy_change": "54.61355746391375", "top_state_name": "Andhra Pradesh", "top_district_name": "Ntr"}, "forecast": {"model": "Linear (Fast)", "status": "OK", "mae": "666.1650793651157", "mape": "11.458271434229856", "r2": "0.46544622828241344", "ci": "True", "model_used": "Linear (Fast) (Fallback: ARIMA runtime failure)", "fallback": "True", "fallback_reason": "'numpy.ndarray' object has no attribute 'iloc'"}, "anomaly": {"engine": "IsolationForest", "status": "OK", "contamination": "0.08", "anomalies": "0", "rows": "1"}, "clusters": {"algorithm": "KMeans", "status": "OK", "k": "1", "clusters": "1", "noise": "0"}, "supervised": {"status": "INSUFFICIENT_DATA", "model_used": "None"}}
2026-02-20 23:33:19,290 - INFO - Action: Filters Applied | User: anonymous | Details: Year: (2017, 2022), State: Andhra Pradesh, District: West Godavari, Category: ALL CATEGORIES, Pulse: True, Sensitivity: 1.0
2026-02-20 23:33:21,563 - INFO - Action: Forecast Run | User: anonymous | Details: {"model": "Linear (Fast)", "status": "OK", "mae": "719.206349206419", "mape": "13.40070069307869", "r2": "0.13825435981685696", "ci": "True", "model_used": "Linear (Fast) (Fallback: ARIMA runtime failure)", "fallback": "True", "fallback_reason": "'numpy.ndarray' object has no attribute 'iloc'"}
2026-02-20 23:33:21,700 - INFO - Action: Anomaly Run | User: anonymous | Details: {"engine": "IsolationForest", "status": "OK", "contamination": "0.08", "anomalies": "0", "rows": "1"}
2026-02-20 23:33:21,752 - INFO - Action: Governance Panel Viewed | User: anonymous | Details: {"forecast_model": "Linear (Fast) (Fallback: ARIMA runtime failure)", "proxy_metrics": {"precision": NaN, "recall": NaN, "f1": NaN, "status": "EMPTY"}}
2026-02-20 23:33:21,922 - INFO - Action: Clustering Run | User: anonymous | Details: {"algorithm": "KMeans", "status": "OK", "k": "1", "clusters": "1", "noise": "0"}
2026-02-20 23:33:21,938 - INFO - Action: Dashboard Viewed | User: anonymous | Details: {"filters": {"year_range": [2017, 2022], "state": "Andhra Pradesh", "district": "West Godavari", "category": "ALL CATEGORIES"}, "live_pulse": true, "kpis": {"YEAR_MAX": "2022", "total_crimes": "38060", "critical_count": "0", "avg_risk": "45.47561893980395", "yoy_change": "4.380664652567976", "top_state_name": "Andhra Pradesh", "top_district_name": "West Godavari"}, "forecast": {"model": "Linear (Fast)", "status": "OK", "mae": "719.206349206419", "mape": "13.40070069307869", "r2": "0.13825435981685696", "ci": "True", "model_used": "Linear (Fast) (Fallback: ARIMA runtime failure)", "fallback": "True", "fallback_reason": "'numpy.ndarray' object has no attribute 'iloc'"}, "anomaly": {"engine": "IsolationForest", "status": "OK", "contamination": "0.08", "anomalies": "0", "rows": "1"}, "clusters": {"algorithm": "KMeans", "status": "OK", "k": "1", "clusters": "1", "noise": "0"}, "supervised": {"status": "INSUFFICIENT_DATA", "model_used": "None"}}
2026-02-20 23:33:33,934 - INFO - Action: Filters Applied | User: anonymous | Details: Year: (2017, 2022), State: Andhra Pradesh, District: ALL DISTRICTS, Category: ALL CATEGORIES, Pulse: True, Sensitivity: 1.0
2026-02-20 23:33:37,244 - INFO - Action: Forecast Run | User: anonymous | Details: {"model": "Linear (Fast)", "status": "OK", "mae": "4956.961904762003", "mape": "3.0626338598593335", "r2": "0.7274096753584369", "ci": "True", "model_used": "Linear (Fast) (Fallback: ARIMA runtime failure)", "fallback": "True", "fallback_reason": "'numpy.ndarray' object has no attribute 'iloc'"}
2026-02-20 23:33:37,438 - INFO - Action: Anomaly Run | User: anonymous | Details: {"engine": "IsolationForest", "status": "OK", "contamination": "0.08", "anomalies": "3", "rows": "27"}
2026-02-20 23:33:37,642 - INFO - Action: Supervised Model Run | User: anonymous | Details: {"model_used": "RandomForest", "accuracy": 0.5333333333333333, "labels": ["CRITICAL \ud83d\udd34", "HIGH \ud83d\udfe0", "LOW \ud83d\udfe2", "MEDIUM \ud83d\udfe1"]}
2026-02-20 23:33:37,685 - INFO - Action: Governance Panel Viewed | User: anonymous | Details: {"forecast_model": "Linear (Fast) (Fallback: ARIMA runtime failure)", "proxy_metrics": {"precision": 0.6666666666666666, "recall": 1.0, "f1": 0.8, "status": "OK"}}
2026-02-20 23:33:37,895 - INFO - Action: Clustering Run | User: anonymous | Details: {"algorithm": "KMeans", "status": "OK", "k": "5", "clusters": "5", "noise": "0"}
2026-02-20 23:33:37,934 - INFO - Action: Dashboard Viewed | User: anonymous | Details: {"filters": {"year_range": [2017, 2022], "state": "Andhra Pradesh", "district": "ALL DISTRICTS", "category": "ALL CATEGORIES"}, "live_pulse": true, "kpis": {"YEAR_MAX": "2022", "total_crimes": "913932", "critical_count": "2", "avg_risk": "50.87866793296516", "yoy_change": "7.5301693638954355", "top_state_name": "Andhra Pradesh", "top_district_name": "West Godavari"}, "forecast": {"model": "Linear (Fast)", "status": "OK", "mae": "4956.961904762003", "mape": "3.0626338598593335", "r2": "0.7274096753584369", "ci": "True", "model_used": "Linear (Fast) (Fallback: ARIMA runtime failure)", "fallback": "True", "fallback_reason": "'numpy.ndarray' object has no attribute 'iloc'"}, "anomaly": {"engine": "IsolationForest", "status": "OK", "contamination": "0.08", "anomalies": "3", "rows": "27"}, "clusters": {"algorithm": "KMeans", "status": "OK", "k": "5", "clusters": "5", "noise": "0"}, "supervised": {"status": "OK", "model_used": "RandomForest"}}
2026-02-20 23:34:38,652 - INFO - Action: Filters Applied | User: anonymous | Details: Year: (2017, 2022), State: Andhra Pradesh, District: ALL DISTRICTS, Category: ALL CATEGORIES, Pulse: True, Sensitivity: 1.0
2026-02-20 23:34:41,649 - INFO - Action: Forecast Run | User: anonymous | Details: {"model": "Linear (Fast)", "status": "OK", "mae": "5665.1111111106975", "mape": "3.4324530354294995", "r2": "0.7052534772694408", "ci": "True", "model_used": "Linear (Fast)", "fallback": "False"}
2026-02-20 23:34:41,837 - INFO - Action: Anomaly Run | User: anonymous | Details: {"engine": "IsolationForest", "status": "OK", "contamination": "0.08", "anomalies": "3", "rows": "27"}
2026-02-20 23:34:42,006 - INFO - Action: Supervised Model Run | User: anonymous | Details: {"model_used": "RandomForest", "accuracy": 0.6333333333333333, "labels": ["CRITICAL \ud83d\udd34", "HIGH \ud83d\udfe0", "LOW \ud83d\udfe2", "MEDIUM \ud83d\udfe1"]}
2026-02-20 23:34:42,042 - INFO - Action: Governance Panel Viewed | User: anonymous | Details: {"forecast_model": "Linear (Fast) (Fallback: ARIMA runtime failure)", "proxy_metrics": {"precision": 0.6666666666666666, "recall": 1.0, "f1": 0.8, "status": "OK"}}
2026-02-20 23:34:42,223 - INFO - Action: Clustering Run | User: anonymous | Details: {"algorithm": "KMeans", "status": "OK", "k": "5", "clusters": "5", "noise": "0"}
2026-02-20 23:34:42,253 - INFO - Action: Dashboard Viewed | User: anonymous | Details: {"filters": {"year_range": [2017, 2022], "state": "Andhra Pradesh", "district": "ALL DISTRICTS", "category": "ALL CATEGORIES"}, "live_pulse": true, "kpis": {"YEAR_MAX": "2022", "total_crimes": "913932", "critical_count": "2", "avg_risk": "52.01828225263109", "yoy_change": "7.5301693638954355", "top_state_name": "Andhra Pradesh", "top_district_name": "West Godavari"}, "forecast": {"model": "Linear (Fast)", "status": "OK", "mae": "5665.1111111106975", "mape": "3.4324530354294995", "r2": "0.7052534772694408", "ci": "True", "model_used": "Linear (Fast) (Fallback: ARIMA runtime failure)", "fallback": "True", "fallback_reason": "'numpy.ndarray' object has no attribute 'iloc'"}, "anomaly": {"engine": "IsolationForest", "status": "OK", "contamination": "0.08", "anomalies": "3", "rows": "27"}, "clusters": {"algorithm": "KMeans", "status": "OK", "k": "5", "clusters": "5", "noise": "0"}, "supervised": {"status": "OK", "model_used": "RandomForest"}}
2026-02-20 23:34:46,039 - INFO - Action: Filters Applied | User: anonymous | Details: Year: (2017, 2022), State: Andhra Pradesh, District: ALL DISTRICTS, Category: ALL CATEGORIES, Pulse: True, Sensitivity: 1.0
2026-02-20 23:34:49,160 - INFO - Action: Forecast Run | User: anonymous | Details: {"model": "Linear (Fast)", "status": "OK", "mae": "2492.0000000004657", "mape": "1.6856573901844956", "r2": "0.817309439764974", "ci": "True", "model_used": "Linear (Fast) (Fallback: ARIMA runtime failure)", "fallback": "True", "fallback_reason": "'numpy.ndarray' object has no attribute 'iloc'"}
2026-02-20 23:34:49,363 - INFO - Action: Anomaly Run | User: anonymous | Details: {"engine": "IsolationForest", "status": "OK", "contamination": "0.08", "anomalies": "3", "rows": "27"}
2026-02-20 23:34:49,561 - INFO - Action: Supervised Model Run | User: anonymous | Details: {"model_used": "RandomForest", "accuracy": 0.43333333333333335, "labels": ["CRITICAL \ud83d\udd34", "HIGH \ud83d\udfe0", "LOW \ud83d\udfe2", "MEDIUM \ud83d\udfe1"]}
2026-02-20 23:34:49,608 - INFO - Action: Governance Panel Viewed | User: anonymous | Details: {"forecast_model": "Linear (Fast)", "proxy_metrics": {"precision": 0.6666666666666666, "recall": 1.0, "f1": 0.8, "status": "OK"}}
2026-02-20 23:34:49,807 - INFO - Action: Clustering Run | User: anonymous | Details: {"algorithm": "KMeans", "status": "OK", "k": "5", "clusters": "5", "noise": "0"}
2026-02-20 23:34:49,841 - INFO - Action: Dashboard Viewed | User: anonymous | Details: {"filters": {"year_range": [2017, 2022], "state": "Andhra Pradesh", "district": "ALL DISTRICTS", "category": "ALL CATEGORIES"}, "live_pulse": true, "kpis": {"YEAR_MAX": "2022", "total_crimes": "913932", "critical_count": "1", "avg_risk": "46.06461239247571", "yoy_change": "7.5301693638954355", "top_state_name": "Andhra Pradesh", "top_district_name": "West Godavari"}, "forecast": {"model": "Linear (Fast)", "status": "OK", "mae": "2492.0000000004657", "mape": "1.6856573901844956", "r2": "0.817309439764974", "ci": "True", "model_used": "Linear (Fast)", "fallback": "False"}, "anomaly": {"engine": "IsolationForest", "status": "OK", "contamination": "0.08", "anomalies": "3", "rows": "27"}, "clusters": {"algorithm": "KMeans", "status": "OK", "k": "5", "clusters": "5", "noise": "0"}, "supervised": {"status": "OK", "model_used": "RandomForest"}}
2026-02-21 14:32:21,124 - INFO - Action: Data Loaded | User: anonymous | Details: Records: 43,320 | Years: 2017-2022
2026-02-21 14:32:21,301 - INFO - Action: Filters Applied | User: anonymous | Details: Year: (2017, 2022), State: ALL STATES, District: ALL DISTRICTS, Category: ALL CATEGORIES, Pulse: True, Sensitivity: 1.0
2026-02-21 14:33:00,786 - INFO - Action: Filters Applied | User: anonymous | Details: Year: (2017, 2022), State: Assam, District: ALL DISTRICTS, Category: ALL CATEGORIES, Pulse: True, Sensitivity: 1.0
2026-02-21 14:33:05,113 - INFO - Action: Filters Applied | User: anonymous | Details: Year: (2017, 2022), State: Assam, District: Barpeta, Category: ALL CATEGORIES, Pulse: True, Sensitivity: 1.0
2026-02-21 14:35:04,252 - INFO - Action: Data Loaded | User: anonymous | Details: Records: 43,320 | Years: 2017-2022
2026-02-21 14:35:04,422 - INFO - Action: Filters Applied | User: anonymous | Details: Year: (2017, 2022), State: ALL STATES, District: ALL DISTRICTS, Category: ALL CATEGORIES, Pulse: True, Sensitivity: 1.0
2026-02-21 14:35:10,226 - INFO - Action: Forecast Run | User: anonymous | Details: {"model": "Linear (Fast)", "status": "OK", "mae": "64770.76190479597", "mape": "1.4587035211096893", "r2": "0.9063556048053008", "ci": "True", "model_used": "Linear (Fast) (Fallback: ARIMA runtime failure)", "fallback": "True", "fallback_reason": "'numpy.ndarray' object has no attribute 'iloc'"}
2026-02-21 14:35:10,447 - INFO - Action: Anomaly Run | User: anonymous | Details: {"engine": "IsolationForest", "status": "OK", "contamination": "0.08", "anomalies": "58", "rows": "722"}
2026-02-21 14:35:10,620 - INFO - Action: Supervised Model Run | User: anonymous | Details: {"model_used": "RandomForest", "accuracy": 0.6389937106918239, "labels": ["CRITICAL \ud83d\udd34", "HIGH \ud83d\udfe0", "LOW \ud83d\udfe2", "MEDIUM \ud83d\udfe1"]}
2026-02-21 14:35:10,685 - INFO - Action: Governance Panel Viewed | User: anonymous | Details: {"forecast_model": "Linear (Fast) (Fallback: ARIMA runtime failure)", "proxy_metrics": {"precision": 0.46551724137931033, "recall": 0.35064935064935066, "f1": 0.4, "status": "OK"}}
2026-02-21 14:35:10,865 - INFO - Action: Clustering Run | User: anonymous | Details: {"algorithm": "KMeans", "status": "OK", "k": "5", "clusters": "5", "noise": "0"}
2026-02-21 14:35:11,229 - INFO - Action: Dashboard Viewed | User: anonymous | Details: {"filters": {"year_range": [2017, 2022], "state": "ALL STATES", "district": "ALL DISTRICTS", "category": "ALL CATEGORIES"}, "live_pulse": true, "kpis": {"YEAR_MAX": "2022", "total_crimes": "24371509", "critical_count": "4", "avg_risk": "43.601182027160924", "yoy_change": "3.1865689929599745", "top_state_name": "Uttar Pradesh", "top_district_name": "Hamirpur"}, "forecast": {"model": "Linear (Fast)", "status": "OK", "mae": "64770.76190479597", "mape": "1.4587035211096893", "r2": "0.9063556048053008", "ci": "True", "model_used": "Linear (Fast) (Fallback: ARIMA runtime failure)", "fallback": "True", "fallback_reason": "'numpy.ndarray' object has no attribute 'iloc'"}, "anomaly": {"engine": "IsolationForest", "status": "OK", "contamination": "0.08", "anomalies": "58", "rows": "722"}, "clusters": {"algorithm": "KMeans", "status": "OK", "k": "5", "clusters": "5", "noise": "0"}, "supervised": {"status": "OK", "model_used": "RandomForest"}}
2026-02-21 20:06:41,490 - INFO - Action: Data Loaded | User: anonymous | Details: Records: 43,320 | Years: 2017-2022
2026-02-21 20:06:41,671 - INFO - Action: Filters Applied | User: anonymous | Details: Year: (2017, 2022), State: ALL STATES, District: ALL DISTRICTS, Category: ALL CATEGORIES, Pulse: True, Sensitivity: 1.0
2026-02-21 20:06:49,043 - INFO - Action: Forecast Run | User: anonymous | Details: {"model": "Linear (Fast)", "status": "OK", "mae": "53055.038095255695", "mape": "1.2093538413049558", "r2": "0.9285720376768173", "ci": "True", "model_used": "Linear (Fast) (Fallback: ARIMA runtime failure)", "fallback": "True", "fallback_reason": "'numpy.ndarray' object has no attribute 'iloc'"}
2026-02-21 20:06:49,325 - INFO - Action: Anomaly Run | User: anonymous | Details: {"engine": "IsolationForest", "status": "OK", "contamination": "0.08", "anomalies": "58", "rows": "722"}
2026-02-21 20:06:49,553 - INFO - Action: Supervised Model Run | User: anonymous | Details: {"model_used": "RandomForest", "accuracy": 0.6377358490566037, "labels": ["CRITICAL \ud83d\udd34", "HIGH \ud83d\udfe0", "LOW \ud83d\udfe2", "MEDIUM \ud83d\udfe1"]}
2026-02-21 20:06:49,638 - INFO - Action: Governance Panel Viewed | User: anonymous | Details: {"forecast_model": "Linear (Fast) (Fallback: ARIMA runtime failure)", "proxy_metrics": {"precision": 0.4482758620689655, "recall": 0.3611111111111111, "f1": 0.39999999999999997, "status": "OK"}}
2026-02-21 20:06:49,884 - INFO - Action: Clustering Run | User: anonymous | Details: {"algorithm": "KMeans", "status": "OK", "k": "5", "clusters": "5", "noise": "0"}
2026-02-21 20:06:50,343 - INFO - Action: Dashboard Viewed | User: anonymous | Details: {"filters": {"year_range": [2017, 2022], "state": "ALL STATES", "district": "ALL DISTRICTS", "category": "ALL CATEGORIES"}, "live_pulse": true, "kpis": {"YEAR_MAX": "2022", "total_crimes": "24371509", "critical_count": "4", "avg_risk": "43.433810538753434", "yoy_change": "3.1865689929599745", "top_state_name": "Uttar Pradesh", "top_district_name": "Hamirpur"}, "forecast": {"model": "Linear (Fast)", "status": "OK", "mae": "53055.038095255695", "mape": "1.2093538413049558", "r2": "0.9285720376768173", "ci": "True", "model_used": "Linear (Fast) (Fallback: ARIMA runtime failure)", "fallback": "True", "fallback_reason": "'numpy.ndarray' object has no attribute 'iloc'"}, "anomaly": {"engine": "IsolationForest", "status": "OK", "contamination": "0.08", "anomalies": "58", "rows": "722"}, "clusters": {"algorithm": "KMeans", "status": "OK", "k": "5", "clusters": "5", "noise": "0"}, "supervised": {"status": "OK", "model_used": "RandomForest"}}
