"id","year","state_name","state_code","district_name","district_code","registration_circles","male_below_5_years","male_5_to_14_years","male_14_to_18_years","male_18_to_30_years","male_30_to_45_years","male_45_to_60_years","male_60_years_and_above","female_below_5_years","female_5_to_14_years","female_14_to_18_years","female_18_to_30_years","female_30_to_45_years","female_45_to_60_years","female_60_years_and_above","trangender_below_5_years","trangender_5_to_14_years","trangender_14_to_18_years","trangender_18_to_30_years","trangender_30_to_45_years","trangender_45_to_60_years","transgender_60_years_and_above"
0,"2017","Andhra Pradesh","28","Anantapur","502","Anantapur","1",26.0,34.0,56.0,62.0,22.0,13.0,1.0,41.0,194.0,306.0,25.0,7.0,7.0,0.0,0.0,0.0,0.0,0.0,0.0,0.0
1,"2017","Andhra Pradesh","28","Chittoor","503","Chittoor","0",15.0,12.0,16.0,20.0,10.0,14.0,5.0,11.0,78.0,105.0,27.0,6.0,1.0,0.0,0.0,0.0,0.0,0.0,0.0,0.0
2,"2017","Andhra Pradesh","28","Y.S.R.","504","Cuddapah","6",18.0,11.0,24.0,41.0,11.0,7.0,7.0,8.0,45.0,123.0,18.0,6.0,2.0,0.0,0.0,1.0,2.0,0.0,0.0,0.0
3,"2017","Andhra Pradesh","28","East Godavari","505","East Godavari","0",0.0,49.0,70.0,101.0,39.0,12.0,0.0,2.0,116.0,90.0,84.0,87.0,18.0,0.0,0.0,0.0,0.0,0.0,0.0,0.0
4,"2017","Andhra Pradesh","28","Anantapur","502","Guntakal Railway","0",0.0,1.0,2.0,1.0,4.0,1.0,0.0,0.0,0.0,3.0,0.0,0.0,0.0,0.0,0.0,0.0,0.0,0.0,0.0,0.0
5,"2017","Andhra Pradesh","28","Guntur","506","Guntur","2",26.0,35.0,47.0,43.0,16.0,15.0,2.0,14.0,32.0,176.0,32.0,4.0,12.0,0.0,0.0,0.0,0.0,0.0,0.0,0.0
6,"2017","Andhra Pradesh","28","Guntur","506","Guntur Urban","0",4.0,10.0,64.0,42.0,15.0,20.0,0.0,3.0,2.0,190.0,25.0,5.0,8.0,0.0,0.0,0.0,0.0,0.0,0.0,0.0
7,"2017","Andhra Pradesh","28","Krishna","510","Krishna","11",13.0,28.0,43.0,37.0,22.0,16.0,10.0,16.0,89.0,174.0,21.0,6.0,4.0,0.0,0.0,0.0,0.0,0.0,0.0,0.0
8,"2017","Andhra Pradesh","28","Kurnool","511","Kurnool","0",11.0,20.0,29.0,24.0,15.0,5.0,1.0,8.0,78.0,123.0,22.0,6.0,4.0,0.0,0.0,0.0,0.0,0.0,0.0,0.0
9,"2017","Andhra Pradesh","28","Spsr Nellore","515","Nellore","2",14.0,23.0,46.0,40.0,14.0,14.0,3.0,10.0,94.0,176.0,23.0,6.0,4.0,0.0,0.0,0.0,0.0,0.0,0.0,0.0
10,"2017","Andhra Pradesh","28","Prakasam","517","Prakasham","2",14.0,19.0,46.0,36.0,15.0,10.0,7.0,10.0,45.0,169.0,31.0,10.0,3.0,0.0,0.0,0.0,0.0,0.0,0.0,0.0
11,"2017","Andhra Pradesh","28","East Godavari","505","Rajahmundry","0",4.0,20.0,48.0,20.0,12.0,4.0,2.0,3.0,32.0,60.0,5.0,4.0,2.0,0.0,0.0,0.0,0.0,0.0,0.0,0.0
12,"2017","Andhra Pradesh","28","Srikakulam","519","Srikakulam","3",4.0,4.0,10.0,26.0,7.0,6.0,1.0,5.0,26.0,66.0,24.0,9.0,3.0,0.0,0.0,0.0,0.0,0.0,0.0,0.0
13,"2017","Andhra Pradesh","28","Tirupati","752","Tirupathi Urban","4",22.0,27.0,14.0,18.0,42.0,29.0,9.0,15.0,69.0,111.0,28.0,16.0,11.0,0.0,0.0,0.0,0.0,0.0,0.0,0.0
14,"2017","Andhra Pradesh","28","Ntr","749","Vijayawada City","0",23.0,52.0,133.0,101.0,51.0,25.0,1.0,22.0,132.0,314.0,64.0,17.0,12.0,0.0,0.0,0.0,0.0,0.0,0.0,0.0
15,"2017","Andhra Pradesh","28","Ntr","749","Vijayawada Railway","0",2.0,3.0,6.0,0.0,1.0,2.0,0.0,0.0,0.0,2.0,1.0,1.0,0.0,0.0,0.0,0.0,0.0,0.0,0.0,0.0
16,"2017","Andhra Pradesh","28","Visakhapatanam","520","Visakha Rural","2",5.0,14.0,28.0,22.0,15.0,3.0,2.0,3.0,11.0,50.0,12.0,2.0,4.0,0.0,0.0,0.0,0.0,0.0,0.0,0.0
17,"2017","Andhra Pradesh","28","Visakhapatanam","520","Visakhapatnam","2",6.0,13.0,126.0,106.0,39.0,26.0,3.0,5.0,28.0,257.0,47.0,20.0,10.0,0.0,1.0,3.0,0.0,0.0,0.0,0.0
18,"2017","Andhra Pradesh","28","Vizianagaram","521","Vizianagaram","0",13.0,10.0,25.0,27.0,8.0,11.0,3.0,10.0,41.0,88.0,15.0,8.0,3.0,0.0,0.0,0.0,0.0,0.0,0.0,0.0
19,"2017","Andhra Pradesh","28","West Godavari","523","West Godavari","14",15.0,49.0,87.0,81.0,19.0,18.0,3.0,20.0,103.0,125.0,165.0,32.0,7.0,0.0,0.0,0.0,0.0,0.0,0.0,0.0
20,"2017","Arunachal Pradesh","12","Anjaw","628","Anjaw","0",0.0,0.0,0.0,0.0,0.0,0.0,0.0,0.0,0.0,0.0,0.0,0.0,0.0,0.0,0.0,0.0,0.0,0.0,0.0,0.0
21,"2017","Arunachal Pradesh","12","Changlang","229","Changlang","0",0.0,0.0,1.0,3.0,1.0,0.0,0.0,0.0,2.0,1.0,1.0,0.0,0.0,0.0,0.0,0.0,0.0,0.0,0.0,0.0
22,"2017","Arunachal Pradesh","12","Papum Pare","237","Crime Branch","0",0.0,0.0,0.0,0.0,0.0,0.0,0.0,0.0,0.0,0.0,0.0,0.0,0.0,0.0,0.0,0.0,0.0,0.0,0.0,0.0
23,"2017","Arunachal Pradesh","12","Dibang Valley","230","Dibang Valley","0",0.0,0.0,0.0,0.0,0.0,0.0,0.0,0.0,0.0,0.0,0.0,0.0,0.0,0.0,0.0,0.0,0.0,0.0,0.0,0.0
24,"2017","Arunachal Pradesh","12","East Kameng","231","Kameng East","0",0.0,0.0,0.0,0.0,0.0,0.0,0.0,0.0,0.0,0.0,0.0,0.0,0.0,0.0,0.0,0.0,0.0,0.0,0.0,0.0
25,"2017","Arunachal Pradesh","12","West Kameng","242","Kameng West","0",1.0,0.0,1.0,0.0,0.0,0.0,0.0,0.0,0.0,2.0,1.0,0.0,0.0,0.0,0.0,0.0,0.0,0.0,0.0,0.0
26,"2017","Arunachal Pradesh","12","Kurung Kumey","233","Kurung Kumey","0",0.0,0.0,0.0,0.0,0.0,0.0,0.0,0.0,0.0,0.0,0.0,0.0,0.0,0.0,0.0,0.0,0.0,0.0,0.0,0.0
27,"2017","Arunachal Pradesh","12","Lohit","234","Lohit","0",0.0,0.0,0.0,0.0,0.0,0.0,0.0,0.0,0.0,0.0,0.0,0.0,0.0,0.0,0.0,0.0,0.0,0.0,0.0,0.0
28,"2017","Arunachal Pradesh","12","Longding","666","Longding","0",0.0,0.0,0.0,0.0,0.0,0.0,0.0,0.0,0.0,0.0,0.0,0.0,0.0,0.0,0.0,0.0,0.0,0.0,0.0,0.0
29,"2017","Arunachal Pradesh","12","Lower Dibang Valley","235","Lower Dibang Valley","0",0.0,0.0,0.0,0.0,0.0,0.0,0.0,0.0,2.0,0.0,0.0,0.0,0.0,0.0,0.0,0.0,0.0,0.0,0.0,0.0
30,"2017","Arunachal Pradesh","12","Papum Pare","237","Papum Pare City","1",0.0,1.0,0.0,0.0,0.0,0.0,0.0,6.0,28.0,36.0,8.0,0.0,0.0,0.0,0.0,0.0,0.0,0.0,0.0,0.0
31,"2017","Arunachal Pradesh","12","Papum Pare","237","Papum Pare Rural","0",0.0,0.0,0.0,0.0,0.0,0.0,0.0,0.0,0.0,0.0,0.0,0.0,0.0,0.0,0.0,0.0,0.0,0.0,0.0,0.0
32,"2017","Arunachal Pradesh","12","East Siang","232","Siang East","0",0.0,0.0,0.0,0.0,0.0,0.0,0.0,0.0,0.0,0.0,0.0,0.0,0.0,0.0,0.0,0.0,0.0,0.0,0.0,0.0
33,"2017","Arunachal Pradesh","12","Upper Siang","240","Siang Upper","0",0.0,0.0,0.0,0.0,0.0,0.0,0.0,0.0,0.0,3.0,0.0,0.0,0.0,0.0,0.0,0.0,0.0,0.0,0.0,0.0
34,"2017","Arunachal Pradesh","12","West Siang","243","Siang West","0",0.0,0.0,0.0,0.0,0.0,0.0,0.0,0.0,0.0,0.0,0.0,0.0,0.0,0.0,0.0,0.0,0.0,0.0,0.0,0.0
35,"2017","Arunachal Pradesh","12","Lower Subansiri","236","Subansiri Lower","0",0.0,0.0,0.0,0.0,0.0,0.0,0.0,0.0,0.0,0.0,0.0,0.0,0.0,0.0,0.0,0.0,0.0,0.0,0.0,0.0
36,"2017","Arunachal Pradesh","12","Upper Subansiri","241","Subansiri Upper","0",0.0,0.0,0.0,0.0,0.0,0.0,0.0,0.0,0.0,0.0,0.0,0.0,0.0,0.0,0.0,0.0,0.0,0.0,0.0,0.0
37,"2017","Arunachal Pradesh","12","Tawang","238","Tawang","0",0.0,0.0,0.0,0.0,0.0,0.0,0.0,0.0,0.0,0.0,0.0,0.0,0.0,0.0,0.0,0.0,0.0,0.0,0.0,0.0
38,"2017","Arunachal Pradesh","12","Tirap","239","Tirap","0",0.0,0.0,0.0,0.0,0.0,0.0,0.0,0.0,0.0,0.0,0.0,0.0,0.0,0.0,0.0,0.0,0.0,0.0,0.0,0.0
39,"2017","Arunachal Pradesh","12","Namsai","678","Namsai","0",0.0,0.0,0.0,0.0,0.0,0.0,0.0,0.0,0.0,0.0,0.0,0.0,0.0,0.0,0.0,0.0,0.0,0.0,0.0,0.0
40,"2017","Arunachal Pradesh","12","Siang","679","Siang","0",0.0,0.0,0.0,0.0,0.0,0.0,0.0,0.0,0.0,0.0,0.0,0.0,0.0,0.0,0.0,0.0,0.0,0.0,0.0,0.0
41,"2017","Arunachal Pradesh","12","Kamle","718","Kamle","0",0.0,0.0,0.0,0.0,0.0,0.0,0.0,0.0,0.0,0.0,0.0,0.0,0.0,0.0,0.0,0.0,0.0,0.0,0.0,0.0
42,"2017","Arunachal Pradesh","12","Lower Siang","719","Lower Siang","0",0.0,0.0,0.0,0.0,0.0,0.0,0.0,0.0,0.0,0.0,0.0,0.0,0.0,0.0,0.0,0.0,0.0,0.0,0.0,0.0
43,"2017","Assam","18","Kamrup Metro","618","Bieo","0",0.0,0.0,0.0,0.0,0.0,0.0,0.0,0.0,0.0,0.0,0.0,0.0,0.0,0.0,0.0,0.0,0.0,0.0,0.0,0.0
44,"2017","Assam","18","Barpeta","280","Barpeta","0",1.0,2.0,15.0,7.0,4.0,0.0,0.0,0.0,2.0,67.0,32.0,3.0,0.0,0.0,0.0,0.0,0.0,0.0,0.0,0.0
45,"2017","Assam","18","Baksa","616","Baksa","0",9.0,11.0,13.0,6.0,1.0,1.0,0.0,1.0,10.0,37.0,3.0,1.0,1.0,0.0,0.0,0.0,0.0,0.0,0.0,0.0
46,"2017","Assam","18","Bongaigaon","281","Bongaigaon","0",4.0,5.0,6.0,4.0,1.0,0.0,3.0,18.0,36.0,22.0,9.0,108.0,0.0,0.0,0.0,0.0,0.0,0.0,0.0,0.0
47,"2017","Assam","18","Kamrup Metro","618","Cid","0",0.0,0.0,0.0,0.0,0.0,0.0,0.0,0.0,0.0,0.0,0.0,0.0,0.0,0.0,0.0,0.0,0.0,0.0,0.0,0.0
48,"2017","Assam","18","Cachar","282","Cachar","4",6.0,14.0,46.0,25.0,19.0,1.0,3.0,28.0,70.0,159.0,57.0,0.0,0.0,0.0,0.0,0.0,0.0,0.0,0.0,0.0
49,"2017","Assam","18","Chirang","612","Chirang","0",5.0,1.0,14.0,6.0,0.0,0.0,0.0,10.0,8.0,20.0,4.0,0.0,0.0,0.0,0.0,0.0,0.0,0.0,0.0,0.0
50,"2017","Assam","18","Darrang","283","Darrang","0",10.0,0.0,14.0,0.0,0.0,0.0,0.0,7.0,13.0,5.0,0.0,0.0,0.0,0.0,0.0,0.0,0.0,0.0,0.0,0.0
51,"2017","Assam","18","Dhemaji","284","Dhemaji","0",1.0,3.0,2.0,2.0,0.0,0.0,0.0,1.0,0.0,6.0,1.0,1.0,0.0,0.0,0.0,0.0,0.0,0.0,0.0,0.0
52,"2017","Assam","18","Dhubri","285","Dhubri","1",7.0,21.0,24.0,18.0,6.0,1.0,2.0,6.0,29.0,48.0,28.0,4.0,1.0,0.0,0.0,0.0,0.0,0.0,0.0,0.0
53,"2017","Assam","18","Dibrugarh","286","Dibrugarh","0",2.0,6.0,0.0,0.0,0.0,0.0,0.0,1.0,5.0,40.0,20.0,0.0,0.0,0.0,0.0,0.0,0.0,0.0,0.0,0.0
54,"2017","Assam","18","Kamrup Metro","618","Grp","0",0.0,0.0,2.0,0.0,1.0,0.0,0.0,1.0,3.0,1.0,0.0,0.0,0.0,0.0,0.0,0.0,0.0,0.0,0.0,0.0
55,"2017","Assam","18","Goalpara","287","Goalpara","0",0.0,45.0,0.0,0.0,0.0,0.0,0.0,0.0,0.0,0.0,0.0,0.0,0.0,0.0,0.0,0.0,0.0,0.0,0.0,0.0
56,"2017","Assam","18","Golaghat","288","Golaghat","0",5.0,9.0,0.0,0.0,0.0,0.0,0.0,18.0,49.0,166.0,0.0,0.0,0.0,0.0,0.0,0.0,0.0,0.0,0.0,0.0
57,"2017","Assam","18","Kamrup Metro","618","Guwahati City","0",0.0,0.0,0.0,0.0,0.0,0.0,0.0,0.0,0.0,0.0,0.0,0.0,0.0,0.0,0.0,0.0,0.0,0.0,0.0,0.0
58,"2017","Assam","18","Hailakandi","289","Hailakandi","0",0.0,6.0,9.0,3.0,0.0,0.0,0.0,0.0,0.0,7.0,0.0,0.0,0.0,0.0,0.0,0.0,0.0,0.0,0.0,0.0
59,"2017","Assam","18","West Karbi Anglong","710","Hamren","0",0.0,0.0,0.0,0.0,0.0,0.0,0.0,0.0,0.0,0.0,0.0,0.0,0.0,0.0,0.0,0.0,0.0,0.0,0.0,0.0
60,"2017","Assam","18","Jorhat","290","Jorhat","0",7.0,18.0,17.0,13.0,6.0,4.0,0.0,6.0,12.0,13.0,11.0,9.0,0.0,0.0,0.0,0.0,0.0,0.0,0.0,0.0
61,"2017","Assam","18","Kamrup","291","Kamrup","0",7.0,12.0,3.0,3.0,1.0,0.0,1.0,11.0,32.0,27.0,13.0,6.0,3.0,0.0,0.0,0.0,0.0,0.0,0.0,0.0
62,"2017","Assam","18","Karbi Anglong","292","Karbi Anglong","0",10.0,8.0,13.0,12.0,6.0,0.0,0.0,9.0,29.0,34.0,8.0,0.0,0.0,0.0,0.0,0.0,0.0,0.0,0.0,0.0
63,"2017","Assam","18","Karimganj","293","Karimganj","1",8.0,16.0,10.0,21.0,5.0,2.0,0.0,2.0,21.0,80.0,40.0,5.0,1.0,0.0,0.0,0.0,0.0,0.0,0.0,0.0
64,"2017","Assam","18","Kokrajhar","294","Kokrajhar","0",0.0,0.0,18.0,12.0,0.0,0.0,0.0,0.0,20.0,26.0,6.0,0.0,0.0,0.0,0.0,0.0,0.0,0.0,0.0,0.0
65,"2017","Assam","18","Lakhimpur","295","Lakhimpur","1",11.0,20.0,28.0,12.0,9.0,1.0,0.0,18.0,32.0,46.0,14.0,0.0,0.0,0.0,0.0,0.0,0.0,0.0,0.0,0.0
66,"2017","Assam","18","Marigaon","296","Morigaon","0",0.0,2.0,3.0,1.0,1.0,0.0,0.0,0.0,9.0,8.0,5.0,0.0,0.0,0.0,0.0,0.0,0.0,0.0,0.0,0.0
67,"2017","Assam","18","Dima Hasao","299","Dima Hasao","0",0.0,0.0,0.0,0.0,0.0,0.0,0.0,0.0,0.0,0.0,0.0,0.0,0.0,0.0,0.0,0.0,0.0,0.0,0.0,0.0
68,"2017","Assam","18","Nagaon","297","Nagaon","0",2.0,2.0,12.0,12.0,6.0,0.0,0.0,1.0,12.0,38.0,13.0,7.0,1.0,0.0,0.0,0.0,0.0,0.0,0.0,0.0
69,"2017","Assam","18","Nalbari","298","Nalbari","0",0.0,0.0,1.0,2.0,0.0,0.0,0.0,1.0,5.0,5.0,1.0,0.0,0.0,0.0,0.0,0.0,0.0,0.0,0.0,0.0
70,"2017","Assam","18","Kamrup Metro","618","Rpo","0",0.0,0.0,0.0,0.0,0.0,0.0,0.0,0.0,0.0,0.0,0.0,0.0,0.0,0.0,0.0,0.0,0.0,0.0,0.0,0.0
71,"2017","Assam","18","Kamrup Metro","618","Sou","0",0.0,0.0,0.0,0.0,0.0,0.0,0.0,0.0,0.0,0.0,0.0,0.0,0.0,0.0,0.0,0.0,0.0,0.0,0.0,0.0
72,"2017","Assam","18","Kamrup Metro","618","Stf","0",0.0,0.0,0.0,0.0,0.0,0.0,0.0,0.0,0.0,0.0,0.0,0.0,0.0,0.0,0.0,0.0,0.0,0.0,0.0,0.0
73,"2017","Assam","18","Sivasagar","300","Sibsagar","0",8.0,7.0,30.0,18.0,7.0,0.0,0.0,0.0,0.0,56.0,35.0,14.0,0.0,0.0,0.0,0.0,0.0,0.0,0.0,0.0
74,"2017","Assam","18","Sonitpur","301","Sonitpur","0",4.0,0.0,0.0,0.0,0.0,0.0,0.0,0.0,0.0,0.0,0.0,0.0,0.0,0.0,0.0,0.0,0.0,0.0,0.0,0.0
75,"2017","Assam","18","Tinsukia","302","Tinsukia","0",10.0,0.0,14.0,0.0,0.0,0.0,0.0,7.0,13.0,5.0,0.0,0.0,0.0,0.0,0.0,0.0,0.0,0.0,0.0,0.0
76,"2017","Assam","18","Udalguri","617","Udalguri","0",18.0,0.0,0.0,0.0,0.0,0.0,0.0,19.0,0.0,0.0,0.0,0.0,0.0,0.0,0.0,0.0,0.0,0.0,0.0,0.0
77,"2017","Assam","18","Tinsukia","302","Sadia","0",1.0,3.0,1.0,0.0,0.0,0.0,0.0,0.0,4.0,6.0,8.0,0.0,0.0,0.0,0.0,0.0,0.0,0.0,0.0,0.0
78,"2017","Assam","18","Majuli","706","Majuli","0",1.0,0.0,0.0,0.0,0.0,0.0,0.0,0.0,2.0,0.0,0.0,0.0,0.0,0.0,0.0,0.0,0.0,0.0,0.0,0.0
79,"2017","Assam","18","Biswanath","705","Biswanath","1",6.0,6.0,5.0,4.0,2.0,1.0,1.0,10.0,48.0,36.0,21.0,0.0,0.0,0.0,0.0,0.0,0.0,0.0,0.0,0.0
80,"2017","Assam","18","Hojai","709","Hojai","0",10.0,20.0,12.0,6.0,1.0,0.0,0.0,20.0,44.0,53.0,3.0,0.0,0.0,0.0,0.0,0.0,0.0,0.0,0.0,0.0
81,"2017","Assam","18","South Salmara Mancachar","707","South Salmara","0",3.0,1.0,3.0,2.0,0.0,0.0,0.0,0.0,6.0,12.0,4.0,0.0,0.0,0.0,0.0,0.0,0.0,0.0,0.0,0.0
82,"2017","Assam","18","Charaideo","708","Charaideo","0",2.0,2.0,0.0,0.0,0.0,0.0,0.0,1.0,36.0,19.0,3.0,0.0,0.0,0.0,0.0,0.0,0.0,0.0,0.0,0.0
83,"2017","Bihar","10","Araria","188","Araria","1",11.0,9.0,15.0,0.0,0.0,1.0,0.0,20.0,92.0,33.0,0.0,0.0,0.0,0.0,0.0,0.0,0.0,0.0,0.0,0.0
84,"2017","Bihar","10","Arwal","611","Arwal","0",5.0,3.0,1.0,0.0,0.0,0.0,0.0,8.0,13.0,5.0,0.0,0.0,0.0,0.0,0.0,0.0,0.0,0.0,0.0,0.0
85,"2017","Bihar","10","Aurangabad","189","Aurangabad","2",6.0,4.0,3.0,0.0,0.0,3.0,1.0,3.0,5.0,9.0,0.0,0.0,0.0,0.0,0.0,0.0,0.0,0.0,0.0,0.0
86,"2017","Bihar","10","Pashchim Champaran","211","Bagaha","0",6.0,4.0,4.0,0.0,0.0,0.0,0.0,19.0,46.0,8.0,7.0,5.0,0.0,0.0,0.0,0.0,0.0,0.0,0.0,0.0
87,"2017","Bihar","10","Banka","190","Banka","0",6.0,5.0,3.0,3.0,2.0,1.0,0.0,21.0,53.0,26.0,23.0,3.0,0.0,0.0,27.0,58.0,35.0,22.0,3.0,1.0
88,"2017","Bihar","10","Begusarai","191","Begusarai","2",12.0,12.0,11.0,0.0,0.0,0.0,3.0,41.0,74.0,50.0,0.0,0.0,0.0,0.0,0.0,0.0,0.0,0.0,0.0,0.0
89,"2017","Bihar","10","Pashchim Champaran","211","Bettiah","8",7.0,2.0,2.0,0.0,0.0,0.0,1.0,53.0,79.0,25.0,2.0,0.0,0.0,0.0,0.0,0.0,0.0,0.0,0.0,0.0
90,"2017","Bihar","10","Kaimur (Bhabua)","200","Bhabhua","2",22.0,13.0,8.0,0.0,0.0,0.0,0.0,17.0,56.0,19.0,0.0,0.0,0.0,0.0,0.0,0.0,0.0,0.0,0.0,0.0
91,"2017","Bihar","10","Bhagalpur","192","Bhagalpur","0",12.0,14.0,20.0,0.0,0.0,0.0,1.0,26.0,57.0,59.0,0.0,0.0,0.0,0.0,0.0,0.0,0.0,0.0,0.0,0.0
92,"2017","Bihar","10","Bhojpur","193","Bhojpur","1",5.0,5.0,12.0,0.0,0.0,1.0,0.0,24.0,72.0,37.0,0.0,0.0,0.0,0.0,0.0,0.0,0.0,0.0,0.0,0.0
93,"2017","Bihar","10","Buxar","194","Buxar","1",3.0,3.0,4.0,0.0,0.0,0.0,0.0,13.0,37.0,28.0,0.0,0.0,0.0,0.0,0.0,0.0,0.0,0.0,0.0,0.0
94,"2017","Bihar","10","Darbhanga","195","Darbhanga","1",16.0,16.0,12.0,12.0,0.0,1.0,4.0,48.0,102.0,40.0,43.0,0.0,0.0,0.0,0.0,0.0,0.0,0.0,0.0,0.0
95,"2017","Bihar","10","Gaya","196","Gaya","0",30.0,36.0,38.0,0.0,0.0,0.0,2.0,47.0,98.0,38.0,0.0,0.0,1.0,0.0,0.0,0.0,0.0,0.0,0.0,0.0
96,"2017","Bihar","10","Gopalganj","197","Gopalganj","0",16.0,6.0,4.0,0.0,0.0,0.0,0.0,26.0,106.0,8.0,0.0,0.0,0.0,0.0,0.0,0.0,0.0,0.0,0.0,0.0
97,"2017","Bihar","10","Munger","207","Jamalpur Railway","0",0.0,0.0,0.0,0.0,0.0,0.0,0.0,0.0,0.0,0.0,0.0,0.0,0.0,0.0,0.0,0.0,0.0,0.0,0.0,0.0
98,"2017","Bihar","10","Jamui","198","Jamui","0",3.0,6.0,14.0,9.0,1.0,0.0,0.0,9.0,49.0,10.0,4.0,0.0,0.0,0.0,0.0,0.0,0.0,0.0,0.0,0.0
99,"2017","Bihar","10","Jehanabad","199","Jehanabad","1",22.0,10.0,11.0,0.0,0.0,0.0,0.0,9.0,21.0,4.0,2.0,1.0,1.0,0.0,0.0,0.0,0.0,0.0,0.0,0.0
100,"2017","Bihar","10","Katihar","201","Katihar","12",6.0,11.0,10.0,0.0,0.0,0.0,1.0,14.0,99.0,36.0,0.0,0.0,0.0,0.0,0.0,0.0,0.0,0.0,0.0,0.0
101,"2017","Bihar","10","Katihar","201","Katihar Railway","0",1.0,0.0,0.0,0.0,0.0,0.0,0.0,0.0,0.0,0.0,0.0,0.0,0.0,0.0,0.0,0.0,0.0,0.0,0.0,0.0
102,"2017","Bihar","10","Khagaria","202","Khagaria","0",12.0,12.0,15.0,0.0,0.0,2.0,0.0,24.0,82.0,31.0,0.0,0.0,0.0,0.0,0.0,0.0,0.0,0.0,0.0,0.0
103,"2017","Bihar","10","Kishanganj","203","Kishanganj","1",2.0,7.0,14.0,0.0,0.0,0.0,0.0,19.0,47.0,23.0,0.0,0.0,0.0,0.0,0.0,0.0,0.0,0.0,0.0,0.0
104,"2017","Bihar","10","Lakhisarai","204","Lakhisarai","0",14.0,6.0,4.0,1.0,0.0,1.0,0.0,7.0,28.0,11.0,5.0,0.0,0.0,0.0,0.0,0.0,0.0,0.0,0.0,0.0
105,"2017","Bihar","10","Madhepura","205","Madhepura","2",1.0,3.0,3.0,0.0,0.0,0.0,0.0,3.0,81.0,35.0,15.0,0.0,1.0,0.0,0.0,0.0,0.0,0.0,0.0,0.0
106,"2017","Bihar","10","Madhubani","206","Madhubani","3",21.0,11.0,5.0,0.0,0.0,1.0,3.0,28.0,57.0,18.0,25.0,0.0,0.0,0.0,0.0,0.0,0.0,0.0,0.0,0.0
107,"2017","Bihar","10","Purbi Champaran","213","Motihari","1",12.0,6.0,6.0,3.0,0.0,1.0,1.0,46.0,110.0,20.0,0.0,0.0,0.0,0.0,0.0,0.0,0.0,0.0,0.0,0.0
108,"2017","Bihar","10","Munger","207","Munger","0",7.0,6.0,5.0,4.0,0.0,1.0,0.0,13.0,53.0,30.0,0.0,0.0,1.0,0.0,0.0,0.0,0.0,0.0,0.0,0.0
109,"2017","Bihar","10","Muzaffarpur","208","Muzaffarpur","0",11.0,41.0,57.0,14.0,4.0,0.0,0.0,25.0,151.0,41.0,9.0,2.0,0.0,0.0,0.0,0.0,0.0,0.0,0.0,0.0
110,"2017","Bihar","10","Muzaffarpur","208","Muzaffarpur Railway","0",0.0,0.0,1.0,1.0,0.0,0.0,1.0,0.0,3.0,2.0,1.0,0.0,1.0,0.0,0.0,0.0,0.0,0.0,0.0,0.0
111,"2017","Bihar","10","Nalanda","209","Nalanda","6",51.0,40.0,22.0,14.0,5.0,5.0,4.0,60.0,124.0,52.0,20.0,2.0,1.0,0.0,0.0,0.0,0.0,0.0,0.0,0.0
112,"2017","Bihar","10","Bhagalpur","192","Naugachia","4",2.0,3.0,3.0,4.0,4.0,0.0,2.0,7.0,58.0,18.0,0.0,0.0,0.0,0.0,0.0,0.0,0.0,0.0,0.0,0.0
113,"2017","Bihar","10","Nawada","210","Nawadah","4",16.0,23.0,23.0,0.0,0.0,2.0,0.0,31.0,78.0,28.0,0.0,0.0,0.0,0.0,0.0,0.0,0.0,0.0,0.0,0.0
114,"2017","Bihar","10","Patna","212","Patna","8",73.0,86.0,96.0,61.0,17.0,20.0,2.0,155.0,307.0,152.0,71.0,40.0,1.0,0.0,0.0,0.0,0.0,0.0,0.0,0.0
115,"2017","Bihar","10","Patna","212","Patna Railway","4",2.0,1.0,3.0,1.0,0.0,2.0,0.0,3.0,0.0,4.0,2.0,0.0,2.0,0.0,0.0,0.0,0.0,0.0,0.0,0.0
116,"2017","Bihar","10","Purnia","214","Purnea","1",6.0,4.0,7.0,1.0,0.0,0.0,0.0,9.0,24.0,71.0,0.0,0.0,0.0,0.0,0.0,0.0,0.0,0.0,0.0,0.0
117,"2017","Bihar","10","Rohtas","215","Rohtas","0",9.0,8.0,11.0,0.0,0.0,1.0,1.0,30.0,62.0,25.0,0.0,0.0,0.0,0.0,0.0,0.0,0.0,0.0,0.0,0.0
118,"2017","Bihar","10","Saharsa","216","Saharsa","0",10.0,11.0,3.0,1.0,0.0,4.0,0.0,0.0,3.0,2.0,1.0,0.0,0.0,0.0,0.0,0.0,0.0,0.0,0.0,0.0
119,"2017","Bihar","10","Samastipur","217","Samastipur","2",10.0,15.0,10.0,7.0,0.0,1.0,1.0,41.0,149.0,55.0,40.0,0.0,0.0,0.0,0.0,0.0,0.0,0.0,0.0,0.0
120,"2017","Bihar","10","Saran","218","Saran","1",29.0,17.0,19.0,21.0,0.0,4.0,4.0,53.0,175.0,56.0,34.0,1.0,0.0,0.0,0.0,0.0,0.0,0.0,0.0,0.0
121,"2017","Bihar","10","Sheikhpura","219","Sheikhpura","0",5.0,2.0,5.0,0.0,0.0,0.0,3.0,10.0,28.0,15.0,0.0,0.0,0.0,0.0,0.0,0.0,0.0,0.0,0.0,0.0
122,"2017","Bihar","10","Sheohar","220","Sheohar","0",2.0,1.0,1.0,0.0,0.0,0.0,0.0,10.0,21.0,15.0,4.0,0.0,0.0,0.0,0.0,0.0,0.0,0.0,0.0,0.0
123,"2017","Bihar","10","Sitamarhi","221","Sitamarhi","4",35.0,14.0,9.0,0.0,0.0,0.0,2.0,42.0,142.0,0.0,72.0,0.0,0.0,0.0,0.0,0.0,0.0,0.0,0.0,0.0
124,"2017","Bihar","10","Siwan","222","Siwan","0",18.0,9.0,10.0,2.0,1.0,1.0,0.0,39.0,105.0,25.0,4.0,2.0,0.0,0.0,0.0,0.0,0.0,0.0,0.0,0.0
125,"2017","Bihar","10","Supaul","223","Supaul","0",9.0,5.0,4.0,2.0,1.0,0.0,0.0,20.0,52.0,26.0,2.0,0.0,0.0,0.0,0.0,0.0,0.0,0.0,0.0,0.0
126,"2017","Bihar","10","Vaishali","224","Vaishali","5",20.0,21.0,20.0,0.0,0.0,1.0,3.0,41.0,155.0,71.0,0.0,0.0,0.0,0.0,0.0,0.0,0.0,0.0,0.0,0.0
127,"2017","Bihar","10","Patna","212","Economic Offences Unit","0",0.0,0.0,0.0,0.0,0.0,0.0,0.0,0.0,0.0,0.0,0.0,0.0,0.0,0.0,0.0,0.0,0.0,0.0,0.0,0.0
128,"2017","Bihar","10","Patna","212","Anti Terrorist Squad","0",0.0,0.0,0.0,0.0,0.0,0.0,0.0,0.0,0.0,0.0,0.0,0.0,0.0,0.0,0.0,0.0,0.0,0.0,0.0,0.0
129,"2017","Chhattisgarh","22","Balod","646","Balod","0",2.0,4.0,20.0,44.0,16.0,9.0,0.0,0.0,27.0,118.0,63.0,10.0,6.0,0.0,0.0,0.0,0.0,0.0,0.0,0.0
130,"2017","Chhattisgarh","22","Baloda Bazar","644","Balodbazar","0",4.0,10.0,72.0,32.0,14.0,15.0,0.0,6.0,98.0,271.0,46.0,16.0,10.0,0.0,0.0,0.0,0.0,0.0,0.0,0.0
131,"2017","Chhattisgarh","22","Balrampur","649","Balrampur","0",0.0,1.0,1.0,0.0,1.0,1.0,0.0,0.0,1.0,0.0,0.0,0.0,0.0,0.0,0.0,0.0,0.0,0.0,0.0,0.0
132,"2017","Chhattisgarh","22","Bemetara","650","Bemetra","0",3.0,5.0,16.0,7.0,9.0,3.0,0.0,2.0,45.0,118.0,25.0,1.0,4.0,0.0,0.0,0.0,0.0,0.0,0.0,0.0
133,"2017","Chhattisgarh","22","Bilaspur","375","Bilaspur","4",32.0,40.0,168.0,82.0,28.0,26.0,6.0,30.0,149.0,405.0,111.0,17.0,13.0,0.0,0.0,0.0,0.0,0.0,0.0,0.0
134,"2017","Chhattisgarh","22","Bijapur","636","Bizapur","0",0.0,0.0,0.0,2.0,2.0,0.0,0.0,0.0,6.0,8.0,3.0,0.0,0.0,0.0,0.0,0.0,0.0,0.0,0.0,0.0
135,"2017","Chhattisgarh","22","Dantewada","376","Dantewara","0",10.0,4.0,8.0,7.0,2.0,1.0,0.0,1.0,6.0,22.0,0.0,1.0,2.0,0.0,0.0,0.0,0.0,0.0,0.0,0.0
136,"2017","Chhattisgarh","22","Dhamtari","377","Dhamtari","0",4.0,2.0,26.0,24.0,14.0,4.0,0.0,0.0,28.0,84.0,61.0,23.0,3.0,0.0,0.0,0.0,0.0,0.0,0.0,0.0
137,"2017","Chhattisgarh","22","Durg","378","Durg","1",45.0,42.0,166.0,93.0,54.0,44.0,2.0,12.0,144.0,472.0,106.0,32.0,21.0,0.0,0.0,0.0,0.0,0.0,0.0,0.0
138,"2017","Chhattisgarh","22","Gariyaband","645","Gariyaband","0",0.0,3.0,26.0,9.0,6.0,2.0,1.0,3.0,13.0,86.0,3.0,3.0,1.0,0.0,0.0,0.0,0.0,0.0,0.0,0.0
139,"2017","Chhattisgarh","22","Raipur","387","Grp Raipur","0",1.0,0.0,7.0,4.0,2.0,2.0,0.0,2.0,0.0,8.0,3.0,3.0,4.0,0.0,0.0,0.0,0.0,0.0,0.0,0.0
140,"2017","Chhattisgarh","22","Bastar","374","Jagdalpur","1",3.0,6.0,23.0,25.0,14.0,5.0,0.0,1.0,27.0,77.0,20.0,5.0,4.0,0.0,0.0,0.0,0.0,0.0,0.0,0.0
141,"2017","Chhattisgarh","22","Janjgir-Champa","379","Janjgir","0",4.0,10.0,36.0,58.0,40.0,15.0,0.0,4.0,87.0,120.0,70.0,60.0,28.0,0.0,0.0,0.0,0.0,0.0,0.0,0.0
142,"2017","Chhattisgarh","22","Jashpur","380","Jashpur","0",3.0,11.0,10.0,8.0,9.0,6.0,0.0,10.0,47.0,67.0,19.0,8.0,3.0,0.0,0.0,0.0,0.0,0.0,0.0,0.0
143,"2017","Chhattisgarh","22","Kabirdham","382","Kabirdham","0",5.0,9.0,23.0,11.0,5.0,4.0,0.0,1.0,51.0,99.0,24.0,3.0,5.0,0.0,0.0,0.0,0.0,0.0,0.0,0.0
144,"2017","Chhattisgarh","22","Kanker","381","Kanker","0",2.0,5.0,40.0,14.0,6.0,2.0,0.0,0.0,44.0,117.0,21.0,0.0,0.0,0.0,0.0,0.0,0.0,0.0,0.0,0.0
145,"2017","Chhattisgarh","22","Kondagaon","643","Kondagaon","0",2.0,4.0,10.0,7.0,4.0,0.0,0.0,2.0,10.0,46.0,3.0,1.0,0.0,0.0,0.0,0.0,0.0,0.0,0.0,0.0
146,"2017","Chhattisgarh","22","Korba","383","Korba","0",12.0,26.0,60.0,32.0,10.0,10.0,1.0,3.0,53.0,137.0,65.0,6.0,0.0,0.0,0.0,0.0,0.0,0.0,0.0,0.0
147,"2017","Chhattisgarh","22","Korea","384","Koriya","0",4.0,12.0,11.0,14.0,36.0,0.0,0.0,18.0,22.0,58.0,97.0,18.0,0.0,0.0,0.0,0.0,0.0,0.0,0.0,0.0
148,"2017","Chhattisgarh","22","Mahasamund","385","Mahasamund","0",7.0,12.0,61.0,33.0,5.0,4.0,0.0,9.0,52.0,250.0,29.0,4.0,2.0,0.0,0.0,0.0,0.0,0.0,0.0,0.0
149,"2017","Chhattisgarh","22","Mungeli","647","Mungali","0",2.0,6.0,25.0,11.0,4.0,3.0,0.0,10.0,38.0,64.0,21.0,5.0,1.0,0.0,0.0,0.0,0.0,0.0,0.0,0.0
150,"2017","Chhattisgarh","22","Narayanpur","637","Narayanpur","0",0.0,0.0,5.0,0.0,1.0,0.0,0.0,1.0,4.0,7.0,1.0,0.0,0.0,0.0,0.0,0.0,0.0,0.0,0.0,0.0
151,"2017","Chhattisgarh","22","Raigarh","386","Raigarh","0",16.0,12.0,58.0,63.0,38.0,14.0,0.0,16.0,84.0,200.0,75.0,17.0,8.0,0.0,0.0,0.0,0.0,0.0,0.0,0.0
152,"2017","Chhattisgarh","22","Raipur","387","Raipur","1",51.0,119.0,262.0,164.0,91.0,40.0,0.0,24.0,278.0,673.0,250.0,54.0,19.0,0.0,0.0,0.0,0.0,0.0,0.0,0.0
153,"2017","Chhattisgarh","22","Rajnandgaon","388","Rajnandgaon","0",8.0,13.0,100.0,46.0,23.0,12.0,0.0,4.0,63.0,289.0,65.0,15.0,9.0,0.0,0.0,0.0,0.0,0.0,0.0,0.0
154,"2017","Chhattisgarh","22","Surguja","389","Sarguja","0",7.0,20.0,25.0,30.0,10.0,7.0,0.0,3.0,65.0,159.0,40.0,9.0,4.0,0.0,0.0,0.0,0.0,0.0,0.0,0.0
155,"2017","Chhattisgarh","22","Sukma","642","Sukma","0",0.0,0.0,3.0,1.0,2.0,0.0,0.0,0.0,1.0,8.0,0.0,1.0,0.0,0.0,0.0,0.0,0.0,0.0,0.0,0.0
156,"2017","Chhattisgarh","22","Surajpur","648","Surajpur","0",4.0,15.0,29.0,23.0,9.0,1.0,0.0,3.0,22.0,71.0,22.0,5.0,2.0,0.0,0.0,0.0,0.0,0.0,0.0,0.0
157,"2017","Goa","30","North Goa","551","North Goa","0",1.0,0.0,59.0,43.0,28.0,20.0,0.0,3.0,1.0,83.0,32.0,6.0,7.0,0.0,0.0,0.0,0.0,0.0,0.0,0.0
158,"2017","Goa","30","South Goa","552","South Goa","0",3.0,0.0,47.0,51.0,28.0,16.0,1.0,2.0,1.0,85.0,29.0,10.0,10.0,0.0,0.0,0.0,0.0,0.0,0.0,0.0
159,"2017","Goa","30","North Goa","551","Cid","0",0.0,0.0,6.0,2.0,0.0,0.0,1.0,0.0,0.0,2.0,1.0,0.0,0.0,0.0,0.0,0.0,0.0,0.0,0.0,0.0
160,"2017","Gujarat","24","Ahmadabad","438","Ahmedabad City","18",56.0,54.0,394.0,272.0,131.0,72.0,16.0,69.0,266.0,1252.0,195.0,33.0,27.0,0.0,0.0,0.0,0.0,0.0,0.0,0.0
161,"2017","Gujarat","24","Ahmadabad","438","Ahmedabad Rural","5",3.0,0.0,38.0,24.0,6.0,8.0,2.0,3.0,34.0,117.0,24.0,2.0,2.0,0.0,0.0,0.0,0.0,0.0,0.0,0.0
162,"2017","Gujarat","24","Amreli","439","Amreli","1",1.0,3.0,11.0,7.0,2.0,3.0,3.0,2.0,4.0,62.0,3.0,0.0,0.0,0.0,0.0,0.0,0.0,0.0,0.0,0.0
163,"2017","Gujarat","24","Anand","440","Anand","0",0.0,1.0,65.0,32.0,19.0,7.0,0.0,0.0,19.0,184.0,81.0,17.0,7.0,0.0,0.0,0.0,0.0,0.0,0.0,0.0
164,"2017","Gujarat","24","Arvalli","672","Arvalli","1",0.0,1.0,19.0,7.0,1.0,0.0,0.0,0.0,1.0,55.0,15.0,1.0,0.0,0.0,0.0,0.0,0.0,0.0,0.0,0.0
165,"2017","Gujarat","24","Banas Kantha","441","Banaskantha","0",0.0,5.0,94.0,0.0,0.0,1.0,0.0,0.0,3.0,170.0,0.0,0.0,1.0,0.0,0.0,0.0,0.0,0.0,0.0,0.0
166,"2017","Gujarat","24","Bharuch","442","Bharuch","4",7.0,1.0,49.0,44.0,23.0,14.0,8.0,3.0,4.0,146.0,21.0,5.0,2.0,0.0,0.0,0.0,0.0,0.0,0.0,0.0
167,"2017","Gujarat","24","Bhavnagar","443","Bhavnagar","0",0.0,0.0,22.0,21.0,24.0,0.0,0.0,0.0,0.0,22.0,26.0,5.0,0.0,0.0,0.0,0.0,0.0,0.0,0.0,0.0
168,"2017","Gujarat","24","Botad","676","Botad","0",0.0,0.0,6.0,2.0,2.0,1.0,1.0,1.0,9.0,37.0,2.0,1.0,0.0,0.0,0.0,0.0,0.0,0.0,0.0,0.0
169,"2017","Gujarat","24","Chhotaudepur","668","Chhotaudepur","1",0.0,1.0,10.0,6.0,3.0,1.0,0.0,0.0,2.0,17.0,4.0,3.0,2.0,0.0,0.0,0.0,0.0,0.0,0.0,0.0
170,"2017","Gujarat","24","Gandhinagar","446","Cid Crime","0",0.0,0.0,0.0,0.0,0.0,0.0,0.0,0.0,0.0,0.0,0.0,0.0,0.0,0.0,0.0,0.0,0.0,0.0,0.0,0.0
171,"2017","Gujarat","24","Dohad","445","Dahod","0",0.0,1.0,8.0,8.0,0.0,1.0,1.0,0.0,2.0,20.0,6.0,0.0,0.0,0.0,0.0,0.0,0.0,0.0,0.0,0.0
172,"2017","Gujarat","24","Dang","444","Dang","0",1.0,0.0,1.0,0.0,0.0,0.0,0.0,0.0,0.0,8.0,0.0,0.0,0.0,0.0,0.0,0.0,0.0,0.0,0.0,0.0
173,"2017","Gujarat","24","Devbhumi Dwarka","674","Devbhumi Dwarka","3",3.0,0.0,13.0,10.0,7.0,2.0,0.0,0.0,2.0,46.0,8.0,0.0,1.0,0.0,0.0,0.0,0.0,0.0,0.0,0.0
174,"2017","Gujarat","24","Gandhinagar","446","Gandhinagar","0",6.0,3.0,80.0,56.0,25.0,5.0,18.0,10.0,70.0,280.0,33.0,3.0,1.0,0.0,0.0,0.0,0.0,0.0,0.0,0.0
175,"2017","Gujarat","24","Gir Somnath","675","Gir Somnath","0",0.0,2.0,6.0,8.0,2.0,2.0,1.0,0.0,1.0,18.0,1.0,0.0,2.0,0.0,0.0,0.0,0.0,0.0,0.0,0.0
176,"2017","Gujarat","24","Jamnagar","447","Jamnagar","0",3.0,4.0,31.0,19.0,15.0,0.0,0.0,9.0,6.0,82.0,41.0,35.0,0.0,0.0,0.0,0.0,0.0,0.0,0.0,0.0
177,"2017","Gujarat","24","Junagadh","448","Junagadh","0",0.0,2.0,20.0,7.0,3.0,2.0,1.0,0.0,0.0,17.0,1.0,0.0,0.0,0.0,0.0,0.0,0.0,0.0,0.0,0.0
178,"2017","Gujarat","24","Kachchh","449","Kachchh East(G)","0",3.0,7.0,21.0,35.0,13.0,4.0,1.0,4.0,30.0,131.0,37.0,4.0,0.0,0.0,0.0,0.0,0.0,0.0,0.0,0.0
179,"2017","Gujarat","24","Kachchh","449","Kachchh West(B)","0",0.0,2.0,25.0,26.0,12.0,2.0,0.0,1.0,31.0,120.0,22.0,2.0,0.0,0.0,0.0,0.0,0.0,0.0,0.0,0.0
180,"2017","Gujarat","24","Kheda","450","Kheda","0",1.0,5.0,30.0,24.0,14.0,4.0,1.0,0.0,3.0,83.0,25.0,3.0,1.0,0.0,0.0,0.0,0.0,1.0,0.0,0.0
181,"2017","Gujarat","24","Mahisagar","669","Mahisagar","0",2.0,1.0,17.0,6.0,1.0,1.0,1.0,2.0,7.0,30.0,7.0,1.0,0.0,0.0,0.0,0.0,0.0,0.0,0.0,0.0
182,"2017","Gujarat","24","Mahesana","451","Mehsana","0",2.0,6.0,151.0,53.0,12.0,3.0,0.0,0.0,15.0,236.0,51.0,3.0,0.0,0.0,0.0,0.0,0.0,0.0,0.0,0.0
183,"2017","Gujarat","24","Morbi","673","Morbi","0",0.0,0.0,9.0,15.0,10.0,2.0,0.0,0.0,0.0,38.0,23.0,14.0,3.0,0.0,0.0,0.0,0.0,0.0,0.0,0.0
184,"2017","Gujarat","24","Narmada","452","Narmada","0",0.0,0.0,1.0,4.0,2.0,1.0,0.0,2.0,0.0,8.0,1.0,1.0,1.0,0.0,0.0,0.0,0.0,0.0,0.0,0.0
185,"2017","Gujarat","24","Navsari","453","Navsari","1",1.0,1.0,28.0,28.0,22.0,8.0,2.0,3.0,0.0,53.0,16.0,10.0,5.0,0.0,0.0,0.0,0.0,0.0,0.0,0.0
186,"2017","Gujarat","24","Panch Mahals","454","Panchmahal","2",3.0,2.0,15.0,23.0,11.0,2.0,3.0,0.0,3.0,33.0,24.0,17.0,0.0,0.0,0.0,0.0,0.0,0.0,0.0,0.0
187,"2017","Gujarat","24","Patan","455","Patan","0",1.0,0.0,9.0,13.0,4.0,0.0,0.0,0.0,0.0,64.0,9.0,3.0,0.0,0.0,0.0,0.0,0.0,0.0,0.0,0.0
188,"2017","Gujarat","24","Porbandar","456","Porbandar","2",0.0,0.0,8.0,10.0,5.0,2.0,1.0,0.0,0.0,25.0,8.0,3.0,1.0,0.0,0.0,0.0,0.0,0.0,0.0,0.0
189,"2017","Gujarat","24","Rajkot","457","Rajkot City","0",0.0,0.0,61.0,100.0,55.0,15.0,0.0,0.0,6.0,259.0,89.0,26.0,4.0,0.0,0.0,0.0,0.0,0.0,0.0,0.0
190,"2017","Gujarat","24","Rajkot","457","Rajkot Rural","8",4.0,1.0,31.0,35.0,13.0,6.0,13.0,3.0,14.0,197.0,28.0,2.0,1.0,0.0,0.0,0.0,0.0,0.0,0.0,0.0
191,"2017","Gujarat","24","Sabar Kantha","458","Sabarkantha","1",3.0,1.0,36.0,28.0,7.0,1.0,1.0,0.0,11.0,138.0,21.0,1.0,3.0,0.0,0.0,0.0,0.0,0.0,0.0,0.0
192,"2017","Gujarat","24","Surat","459","Surat City","34",41.0,5.0,327.0,237.0,91.0,48.0,37.0,22.0,81.0,683.0,120.0,25.0,23.0,0.0,0.0,0.0,0.0,0.0,0.0,0.0
193,"2017","Gujarat","24","Surat","459","Surat Rural","3",4.0,1.0,26.0,26.0,12.0,3.0,6.0,0.0,7.0,109.0,22.0,3.0,1.0,0.0,0.0,0.0,0.0,0.0,0.0,0.0
194,"2017","Gujarat","24","Surendranagar","460","Surendranagar","0",0.0,0.0,11.0,13.0,6.0,3.0,0.0,0.0,0.0,43.0,6.0,2.0,0.0,0.0,0.0,0.0,0.0,0.0,0.0,0.0
195,"2017","Gujarat","24","Tapi","641","Tapi","0",0.0,0.0,4.0,6.0,10.0,0.0,0.0,1.0,0.0,5.0,2.0,3.0,0.0,0.0,0.0,0.0,0.0,0.0,0.0,0.0
196,"2017","Gujarat","24","Vadodara","461","Vadodara City","0",8.0,18.0,75.0,112.0,77.0,27.0,2.0,7.0,107.0,249.0,116.0,30.0,14.0,0.0,0.0,0.0,0.0,0.0,0.0,0.0
197,"2017","Gujarat","24","Vadodara","461","Vadodara Rural","0",1.0,4.0,19.0,18.0,5.0,4.0,0.0,1.0,11.0,41.0,8.0,1.0,2.0,0.0,0.0,0.0,0.0,0.0,0.0,0.0
198,"2017","Gujarat","24","Valsad","462","Valsad","3",6.0,1.0,32.0,25.0,19.0,8.0,6.0,1.0,2.0,96.0,19.0,3.0,4.0,0.0,0.0,0.0,0.0,0.0,0.0,0.0
199,"2017","Gujarat","24","Ahmadabad","438","W.Rly Ahmedabad","0",0.0,1.0,2.0,0.0,0.0,1.0,2.0,0.0,1.0,9.0,0.0,0.0,1.0,0.0,0.0,0.0,0.0,0.0,0.0,0.0
200,"2017","Gujarat","24","Vadodara","461","W.Rly Vadodara","2",1.0,3.0,14.0,6.0,3.0,6.0,0.0,1.0,1.0,12.0,2.0,1.0,3.0,0.0,0.0,0.0,0.0,0.0,0.0,0.0
201,"2017","Haryana","06","Ambala","058","Ambala","7",12.0,20.0,35.0,47.0,20.0,14.0,8.0,7.0,22.0,95.0,16.0,5.0,5.0,0.0,0.0,0.0,0.0,0.0,0.0,0.0
202,"2017","Haryana","06","Bhiwani","059","Bhiwani","0",4.0,16.0,45.0,25.0,11.0,6.0,0.0,2.0,23.0,119.0,16.0,2.0,0.0,0.0,0.0,0.0,0.0,0.0,0.0,0.0
203,"2017","Haryana","06","Faridabad","060","Faridabad","0",20.0,34.0,138.0,99.0,32.0,30.0,0.0,5.0,27.0,345.0,73.0,14.0,11.0,0.0,0.0,0.0,0.0,0.0,0.0,0.0
204,"2017","Haryana","06","Fatehabad","061","Fatehabad","7",7.0,10.0,22.0,46.0,16.0,9.0,9.0,6.0,17.0,151.0,35.0,9.0,0.0,0.0,0.0,0.0,0.0,0.0,0.0,0.0
205,"2017","Haryana","06","Ambala","058","Grp","1",0.0,1.0,1.0,0.0,3.0,2.0,0.0,0.0,0.0,1.0,2.0,0.0,0.0,0.0,0.0,0.0,0.0,0.0,0.0,0.0
206,"2017","Haryana","06","Gurugram","062","Gurugram","0",11.0,30.0,165.0,91.0,25.0,15.0,1.0,1.0,25.0,256.0,83.0,16.0,4.0,0.0,0.0,0.0,0.0,0.0,0.0,0.0
207,"2017","Haryana","06","Hisar","063","Hissar","1",10.0,26.0,70.0,42.0,8.0,7.0,0.0,0.0,56.0,207.0,48.0,5.0,2.0,0.0,0.0,0.0,0.0,0.0,0.0,0.0
208,"2017","Haryana","06","Jhajjar","064","Jhajjar","1",13.0,22.0,42.0,38.0,14.0,5.0,2.0,10.0,42.0,70.0,58.0,5.0,0.0,0.0,0.0,0.0,0.0,0.0,0.0,0.0
209,"2017","Haryana","06","Jind","065","Jind","0",8.0,13.0,19.0,32.0,6.0,3.0,0.0,17.0,54.0,76.0,73.0,19.0,2.0,0.0,0.0,0.0,0.0,0.0,0.0,0.0
210,"2017","Haryana","06","Kaithal","066","Kaithal","4",10.0,21.0,36.0,26.0,16.0,9.0,5.0,9.0,11.0,61.0,19.0,3.0,1.0,0.0,0.0,0.0,0.0,0.0,0.0,0.0
211,"2017","Haryana","06","Karnal","067","Karnal","0",6.0,13.0,38.0,14.0,15.0,4.0,0.0,0.0,6.0,35.0,12.0,2.0,2.0,0.0,0.0,0.0,0.0,0.0,0.0,0.0
212,"2017","Haryana","06","Kurukshetra","068","Kurukshetra","5",22.0,27.0,39.0,61.0,23.0,12.0,2.0,14.0,33.0,99.0,53.0,10.0,3.0,0.0,0.0,0.0,0.0,0.0,0.0,0.0
213,"2017","Haryana","06","Mahendragarh","069","Mahendergarh","1",8.0,21.0,17.0,12.0,4.0,3.0,1.0,1.0,11.0,54.0,10.0,0.0,0.0,0.0,0.0,0.0,0.0,0.0,0.0,0.0
214,"2017","Haryana","06","Nuh","604","Mewat","0",6.0,13.0,11.0,2.0,0.0,0.0,0.0,0.0,3.0,14.0,7.0,0.0,0.0,0.0,0.0,0.0,0.0,0.0,0.0,0.0
215,"2017","Haryana","06","Palwal","619","Palwal","0",5.0,23.0,20.0,12.0,10.0,0.0,0.0,35.0,70.0,50.0,10.0,0.0,0.0,0.0,0.0,0.0,0.0,0.0,0.0,0.0
216,"2017","Haryana","06","Panchkula","070","Panchkula","3",15.0,6.0,18.0,11.0,9.0,3.0,5.0,4.0,40.0,76.0,50.0,14.0,4.0,0.0,0.0,0.0,0.0,0.0,0.0,0.0
217,"2017","Haryana","06","Panipat","071","Panipat","13",41.0,57.0,93.0,69.0,49.0,19.0,12.0,33.0,178.0,222.0,95.0,19.0,7.0,0.0,0.0,0.0,0.0,0.0,0.0,0.0
218,"2017","Haryana","06","Rewari","072","Rewari","6",10.0,25.0,28.0,18.0,10.0,4.0,3.0,6.0,40.0,99.0,20.0,3.0,0.0,0.0,0.0,0.0,0.0,0.0,0.0,0.0
219,"2017","Haryana","06","Rohtak","073","Rohtak","12",22.0,39.0,79.0,60.0,31.0,9.0,9.0,11.0,25.0,133.0,35.0,5.0,4.0,0.0,0.0,0.0,0.0,0.0,0.0,0.0
220,"2017","Haryana","06","Sirsa","074","Sirsa","3",9.0,8.0,28.0,19.0,11.0,5.0,1.0,5.0,26.0,150.0,28.0,2.0,1.0,0.0,0.0,0.0,0.0,0.0,0.0,0.0
221,"2017","Haryana","06","Sonipat","075","Sonipat","2",19.0,37.0,65.0,37.0,19.0,12.0,3.0,19.0,49.0,123.0,58.0,12.0,3.0,0.0,0.0,0.0,0.0,0.0,0.0,0.0
222,"2017","Haryana","06","Yamunanagar","076","Yamunanagar","4",22.0,19.0,57.0,42.0,26.0,13.0,4.0,10.0,34.0,112.0,27.0,4.0,1.0,0.0,0.0,0.0,0.0,0.0,0.0,0.0
223,"2017","Haryana","06","Gurugram","062","Irrigation And Power","0",0.0,0.0,0.0,0.0,0.0,0.0,0.0,0.0,0.0,0.0,0.0,0.0,0.0,0.0,0.0,0.0,0.0,0.0,0.0,0.0
224,"2017","Haryana","06","Charki Dadri","701","Charkhi Dadri","0",7.0,6.0,9.0,10.0,5.0,3.0,0.0,0.0,14.0,35.0,6.0,2.0,1.0,0.0,0.0,0.0,0.0,0.0,0.0,0.0
225,"2017","Haryana","06","Hisar","063","Hansi","1",4.0,7.0,16.0,11.0,11.0,2.0,0.0,0.0,12.0,72.0,9.0,0.0,2.0,0.0,0.0,0.0,0.0,0.0,0.0,0.0
226,"2017","Himachal Pradesh","02","Solan","025","Baddi","1",3.0,0.0,7.0,15.0,5.0,2.0,0.0,0.0,4.0,18.0,5.0,1.0,1.0,0.0,0.0,0.0,0.0,0.0,0.0,0.0
227,"2017","Himachal Pradesh","02","Bilaspur","015","Bilaspur","0",0.0,4.0,16.0,9.0,9.0,4.0,0.0,0.0,19.0,45.0,15.0,1.0,3.0,0.0,0.0,0.0,0.0,0.0,0.0,0.0
228,"2017","Himachal Pradesh","02","Chamba","016","Chamba","0",0.0,4.0,3.0,7.0,2.0,3.0,0.0,1.0,22.0,5.0,0.0,0.0,0.0,0.0,0.0,0.0,0.0,0.0,0.0,0.0
229,"2017","Himachal Pradesh","02","Shimla","023","Cid","0",0.0,0.0,0.0,0.0,0.0,0.0,0.0,0.0,0.0,0.0,0.0,0.0,0.0,0.0,0.0,0.0,0.0,0.0,0.0,0.0
230,"2017","Himachal Pradesh","02","Shimla","023","Grp","0",0.0,0.0,0.0,0.0,0.0,0.0,0.0,0.0,0.0,0.0,0.0,1.0,0.0,0.0,0.0,0.0,0.0,0.0,0.0,0.0
231,"2017","Himachal Pradesh","02","Hamirpur","017","Hamirpur","0",2.0,3.0,7.0,9.0,5.0,5.0,0.0,1.0,5.0,50.0,4.0,3.0,1.0,0.0,0.0,0.0,0.0,0.0,0.0,0.0
232,"2017","Himachal Pradesh","02","Kangra","018","Kangra","0",5.0,3.0,41.0,26.0,11.0,2.0,0.0,2.0,5.0,49.0,41.0,15.0,2.0,0.0,0.0,0.0,0.0,0.0,0.0,0.0
233,"2017","Himachal Pradesh","02","Kinnaur","019","Kinnaur","0",0.0,3.0,3.0,5.0,1.0,0.0,0.0,0.0,2.0,3.0,0.0,0.0,0.0,0.0,0.0,0.0,0.0,0.0,0.0,0.0
234,"2017","Himachal Pradesh","02","Kullu","020","Kullu","0",0.0,2.0,7.0,18.0,14.0,1.0,0.0,0.0,0.0,19.0,27.0,2.0,0.0,0.0,0.0,0.0,0.0,0.0,0.0,0.0
235,"2017","Himachal Pradesh","02","Lahul And Spiti","021","Lahaul And Spiti","0",0.0,0.0,0.0,0.0,0.0,0.0,0.0,0.0,0.0,0.0,2.0,1.0,0.0,0.0,0.0,0.0,0.0,0.0,0.0,0.0
236,"2017","Himachal Pradesh","02","Mandi","022","Mandi","1",0.0,21.0,31.0,13.0,12.0,2.0,0.0,1.0,43.0,93.0,24.0,1.0,1.0,0.0,0.0,0.0,0.0,0.0,0.0,0.0
237,"2017","Himachal Pradesh","02","Shimla","023","Shimla","0",3.0,24.0,19.0,16.0,6.0,1.0,0.0,4.0,20.0,77.0,24.0,3.0,0.0,0.0,0.0,0.0,0.0,0.0,0.0,0.0
238,"2017","Himachal Pradesh","02","Sirmaur","024","Sirmaur","1",1.0,1.0,13.0,9.0,4.0,2.0,0.0,1.0,12.0,61.0,8.0,1.0,0.0,0.0,0.0,0.0,0.0,0.0,0.0,0.0
239,"2017","Himachal Pradesh","02","Solan","025","Solan","1",2.0,6.0,11.0,9.0,6.0,0.0,0.0,2.0,10.0,38.0,12.0,2.0,0.0,0.0,0.0,0.0,0.0,0.0,0.0,0.0
240,"2017","Himachal Pradesh","02","Una","026","Una","0",3.0,2.0,7.0,11.0,3.0,4.0,0.0,2.0,10.0,19.0,3.0,4.0,1.0,0.0,0.0,0.0,0.0,0.0,0.0,0.0
241,"2017","Himachal Pradesh","02","Shimla","023","Cyber","0",0.0,0.0,0.0,0.0,0.0,0.0,0.0,0.0,0.0,0.0,0.0,0.0,0.0,0.0,0.0,0.0,0.0,0.0,0.0,0.0
242,"2017","Jammu And Kashmir","01","Anantnag","001","Anantnag","0",1.0,3.0,25.0,8.0,3.0,0.0,0.0,0.0,4.0,50.0,17.0,1.0,0.0,0.0,0.0,0.0,0.0,0.0,0.0,0.0
243,"2017","Jammu And Kashmir","01","Pulwama","011","Awantipora","0",0.0,0.0,32.0,0.0,0.0,0.0,0.0,0.0,0.0,12.0,0.0,0.0,0.0,0.0,0.0,0.0,0.0,0.0,0.0,0.0
244,"2017","Jammu And Kashmir","01","Bandipora","623","Bandipora","0",1.0,5.0,11.0,1.0,1.0,1.0,0.0,0.0,4.0,9.0,2.0,0.0,0.0,0.0,0.0,0.0,0.0,0.0,0.0,0.0
245,"2017","Jammu And Kashmir","01","Baramulla","003","Baramulla","0",2.0,1.0,0.0,0.0,0.0,0.0,0.0,0.0,5.0,4.0,3.0,0.0,0.0,0.0,0.0,0.0,0.0,0.0,0.0,0.0
246,"2017","Jammu And Kashmir","01","Budgam","002","Budgam","1",0.0,0.0,15.0,18.0,6.0,0.0,0.0,0.0,0.0,16.0,15.0,3.0,0.0,0.0,0.0,0.0,0.0,0.0,0.0,0.0
247,"2017","Jammu And Kashmir","01","Jammu","005","Crime Jammu","0",0.0,0.0,0.0,0.0,0.0,0.0,0.0,0.0,0.0,0.0,0.0,0.0,0.0,0.0,0.0,0.0,0.0,0.0,0.0,0.0
248,"2017","Jammu And Kashmir","01","Jammu","005","Crime Srinagar","0",0.0,0.0,0.0,0.0,0.0,0.0,0.0,0.0,0.0,0.0,0.0,0.0,0.0,0.0,0.0,0.0,0.0,0.0,0.0,0.0
249,"2017","Jammu And Kashmir","01","Doda","004","Doda","0",0.0,0.0,7.0,9.0,1.0,0.0,0.0,0.0,1.0,17.0,17.0,1.0,0.0,0.0,0.0,0.0,0.0,0.0,0.0,0.0
250,"2017","Jammu And Kashmir","01","Ganderbal","626","Ganderbal","0",1.0,7.0,7.0,1.0,1.0,1.0,0.0,0.0,1.0,16.0,7.0,1.0,0.0,0.0,0.0,0.0,0.0,0.0,0.0,0.0
251,"2017","Jammu And Kashmir","01","Kupwara","008","Handwara","1",0.0,1.0,3.0,5.0,0.0,0.0,0.0,0.0,1.0,9.0,2.0,0.0,0.0,0.0,0.0,0.0,0.0,0.0,0.0,0.0
252,"2017","Jammu And Kashmir","01","Jammu","005","Jammu","0",0.0,0.0,109.0,104.0,24.0,0.0,0.0,0.0,0.0,87.0,61.0,41.0,0.0,0.0,0.0,0.0,0.0,0.0,0.0,0.0
253,"2017","Jammu And Kashmir","01","Kargil","006","Kargil","0",0.0,0.0,2.0,2.0,2.0,0.0,1.0,0.0,2.0,5.0,0.0,0.0,0.0,0.0,0.0,0.0,0.0,0.0,0.0,0.0
254,"2017","Jammu And Kashmir","01","Kathua","007","Kathua","0",0.0,0.0,17.0,14.0,5.0,0.0,0.0,2.0,15.0,38.0,29.0,4.0,1.0,0.0,0.0,0.0,0.0,0.0,0.0,0.0
255,"2017","Jammu And Kashmir","01","Kishtwar","620","Kishtwar","1",1.0,0.0,10.0,2.0,3.0,0.0,1.0,0.0,0.0,18.0,8.0,0.0,0.0,0.0,0.0,0.0,0.0,0.0,0.0,0.0
256,"2017","Jammu And Kashmir","01","Kulgam","622","Kulgam","0",0.0,0.0,21.0,15.0,3.0,0.0,0.0,0.0,0.0,12.0,6.0,2.0,0.0,0.0,0.0,0.0,0.0,0.0,0.0,0.0
257,"2017","Jammu And Kashmir","01","Kupwara","008","Kupwara","0",0.0,0.0,22.0,12.0,0.0,0.0,0.0,0.0,0.0,26.0,8.0,0.0,0.0,0.0,0.0,0.0,0.0,0.0,0.0,0.0
258,"2017","Jammu And Kashmir","01","Leh Ladakh","009","Leh","0",0.0,0.0,3.0,3.0,2.0,0.0,0.0,0.0,0.0,4.0,3.0,0.0,0.0,0.0,0.0,0.0,0.0,0.0,0.0,0.0
259,"2017","Jammu And Kashmir","01","Poonch","010","Poonch","0",0.0,0.0,8.0,0.0,2.0,0.0,0.0,0.0,0.0,34.0,5.0,0.0,0.0,0.0,0.0,0.0,0.0,0.0,0.0,0.0
260,"2017","Jammu And Kashmir","01","Pulwama","011","Pulwama","0",2.0,0.0,8.0,1.0,0.0,1.0,0.0,0.0,0.0,7.0,7.0,1.0,0.0,0.0,0.0,0.0,0.0,0.0,0.0,0.0
261,"2017","Jammu And Kashmir","01","Jammu","005","Railways Jammu","0",0.0,0.0,1.0,1.0,0.0,0.0,0.0,0.0,0.0,0.0,0.0,0.0,0.0,0.0,0.0,0.0,0.0,0.0,0.0,0.0
262,"2017","Jammu And Kashmir","01","Jammu","005","Railways Kashmir","0",0.0,0.0,0.0,0.0,0.0,0.0,0.0,0.0,0.0,0.0,0.0,0.0,0.0,0.0,0.0,0.0,0.0,0.0,0.0,0.0
263,"2017","Jammu And Kashmir","01","Reasi","627","Railways Katra","0",0.0,0.0,0.0,0.0,0.0,0.0,0.0,0.0,0.0,0.0,0.0,0.0,0.0,0.0,0.0,0.0,0.0,0.0,0.0,0.0
264,"2017","Jammu And Kashmir","01","Rajouri","012","Rajouri","0",1.0,0.0,4.0,5.0,0.0,0.0,0.0,0.0,0.0,45.0,25.0,1.0,0.0,0.0,0.0,0.0,0.0,0.0,0.0,0.0
265,"2017","Jammu And Kashmir","01","Ramban","621","Ramban","0",0.0,1.0,6.0,7.0,3.0,1.0,0.0,0.0,4.0,25.0,5.0,4.0,0.0,0.0,0.0,0.0,0.0,0.0,0.0,0.0
266,"2017","Jammu And Kashmir","01","Reasi","627","Reasi","0",0.0,0.0,17.0,8.0,4.0,3.0,1.0,0.0,0.0,37.0,15.0,2.0,7.0,0.0,0.0,0.0,0.0,0.0,0.0,0.0
267,"2017","Jammu And Kashmir","01","Samba","624","Samba","1",0.0,1.0,10.0,9.0,0.0,3.0,0.0,0.0,4.0,27.0,15.0,0.0,0.0,0.0,0.0,0.0,0.0,0.0,0.0,0.0
268,"2017","Jammu And Kashmir","01","Shopian","625","Shopian","0",0.0,8.0,10.0,0.0,0.0,0.0,0.0,0.0,5.0,5.0,0.0,0.0,0.0,0.0,0.0,0.0,0.0,0.0,0.0,0.0
269,"2017","Jammu And Kashmir","01","Baramulla","003","Sopore","0",1.0,7.0,12.0,3.0,2.0,1.0,0.0,0.0,2.0,11.0,2.0,1.0,0.0,0.0,0.0,0.0,0.0,0.0,0.0,0.0
270,"2017","Jammu And Kashmir","01","Srinagar","013","Srinagar","0",1.0,2.0,45.0,47.0,2.0,0.0,0.0,0.0,3.0,44.0,29.0,2.0,0.0,0.0,0.0,0.0,0.0,0.0,0.0,0.0
271,"2017","Jammu And Kashmir","01","Udhampur","014","Udhampur","0",1.0,0.0,18.0,11.0,5.0,8.0,1.0,1.0,1.0,60.0,14.0,0.0,0.0,0.0,0.0,0.0,0.0,0.0,0.0,0.0
272,"2017","Jharkhand","20","Bokaro","322","Bokaro","0",0.0,0.0,0.0,0.0,0.0,0.0,0.0,0.0,0.0,0.0,0.0,0.0,0.0,0.0,0.0,0.0,0.0,0.0,0.0,0.0
273,"2017","Jharkhand","20","West Singhbhum","343","Chaibasa","0",1.0,0.0,0.0,0.0,0.0,0.0,0.0,4.0,11.0,2.0,0.0,0.0,0.0,0.0,0.0,0.0,0.0,0.0,0.0,0.0
274,"2017","Jharkhand","20","Chatra","323","Chatra","0",3.0,4.0,0.0,0.0,0.0,0.0,0.0,0.0,3.0,0.0,0.0,0.0,0.0,0.0,0.0,0.0,0.0,0.0,0.0,0.0
275,"2017","Jharkhand","20","Deoghar","324","Deoghar","0",4.0,6.0,13.0,4.0,4.0,4.0,0.0,0.0,6.0,19.0,5.0,3.0,2.0,0.0,0.0,0.0,0.0,0.0,0.0,0.0
276,"2017","Jharkhand","20","Dhanbad","325","Dhanbad","0",2.0,7.0,11.0,9.0,2.0,2.0,0.0,1.0,3.0,2.0,1.0,1.0,0.0,0.0,0.0,0.0,0.0,0.0,0.0,0.0
277,"2017","Jharkhand","20","Dhanbad","325","Dhanbad Railway","0",3.0,0.0,0.0,2.0,1.0,0.0,2.0,1.0,0.0,1.0,1.0,0.0,0.0,0.0,0.0,0.0,0.0,0.0,0.0,0.0
278,"2017","Jharkhand","20","Dumka","326","Dumka","0",0.0,6.0,5.0,2.0,1.0,0.0,0.0,0.0,5.0,0.0,0.0,0.0,0.0,0.0,0.0,0.0,0.0,0.0,0.0,0.0
279,"2017","Jharkhand","20","Garhwa","328","Garhwa","13",0.0,0.0,0.0,0.0,0.0,0.0,4.0,0.0,0.0,0.0,0.0,0.0,0.0,0.0,0.0,0.0,0.0,0.0,0.0,0.0
280,"2017","Jharkhand","20","Giridih","329","Giridih","0",8.0,4.0,5.0,0.0,1.0,0.0,0.0,0.0,8.0,10.0,0.0,0.0,0.0,0.0,0.0,0.0,0.0,0.0,0.0,0.0
281,"2017","Jharkhand","20","Godda","330","Godda","1",1.0,0.0,4.0,1.0,0.0,0.0,0.0,1.0,0.0,1.0,1.0,0.0,0.0,0.0,0.0,0.0,0.0,0.0,0.0,0.0
282,"2017","Jharkhand","20","Gumla","331","Gumla","0",2.0,9.0,0.0,1.0,1.0,0.0,0.0,1.0,11.0,3.0,2.0,2.0,0.0,0.0,0.0,0.0,0.0,0.0,0.0,0.0
283,"2017","Jharkhand","20","Hazaribagh","332","Hazaribagh","1",11.0,7.0,6.0,4.0,3.0,3.0,1.0,6.0,14.0,7.0,2.0,3.0,1.0,0.0,0.0,0.0,0.0,0.0,0.0,0.0
284,"2017","Jharkhand","20","East Singhbum","327","Jamshedpur","0",5.0,6.0,10.0,4.0,4.0,0.0,0.0,4.0,4.0,4.0,0.0,0.0,1.0,0.0,0.0,0.0,0.0,0.0,0.0,0.0
285,"2017","Jharkhand","20","East Singhbum","327","Jamshedpur Railway","0",0.0,0.0,3.0,1.0,0.0,0.0,0.0,0.0,0.0,1.0,0.0,0.0,0.0,0.0,0.0,0.0,0.0,0.0,0.0,0.0
286,"2017","Jharkhand","20","Jamtara","333","Jamtara","0",1.0,5.0,0.0,0.0,0.0,0.0,0.0,0.0,1.0,0.0,0.0,0.0,0.0,0.0,0.0,0.0,0.0,0.0,0.0,0.0
287,"2017","Jharkhand","20","Khunti","606","Khunti","0",10.0,11.0,2.0,0.0,1.0,0.0,1.0,19.0,21.0,6.0,0.0,0.0,0.0,0.0,0.0,0.0,0.0,0.0,0.0,0.0
288,"2017","Jharkhand","20","Koderma","334","Koderma","0",0.0,2.0,0.0,0.0,0.0,0.0,0.0,0.0,1.0,0.0,0.0,0.0,0.0,0.0,0.0,0.0,0.0,0.0,0.0,0.0
289,"2017","Jharkhand","20","Latehar","335","Latehar","0",7.0,2.0,0.0,0.0,0.0,0.0,1.0,0.0,4.0,0.0,0.0,0.0,0.0,0.0,0.0,0.0,0.0,0.0,0.0,0.0
290,"2017","Jharkhand","20","Lohardaga","336","Lohardagga","1",4.0,2.0,0.0,0.0,1.0,0.0,0.0,0.0,1.0,1.0,1.0,0.0,1.0,0.0,0.0,0.0,0.0,0.0,0.0,0.0
291,"2017","Jharkhand","20","Pakur","337","Pakur","0",3.0,0.0,3.0,1.0,0.0,1.0,0.0,0.0,3.0,2.0,1.0,0.0,0.0,0.0,0.0,0.0,0.0,0.0,0.0,0.0
292,"2017","Jharkhand","20","Palamu","338","Palamu","2",3.0,0.0,0.0,1.0,0.0,0.0,0.0,0.0,4.0,2.0,3.0,0.0,0.0,0.0,0.0,0.0,0.0,0.0,0.0,0.0
293,"2017","Jharkhand","20","Ramgarh","607","Ramgarh","0",0.0,2.0,5.0,5.0,2.0,0.0,0.0,0.0,2.0,7.0,2.0,0.0,0.0,0.0,0.0,0.0,0.0,0.0,0.0,0.0
294,"2017","Jharkhand","20","Ranchi","339","Ranchi","0",12.0,5.0,18.0,25.0,10.0,6.0,2.0,8.0,12.0,21.0,4.0,5.0,2.0,0.0,0.0,0.0,0.0,0.0,0.0,0.0
295,"2017","Jharkhand","20","Sahebganj","340","Sahebganj","0",5.0,2.0,0.0,0.0,0.0,0.0,0.0,2.0,0.0,0.0,0.0,0.0,0.0,0.0,0.0,0.0,0.0,0.0,0.0,0.0
296,"2017","Jharkhand","20","Saraikela Kharsawan","341","Saraikela","0",2.0,8.0,6.0,5.0,0.0,0.0,0.0,1.0,3.0,6.0,1.0,0.0,0.0,0.0,0.0,0.0,0.0,0.0,0.0,0.0
297,"2017","Jharkhand","20","Simdega","342","Simdega","1",3.0,12.0,4.0,5.0,5.0,0.0,0.0,15.0,20.0,6.0,2.0,2.0,0.0,0.0,0.0,0.0,0.0,0.0,0.0,0.0
298,"2017","Karnataka","29","Bagalkote","524","Bagalkot","0",0.0,0.0,5.0,13.0,10.0,10.0,0.0,0.0,1.0,45.0,26.0,5.0,2.0,0.0,0.0,0.0,0.0,0.0,0.0,0.0
299,"2017","Karnataka","29","Bengaluru Urban","525","Bengaluru City","77",102.0,162.0,499.0,879.0,428.0,243.0,81.0,50.0,266.0,1828.0,692.0,176.0,126.0,0.0,0.0,0.0,0.0,0.0,0.0,0.0
300,"2017","Karnataka","29","Bengaluru Urban","525","Bengaluru District","8",11.0,10.0,81.0,100.0,45.0,25.0,12.0,8.0,28.0,296.0,135.0,24.0,13.0,0.0,0.0,0.0,0.0,0.0,0.0,0.0
301,"2017","Karnataka","29","Belagavi","527","Belagavi District","15",16.0,3.0,38.0,42.0,30.0,17.0,13.0,10.0,1.0,114.0,70.0,4.0,4.0,0.0,0.0,0.0,0.0,0.0,0.0,0.0
302,"2017","Karnataka","29","Ballari","528","Ballari","4",9.0,0.0,30.0,36.0,20.0,5.0,8.0,6.0,0.0,95.0,33.0,3.0,3.0,0.0,0.0,0.0,0.0,0.0,0.0,0.0
303,"2017","Karnataka","29","Bidar","529","Bidar","0",0.0,1.0,6.0,13.0,5.0,3.0,0.0,0.0,0.0,30.0,10.0,2.0,4.0,0.0,0.0,0.0,0.0,0.0,0.0,0.0
304,"2017","Karnataka","29","Vijayapura","530","Vijayapura","7",4.0,1.0,17.0,22.0,8.0,8.0,9.0,2.0,1.0,89.0,25.0,4.0,1.0,0.0,0.0,0.0,0.0,0.0,0.0,0.0
305,"2017","Karnataka","29","Chikkaballapura","630","Chikkaballapura","5",2.0,4.0,20.0,39.0,10.0,11.0,11.0,4.0,8.0,178.0,41.0,6.0,3.0,0.0,0.0,0.0,0.0,0.0,0.0,0.0
306,"2017","Karnataka","29","Chamarajanagara","531","Chamarajnagar","1",2.0,0.0,10.0,11.0,12.0,7.0,3.0,0.0,0.0,63.0,20.0,3.0,3.0,0.0,0.0,0.0,0.0,0.0,0.0,0.0
307,"2017","Karnataka","29","Chikkamagaluru","532","Chikkamagaluru","6",1.0,0.0,4.0,34.0,13.0,10.0,8.0,8.0,1.0,81.0,24.0,6.0,2.0,0.0,0.0,0.0,0.0,0.0,0.0,0.0
308,"2017","Karnataka","29","Chitradurga","533","Chitradurga","1",2.0,0.0,19.0,32.0,19.0,4.0,2.0,2.0,6.0,119.0,22.0,6.0,4.0,0.0,0.0,0.0,0.0,0.0,0.0,0.0
309,"2017","Karnataka","29","Dakshina Kannada","534","Dakshina Kannada","3",4.0,3.0,8.0,22.0,21.0,13.0,2.0,3.0,1.0,35.0,21.0,0.0,3.0,0.0,0.0,0.0,0.0,0.0,0.0,0.0
310,"2017","Karnataka","29","Davangere","535","Davanagere","6",8.0,0.0,24.0,45.0,36.0,17.0,7.0,6.0,2.0,139.0,54.0,5.0,3.0,0.0,0.0,0.0,0.0,0.0,0.0,0.0
311,"2017","Karnataka","29","Dharwad","536","Dharwad","0",0.0,0.0,5.0,12.0,9.0,7.0,0.0,0.0,0.0,35.0,13.0,2.0,0.0,0.0,0.0,0.0,0.0,0.0,0.0,0.0
312,"2017","Karnataka","29","Gadag","537","Gadag","0",0.0,0.0,8.0,11.0,11.0,4.0,0.0,0.0,0.0,39.0,14.0,2.0,1.0,0.0,0.0,0.0,0.0,0.0,0.0,0.0
313,"2017","Karnataka","29","Kalaburagi","538","Kalaburgi","3",1.0,0.0,11.0,22.0,14.0,5.0,0.0,0.0,0.0,58.0,23.0,1.0,2.0,0.0,0.0,0.0,0.0,0.0,0.0,0.0
314,"2017","Karnataka","29","Hassan","539","Hassan","2",5.0,8.0,12.0,41.0,48.0,18.0,7.0,2.0,1.0,138.0,36.0,8.0,5.0,0.0,0.0,0.0,0.0,0.0,0.0,0.0
315,"2017","Karnataka","29","Haveri","540","Haveri","4",1.0,4.0,9.0,17.0,15.0,9.0,5.0,1.0,2.0,58.0,21.0,1.0,1.0,0.0,0.0,0.0,0.0,0.0,0.0,0.0
316,"2017","Karnataka","29","Dharwad","536","Hubballi Dharwad City","4",5.0,13.0,10.0,37.0,24.0,13.0,3.0,6.0,2.0,51.0,35.0,5.0,4.0,0.0,0.0,0.0,0.0,0.0,0.0,0.0
317,"2017","Karnataka","29","Belagavi","527","K.G.F.","2",0.0,4.0,1.0,15.0,3.0,3.0,3.0,0.0,1.0,37.0,15.0,0.0,4.0,0.0,0.0,0.0,0.0,0.0,0.0,0.0
318,"2017","Karnataka","29","Kodagu","541","Kodagu","1",12.0,10.0,8.0,23.0,15.0,3.0,2.0,16.0,37.0,42.0,35.0,2.0,1.0,0.0,0.0,0.0,0.0,0.0,0.0,0.0
319,"2017","Karnataka","29","Kolar","542","Kolar","3",4.0,0.0,17.0,26.0,16.0,2.0,5.0,7.0,1.0,100.0,37.0,7.0,1.0,0.0,0.0,0.0,0.0,0.0,0.0,0.0
320,"2017","Karnataka","29","Koppal","543","Koppal","0",1.0,3.0,11.0,22.0,5.0,3.0,0.0,0.0,1.0,34.0,14.0,2.0,0.0,0.0,0.0,0.0,0.0,0.0,0.0,0.0
321,"2017","Karnataka","29","Mandya","544","Mandya","15",21.0,9.0,22.0,49.0,52.0,19.0,20.0,11.0,4.0,257.0,75.0,15.0,13.0,0.0,0.0,0.0,0.0,0.0,0.0,0.0
322,"2017","Karnataka","29","Dakshina Kannada","534","Mangaluru City","4",0.0,0.0,26.0,48.0,39.0,14.0,0.0,0.0,1.0,54.0,40.0,6.0,4.0,0.0,0.0,0.0,0.0,0.0,0.0,0.0
323,"2017","Karnataka","29","Mysuru","545","Mysuru City","2",19.0,31.0,33.0,81.0,55.0,31.0,0.0,13.0,49.0,157.0,66.0,22.0,9.0,0.0,0.0,0.0,0.0,0.0,0.0,0.0
324,"2017","Karnataka","29","Mysuru","545","Mysuru District","13",7.0,6.0,30.0,51.0,33.0,22.0,14.0,8.0,0.0,186.0,75.0,9.0,10.0,0.0,0.0,0.0,0.0,0.0,0.0,0.0
325,"2017","Karnataka","29","Raichur","546","Raichur","4",3.0,2.0,10.0,14.0,9.0,1.0,4.0,1.0,4.0,54.0,16.0,3.0,0.0,0.0,0.0,0.0,0.0,0.0,0.0,0.0
326,"2017","Karnataka","29","Bengaluru Urban","525","K.Railways","0",2.0,0.0,2.0,3.0,1.0,3.0,1.0,0.0,2.0,4.0,5.0,0.0,1.0,0.0,0.0,0.0,0.0,0.0,0.0,0.0
327,"2017","Karnataka","29","Ramanagara","631","Ramanagara","17",9.0,0.0,39.0,79.0,48.0,25.0,10.0,14.0,0.0,180.0,71.0,16.0,11.0,0.0,0.0,0.0,0.0,0.0,0.0,0.0
328,"2017","Karnataka","29","Shivamogga","547","Shimoga","11",11.0,3.0,38.0,78.0,45.0,7.0,9.0,10.0,0.0,247.0,77.0,15.0,10.0,0.0,0.0,0.0,0.0,0.0,0.0,0.0
329,"2017","Karnataka","29","Tumakuru","548","Tumakuru","12",3.0,1.0,22.0,39.0,35.0,14.0,8.0,7.0,1.0,189.0,79.0,10.0,5.0,0.0,0.0,0.0,0.0,0.0,0.0,0.0
330,"2017","Karnataka","29","Udupi","549","Udupi","1",4.0,18.0,7.0,32.0,22.0,17.0,1.0,2.0,15.0,37.0,17.0,1.0,4.0,0.0,0.0,0.0,0.0,0.0,0.0,0.0
331,"2017","Karnataka","29","Uttara Kannada","550","Uttara Kannada","2",2.0,1.0,27.0,34.0,22.0,6.0,7.0,2.0,0.0,88.0,35.0,6.0,1.0,0.0,0.0,0.0,0.0,0.0,0.0,0.0
332,"2017","Karnataka","29","Yadgir","635","Yadgiri","0",0.0,0.0,5.0,5.0,3.0,2.0,0.0,0.0,1.0,19.0,10.0,1.0,0.0,0.0,0.0,0.0,0.0,0.0,0.0,0.0
333,"2017","Karnataka","29","Belagavi","527","Belagavi City","1",1.0,5.0,14.0,25.0,18.0,8.0,3.0,1.0,1.0,44.0,20.0,1.0,2.0,0.0,0.0,0.0,0.0,0.0,0.0,0.0
334,"2017","Kerala","32","Alappuzha","554","Alapuzha","6",13.0,22.0,51.0,73.0,42.0,15.0,1.0,6.0,29.0,383.0,83.0,4.0,0.0,0.0,0.0,0.0,3.0,4.0,0.0,0.0
335,"2017","Kerala","32","Ernakulam","555","Ernakulam Commr.","6",18.0,11.0,63.0,69.0,19.0,26.0,5.0,15.0,46.0,222.0,39.0,2.0,6.0,0.0,0.0,0.0,0.0,0.0,0.0,0.0
336,"2017","Kerala","32","Ernakulam","555","Ernakulam Rural","5",10.0,30.0,52.0,52.0,40.0,21.0,4.0,9.0,35.0,241.0,60.0,13.0,8.0,0.0,0.0,0.0,0.0,0.0,0.0,0.0
337,"2017","Kerala","32","Idukki","556","Idukki","3",6.0,23.0,64.0,39.0,22.0,8.0,3.0,1.0,41.0,124.0,23.0,9.0,1.0,0.0,0.0,0.0,0.0,0.0,0.0,0.0
338,"2017","Kerala","32","Kannur","557","Kannur","2",9.0,19.0,19.0,28.0,13.0,6.0,6.0,7.0,28.0,142.0,44.0,1.0,2.0,0.0,0.0,0.0,0.0,1.0,0.0,0.0
339,"2017","Kerala","32","Kasaragod","558","Kasargod","3",11.0,3.0,32.0,15.0,13.0,6.0,3.0,1.0,6.0,78.0,45.0,6.0,6.0,0.0,0.0,0.0,0.0,0.0,0.0,0.0
340,"2017","Kerala","32","Kollam","559","Kollam Commr.","5",14.0,15.0,24.0,29.0,36.0,18.0,8.0,6.0,28.0,220.0,69.0,11.0,1.0,0.0,0.0,0.0,0.0,0.0,0.0,0.0
341,"2017","Kerala","32","Kollam","559","Kollam Rural","9",15.0,33.0,22.0,29.0,41.0,41.0,8.0,20.0,29.0,357.0,122.0,18.0,14.0,0.0,0.0,0.0,0.0,0.0,0.0,0.0
342,"2017","Kerala","32","Kottayam","560","Kottayam","3",5.0,30.0,32.0,32.0,33.0,18.0,1.0,1.0,35.0,253.0,42.0,9.0,7.0,0.0,0.0,0.0,0.0,0.0,0.0,0.0
343,"2017","Kerala","32","Kozhikode","561","Kozhikode Commr.","0",3.0,15.0,17.0,28.0,18.0,9.0,0.0,2.0,15.0,82.0,37.0,11.0,4.0,0.0,0.0,0.0,0.0,0.0,0.0,0.0
344,"2017","Kerala","32","Kozhikode","561","Kozhikode Rural","3",9.0,42.0,25.0,25.0,33.0,11.0,4.0,5.0,26.0,144.0,34.0,22.0,3.0,0.0,0.0,0.0,0.0,0.0,0.0,0.0
345,"2017","Kerala","32","Malappuram","562","Malappuram","5",17.0,47.0,69.0,39.0,26.0,8.0,2.0,11.0,33.0,211.0,32.0,11.0,4.0,0.0,0.0,0.0,0.0,0.0,0.0,0.0
346,"2017","Kerala","32","Palakkad","563","Palakkad","10",24.0,43.0,29.0,33.0,40.0,18.0,10.0,12.0,36.0,245.0,87.0,20.0,11.0,0.0,0.0,0.0,0.0,0.0,0.0,0.0
347,"2017","Kerala","32","Pathanamthitta","564","Pathanamthitta","0",0.0,0.0,0.0,0.0,0.0,0.0,0.0,0.0,0.0,0.0,0.0,0.0,0.0,0.0,0.0,0.0,0.0,0.0,0.0,0.0
348,"2017","Kerala","32","Thiruvananthapuram","565","Railways","0",2.0,6.0,4.0,2.0,5.0,2.0,0.0,0.0,2.0,5.0,1.0,0.0,0.0,0.0,0.0,0.0,0.0,0.0,0.0,0.0
349,"2017","Kerala","32","Thrissur","566","Thrissur Commr.","7",7.0,13.0,23.0,31.0,25.0,22.0,8.0,9.0,18.0,168.0,29.0,6.0,3.0,0.0,0.0,0.0,0.0,0.0,0.0,0.0
350,"2017","Kerala","32","Thrissur","566","Thrissur Rural","3",8.0,33.0,59.0,49.0,47.0,20.0,7.0,8.0,48.0,325.0,57.0,23.0,12.0,0.0,0.0,0.0,0.0,0.0,0.0,0.0
351,"2017","Kerala","32","Thiruvananthapuram","565","Trivandrum Commr.","4",11.0,35.0,43.0,111.0,76.0,37.0,7.0,11.0,28.0,253.0,38.0,20.0,16.0,0.0,0.0,0.0,0.0,0.0,0.0,0.0
352,"2017","Kerala","32","Thiruvananthapuram","565","Trivandrum Rural","3",16.0,52.0,61.0,79.0,77.0,30.0,5.0,11.0,58.0,501.0,79.0,5.0,12.0,0.0,0.0,0.0,0.0,0.0,0.0,0.0
353,"2017","Kerala","32","Wayanad","567","Wayanadu","3",2.0,20.0,21.0,13.0,13.0,6.0,4.0,17.0,17.0,58.0,21.0,16.0,4.0,0.0,0.0,0.0,0.0,0.0,0.0,0.0
354,"2017","Kerala","32","Thiruvananthapuram","565","Crime Branch","0",0.0,0.0,0.0,2.0,0.0,0.0,0.0,0.0,0.0,3.0,2.0,0.0,0.0,0.0,0.0,0.0,0.0,0.0,0.0,0.0
355,"2017","Madhya Pradesh","23","Agar Malwa","667","Agar","0",3.0,4.0,13.0,14.0,4.0,0.0,0.0,6.0,20.0,64.0,25.0,4.0,0.0,0.0,0.0,0.0,0.0,0.0,0.0,0.0
356,"2017","Madhya Pradesh","23","Alirajpur","639","Alirajpur","0",0.0,2.0,11.0,4.0,19.0,1.0,3.0,3.0,72.0,154.0,37.0,6.0,0.0,0.0,0.0,0.0,0.0,0.0,0.0,0.0
357,"2017","Madhya Pradesh","23","Anuppur","390","Anuppur","1",20.0,15.0,31.0,31.0,11.0,6.0,0.0,9.0,59.0,128.0,67.0,4.0,2.0,0.0,0.0,0.0,0.0,0.0,0.0,0.0
358,"2017","Madhya Pradesh","23","Ashoknagar","391","Ashok Nagar","0",2.0,31.0,42.0,33.0,14.0,5.0,0.0,12.0,57.0,97.0,44.0,8.0,6.0,0.0,0.0,0.0,0.0,0.0,0.0,0.0
359,"2017","Madhya Pradesh","23","Balaghat","392","Balaghat","0",13.0,31.0,49.0,67.0,54.0,16.0,0.0,7.0,125.0,330.0,137.0,20.0,9.0,0.0,0.0,0.0,0.0,0.0,0.0,0.0
360,"2017","Madhya Pradesh","23","Barwani","393","Barwani","2",11.0,4.0,36.0,28.0,12.0,4.0,1.0,13.0,73.0,166.0,55.0,4.0,4.0,0.0,0.0,0.0,0.0,0.0,0.0,0.0
361,"2017","Madhya Pradesh","23","Betul","394","Betul","3",24.0,12.0,69.0,78.0,43.0,24.0,2.0,25.0,120.0,355.0,95.0,15.0,5.0,0.0,0.0,0.0,0.0,0.0,0.0,0.0
362,"2017","Madhya Pradesh","23","Bhind","395","Bhind","0",14.0,33.0,31.0,38.0,16.0,7.0,2.0,21.0,81.0,75.0,48.0,11.0,3.0,0.0,0.0,0.0,0.0,0.0,0.0,0.0
363,"2017","Madhya Pradesh","23","Bhopal","396","Bhopal","4",108.0,92.0,273.0,287.0,149.0,43.0,1.0,72.0,210.0,661.0,329.0,58.0,22.0,0.0,0.0,0.0,0.0,0.0,0.0,0.0
364,"2017","Madhya Pradesh","23","Bhopal","396","Bhopal Railway","0",3.0,1.0,18.0,10.0,16.0,7.0,0.0,0.0,3.0,29.0,13.0,5.0,1.0,0.0,0.0,0.0,0.0,0.0,0.0,0.0
365,"2017","Madhya Pradesh","23","Burhanpur","397","Burhanpur","2",8.0,2.0,23.0,21.0,17.0,3.0,2.0,11.0,48.0,52.0,77.0,42.0,7.0,0.0,0.0,0.0,0.0,0.0,0.0,0.0
366,"2017","Madhya Pradesh","23","Chhatarpur","398","Chhatarpur","3",26.0,45.0,60.0,64.0,25.0,9.0,3.0,25.0,133.0,200.0,60.0,14.0,3.0,0.0,0.0,0.0,0.0,0.0,0.0,0.0
367,"2017","Madhya Pradesh","23","Chhindwara","399","Chhindwara","7",24.0,42.0,91.0,123.0,109.0,23.0,0.0,10.0,198.0,530.0,179.0,56.0,7.0,0.0,0.0,0.0,0.0,0.0,0.0,0.0
368,"2017","Madhya Pradesh","23","Damoh","400","Damoh","0",23.0,32.0,75.0,60.0,31.0,5.0,2.0,20.0,113.0,183.0,15.0,4.0,6.0,0.0,0.0,0.0,0.0,0.0,0.0,0.0
369,"2017","Madhya Pradesh","23","Datia","401","Datia","1",4.0,5.0,14.0,20.0,10.0,3.0,0.0,2.0,43.0,60.0,31.0,4.0,0.0,0.0,0.0,0.0,0.0,0.0,0.0,0.0
370,"2017","Madhya Pradesh","23","Dewas","402","Dewas","0",11.0,9.0,52.0,52.0,49.0,13.0,0.0,12.0,144.0,247.0,147.0,34.0,9.0,0.0,0.0,0.0,0.0,0.0,0.0,0.0
371,"2017","Madhya Pradesh","23","Dhar","403","Dhar","2",17.0,25.0,110.0,69.0,35.0,18.0,2.0,20.0,244.0,588.0,101.0,19.0,5.0,0.0,0.0,0.0,0.0,0.0,0.0,0.0
372,"2017","Madhya Pradesh","23","Dindori","404","Dindori","0",7.0,9.0,17.0,14.0,10.0,0.0,0.0,4.0,77.0,120.0,34.0,7.0,1.0,0.0,0.0,0.0,0.0,0.0,0.0,0.0
373,"2017","Madhya Pradesh","23","Guna","406","Guna","0",8.0,14.0,64.0,32.0,10.0,10.0,2.0,11.0,85.0,228.0,25.0,0.0,1.0,0.0,0.0,0.0,0.0,0.0,0.0,0.0
374,"2017","Madhya Pradesh","23","Gwalior","407","Gwalior","4",51.0,86.0,196.0,206.0,105.0,41.0,2.0,39.0,181.0,403.0,232.0,38.0,11.0,0.0,0.0,0.0,0.0,0.0,0.0,0.0
375,"2017","Madhya Pradesh","23","Harda","408","Harda","3",10.0,14.0,36.0,29.0,8.0,6.0,2.0,10.0,63.0,149.0,42.0,10.0,2.0,0.0,0.0,0.0,0.0,0.0,0.0,0.0
376,"2017","Madhya Pradesh","23","Narmadapuram","409","Hoshangabad","0",24.0,35.0,120.0,75.0,35.0,23.0,0.0,120.0,344.0,56.0,8.0,8.0,0.0,0.0,0.0,0.0,0.0,0.0,0.0,0.0
377,"2017","Madhya Pradesh","23","Indore","410","Indore","7",69.0,88.0,0.0,777.0,0.0,63.0,4.0,85.0,343.0,648.0,655.0,20.0,0.0,0.0,0.0,0.0,0.0,0.0,0.0,0.0
378,"2017","Madhya Pradesh","23","Indore","410","Indore Railway","0",0.0,1.0,5.0,11.0,4.0,5.0,0.0,0.0,2.0,14.0,1.0,1.0,0.0,0.0,0.0,0.0,0.0,0.0,0.0,0.0
379,"2017","Madhya Pradesh","23","Jabalpur","411","Jabalpur","3",56.0,83.0,250.0,305.0,106.0,41.0,3.0,49.0,287.0,593.0,351.0,59.0,19.0,0.0,0.0,0.0,0.0,0.0,0.0,0.0
380,"2017","Madhya Pradesh","23","Jabalpur","411","Jabalpur Railway","0",0.0,2.0,13.0,7.0,4.0,5.0,0.0,0.0,4.0,11.0,5.0,1.0,2.0,0.0,0.0,0.0,0.0,0.0,0.0,0.0
381,"2017","Madhya Pradesh","23","Jhabua","412","Jhabua","3",4.0,4.0,50.0,20.0,15.0,2.0,4.0,16.0,168.0,335.0,41.0,3.0,0.0,0.0,0.0,0.0,0.0,0.0,0.0,0.0
382,"2017","Madhya Pradesh","23","Katni","413","Katni","1",21.0,43.0,69.0,76.0,32.0,15.0,2.0,20.0,133.0,238.0,127.0,20.0,9.0,0.0,0.0,0.0,0.0,0.0,0.0,0.0
383,"2017","Madhya Pradesh","23","Indore","410","Khandwa","0",8.0,5.0,35.0,42.0,24.0,10.0,0.0,46.0,73.0,234.0,91.0,19.0,1.0,0.0,0.0,0.0,0.0,0.0,0.0,0.0
384,"2017","Madhya Pradesh","23","Khargone","414","Khargone","14",17.0,19.0,73.0,49.0,21.0,7.0,19.0,34.0,168.0,424.0,82.0,42.0,4.0,0.0,0.0,0.0,0.0,0.0,0.0,0.0
385,"2017","Madhya Pradesh","23","Mandla","415","Mandla","1",16.0,7.0,37.0,37.0,13.0,1.0,0.0,16.0,75.0,244.0,28.0,5.0,4.0,0.0,0.0,0.0,0.0,0.0,0.0,0.0
386,"2017","Madhya Pradesh","23","Mandsaur","416","Mandsaur","0",4.0,20.0,59.0,46.0,39.0,5.0,0.0,3.0,76.0,257.0,85.0,16.0,5.0,0.0,0.0,0.0,0.0,0.0,0.0,0.0
387,"2017","Madhya Pradesh","23","Morena","417","Morena","0",17.0,45.0,51.0,37.0,22.0,8.0,0.0,5.0,65.0,106.0,60.0,7.0,4.0,0.0,0.0,0.0,0.0,0.0,0.0,0.0
388,"2017","Madhya Pradesh","23","Narsinghpur","418","Narsinghpur","0",8.0,18.0,75.0,94.0,43.0,13.0,0.0,9.0,90.0,187.0,111.0,14.0,7.0,0.0,0.0,0.0,0.0,0.0,0.0,0.0
389,"2017","Madhya Pradesh","23","Neemuch","419","Neemuch","0",3.0,4.0,39.0,36.0,13.0,8.0,0.0,9.0,41.0,179.0,52.0,0.0,3.0,0.0,0.0,0.0,0.0,0.0,0.0,0.0
390,"2017","Madhya Pradesh","23","Panna","420","Panna","2",15.0,16.0,17.0,31.0,22.0,11.0,0.0,11.0,84.0,83.0,44.0,5.0,1.0,0.0,0.0,0.0,0.0,0.0,0.0,0.0
391,"2017","Madhya Pradesh","23","Raisen","421","Raisen","232",2.0,16.0,31.0,99.0,58.0,12.0,2.0,17.0,156.0,283.0,85.0,10.0,3.0,0.0,0.0,0.0,0.0,0.0,0.0,0.0
392,"2017","Madhya Pradesh","23","Rajgarh","422","Rajgarh","1",9.0,11.0,43.0,30.0,16.0,11.0,0.0,12.0,71.0,184.0,43.0,9.0,5.0,0.0,0.0,0.0,0.0,0.0,0.0,0.0
393,"2017","Madhya Pradesh","23","Ratlam","423","Ratlam","1",10.0,13.0,86.0,74.0,50.0,13.0,5.0,15.0,162.0,329.0,145.0,44.0,9.0,0.0,0.0,0.0,0.0,0.0,0.0,0.0
394,"2017","Madhya Pradesh","23","Rewa","424","Rewa","2",52.0,67.0,86.0,75.0,44.0,18.0,0.0,40.0,224.0,306.0,156.0,33.0,8.0,0.0,0.0,0.0,0.0,0.0,0.0,0.0
395,"2017","Madhya Pradesh","23","Sagar","425","Sagar","1",21.0,67.0,161.0,109.0,59.0,22.0,1.0,25.0,211.0,399.0,196.0,34.0,15.0,0.0,0.0,0.0,0.0,0.0,0.0,0.0
396,"2017","Madhya Pradesh","23","Satna","426","Satna","0",54.0,69.0,104.0,79.0,45.0,33.0,3.0,40.0,194.0,352.0,188.0,26.0,16.0,0.0,0.0,0.0,0.0,0.0,0.0,0.0
397,"2017","Madhya Pradesh","23","Seoni","428","Seoni","1",13.0,25.0,57.0,74.0,31.0,8.0,0.0,5.0,81.0,281.0,97.0,7.0,11.0,0.0,0.0,0.0,0.0,0.0,0.0,0.0
398,"2017","Madhya Pradesh","23","Shahdol","429","Shahdol","1",28.0,36.0,71.0,67.0,33.0,8.0,2.0,23.0,142.0,182.0,118.0,16.0,3.0,0.0,0.0,0.0,0.0,0.0,0.0,0.0
399,"2017","Madhya Pradesh","23","Shajapur","430","Shajapur","0",5.0,8.0,21.0,23.0,16.0,3.0,0.0,2.0,42.0,120.0,26.0,3.0,4.0,0.0,0.0,0.0,0.0,0.0,0.0,0.0
400,"2017","Madhya Pradesh","23","Sheopur","431","Sheopur","0",2.0,2.0,9.0,8.0,4.0,0.0,0.0,4.0,5.0,35.0,18.0,4.0,0.0,0.0,0.0,0.0,0.0,0.0,0.0,0.0
401,"2017","Madhya Pradesh","23","Shivpuri","432","Shivpuri","0",10.0,20.0,54.0,45.0,24.0,9.0,1.0,10.0,91.0,137.0,93.0,12.0,3.0,0.0,0.0,0.0,0.0,0.0,0.0,0.0
402,"2017","Madhya Pradesh","23","Sidhi","433","Sidhi","1",33.0,26.0,24.0,33.0,8.0,13.0,2.0,28.0,100.0,150.0,88.0,10.0,3.0,0.0,0.0,0.0,0.0,0.0,0.0,0.0
403,"2017","Madhya Pradesh","23","Sehore","427","Sehore","2",13.0,27.0,74.0,39.0,35.0,10.0,2.0,9.0,91.0,197.0,99.0,10.0,5.0,0.0,0.0,0.0,0.0,0.0,0.0,0.0
404,"2017","Madhya Pradesh","23","Singrauli","638","Singrauli","3",10.0,9.0,31.0,23.0,11.0,5.0,0.0,6.0,62.0,73.0,55.0,11.0,1.0,0.0,0.0,0.0,0.0,0.0,0.0,0.0
405,"2017","Madhya Pradesh","23","Tikamgarh","434","Tikamgarh","0",16.0,17.0,44.0,23.0,10.0,8.0,1.0,27.0,118.0,130.0,48.0,4.0,4.0,0.0,0.0,0.0,0.0,0.0,0.0,0.0
406,"2017","Madhya Pradesh","23","Ujjain","435","Ujjain","0",8.0,40.0,176.0,96.0,40.0,18.0,0.0,32.0,167.0,478.0,117.0,18.0,8.0,0.0,0.0,0.0,0.0,0.0,0.0,0.0
407,"2017","Madhya Pradesh","23","Umaria","436","Umaria","0",18.0,13.0,30.0,31.0,5.0,0.0,0.0,5.0,46.0,55.0,43.0,11.0,0.0,0.0,0.0,0.0,0.0,0.0,0.0,0.0
408,"2017","Madhya Pradesh","23","Vidisha","437","Vidisha","4",41.0,31.0,222.0,200.0,107.0,31.0,5.0,53.0,156.0,497.0,236.0,50.0,21.0,0.0,0.0,0.0,0.0,0.0,0.0,0.0
409,"2017","Madhya Pradesh","23","Cyber Crime Cell","9999","Cyber Crime Cell","0",0.0,0.0,0.0,0.0,0.0,0.0,0.0,0.0,0.0,0.0,0.0,0.0,0.0,0.0,0.0,0.0,0.0,0.0,0.0,0.0
410,"2017","Maharashtra","27","Cyber Crime Cell","466","Ahmednagar","33",19.0,2.0,212.0,284.0,153.0,53.0,38.0,20.0,26.0,605.0,264.0,63.0,27.0,0.0,0.0,0.0,0.0,0.0,0.0,0.0
411,"2017","Maharashtra","27","Cyber Crime Cell","467","Akola","0",5.0,6.0,66.0,94.0,45.0,23.0,0.0,2.0,21.0,186.0,71.0,22.0,4.0,0.0,0.0,0.0,0.0,0.0,0.0,0.0
412,"2017","Maharashtra","27","Cyber Border Range","468","Amravati Commr.","0",3.0,1.0,120.0,92.0,43.0,29.0,0.0,0.0,0.0,252.0,60.0,2.0,12.0,0.0,0.0,0.0,0.0,0.0,0.0,0.0
413,"2017","Maharashtra","27","Cyber Crime Cell","468","Amravati Rural","0",0.0,0.0,95.0,85.0,63.0,25.0,0.0,0.0,1.0,318.0,76.0,0.0,10.0,0.0,0.0,0.0,0.0,0.0,0.0,0.0
414,"2017","Maharashtra","27","Aurangabad","469","Aurangabad Commr.","0",0.0,0.0,237.0,124.0,93.0,30.0,0.0,0.0,0.0,295.0,132.0,32.0,0.0,0.0,0.0,0.0,0.0,0.0,0.0,0.0
415,"2017","Maharashtra","27","Aurangabad","469","Aurangabad Rural","0",0.0,7.0,63.0,59.0,18.0,14.0,0.0,3.0,8.0,146.0,44.0,7.0,5.0,0.0,0.0,0.0,0.0,0.0,0.0,0.0
416,"2017","Maharashtra","27","Beed","470","Beed","3",6.0,3.0,24.0,37.0,19.0,5.0,3.0,4.0,3.0,84.0,54.0,7.0,4.0,0.0,0.0,0.0,0.0,0.0,0.0,0.0
417,"2017","Maharashtra","27","Bhandara","471","Bhandara","0",3.0,8.0,48.0,85.0,48.0,11.0,0.0,0.0,33.0,298.0,74.0,18.0,5.0,0.0,0.0,0.0,0.0,0.0,0.0,0.0
418,"2017","Maharashtra","27","Buldhana","472","Buldhana","12",14.0,16.0,130.0,71.0,37.0,14.0,6.0,11.0,33.0,177.0,62.0,15.0,9.0,0.0,0.0,0.0,0.0,0.0,0.0,0.0
419,"2017","Maharashtra","27","Chandrapur","473","Chandrapur","0",0.0,0.0,215.0,184.0,79.0,14.0,0.0,0.0,0.0,324.0,303.0,105.0,14.0,0.0,0.0,0.0,0.0,0.0,0.0,0.0
420,"2017","Maharashtra","27","Dhule","474","Dhule","6",3.0,1.0,71.0,94.0,42.0,13.0,1.0,2.0,4.0,188.0,85.0,16.0,5.0,0.0,0.0,0.0,0.0,0.0,0.0,0.0
421,"2017","Maharashtra","27","Gadchiroli","475","Gadchiroli","0",0.0,0.0,51.0,34.0,15.0,10.0,0.0,0.0,0.0,155.0,33.0,8.0,2.0,0.0,0.0,0.0,0.0,0.0,0.0,0.0
422,"2017","Maharashtra","27","Gondia","476","Gondia","0",0.0,0.0,65.0,68.0,15.0,20.0,0.0,0.0,0.0,272.0,30.0,8.0,4.0,0.0,0.0,0.0,0.0,0.0,0.0,0.0
423,"2017","Maharashtra","27","Hingoli","477","Hingoli","4",4.0,3.0,32.0,25.0,9.0,5.0,2.0,2.0,7.0,54.0,10.0,2.0,0.0,0.0,0.0,0.0,0.0,0.0,0.0,0.0
424,"2017","Maharashtra","27","Jalgaon","478","Jalgaon","27",43.0,28.0,150.0,160.0,103.0,29.0,24.0,41.0,131.0,417.0,155.0,20.0,12.0,0.0,0.0,0.0,0.0,0.0,0.0,0.0
425,"2017","Maharashtra","27","Jalna","479","Jalna","0",0.0,0.0,25.0,33.0,15.0,5.0,0.0,0.0,0.0,58.0,26.0,8.0,4.0,0.0,0.0,0.0,0.0,0.0,0.0,0.0
426,"2017","Maharashtra","27","Kolhapur","480","Kolhapur","21",10.0,11.0,125.0,204.0,127.0,62.0,18.0,18.0,40.0,577.0,194.0,45.0,23.0,0.0,0.0,0.0,0.0,0.0,0.0,0.0
427,"2017","Maharashtra","27","Latur","481","Latur","0",0.0,1.0,96.0,61.0,23.0,16.0,0.0,0.0,0.0,261.0,35.0,7.0,7.0,0.0,0.0,0.0,0.0,0.0,0.0,0.0
428,"2017","Maharashtra","27","Mumbai","482","Mumbai Commr.","3",27.0,39.0,1441.0,1768.0,927.0,451.0,7.0,9.0,103.0,2623.0,1369.0,393.0,214.0,0.0,0.0,0.0,1.0,0.0,0.0,0.0
429,"2017","Maharashtra","27","Mumbai","482","Mumbai Railway","2",4.0,0.0,38.0,28.0,19.0,13.0,4.0,0.0,0.0,37.0,12.0,3.0,9.0,0.0,0.0,0.0,0.0,0.0,0.0,0.0
430,"2017","Maharashtra","27","Nagpur","484","Nagpur Commr.","6",25.0,44.0,364.0,519.0,344.0,141.0,0.0,12.0,99.0,667.0,483.0,102.0,53.0,0.0,1.0,12.0,145.0,51.0,26.0,17.0
431,"2017","Maharashtra","27","Nagpur","484","Nagpur Railway","0",0.0,2.0,19.0,17.0,10.0,11.0,0.0,0.0,5.0,31.0,6.0,7.0,3.0,0.0,0.0,0.0,0.0,0.0,0.0,0.0
432,"2017","Maharashtra","27","Nagpur","484","Nagpur Rural","0",0.0,0.0,32.0,176.0,110.0,10.0,0.0,0.0,0.0,126.0,252.0,171.0,29.0,0.0,0.0,0.0,0.0,0.0,0.0,0.0
433,"2017","Maharashtra","27","Nanded","485","Nanded","0",4.0,10.0,90.0,121.0,48.0,25.0,0.0,5.0,15.0,228.0,88.0,11.0,10.0,0.0,0.0,0.0,0.0,0.0,0.0,0.0
434,"2017","Maharashtra","27","Nandurbar","486","Nandurbar","2",5.0,2.0,44.0,37.0,19.0,8.0,3.0,2.0,8.0,106.0,57.0,6.0,5.0,0.0,0.0,0.0,0.0,0.0,0.0,0.0
435,"2017","Maharashtra","27","Nashik","487","Nasik Commr.","0",0.0,2.0,230.0,228.0,130.0,57.0,0.0,0.0,7.0,496.0,158.0,37.0,17.0,0.0,0.0,0.0,0.0,0.0,0.0,0.0
436,"2017","Maharashtra","27","Nashik","487","Nasik Rural","2",5.0,161.0,100.0,185.0,30.0,6.0,2.0,42.0,487.0,213.0,39.0,10.0,4.0,0.0,0.0,0.0,0.0,0.0,0.0,0.0
437,"2017","Maharashtra","27","Mumbai Suburban","483","Navi Mumbai","17",9.0,0.0,197.0,317.0,158.0,73.0,22.0,5.0,0.0,518.0,269.0,41.0,28.0,0.0,0.0,0.0,0.0,0.0,0.0,0.0
438,"2017","Maharashtra","27","Osmanabad","488","Osmanabad","3",7.0,0.0,68.0,33.0,15.0,10.0,1.0,7.0,0.0,163.0,25.0,6.0,5.0,0.0,0.0,0.0,0.0,0.0,0.0,0.0
439,"2017","Maharashtra","27","Palghar","665","Palghar","50",25.0,0.0,180.0,317.0,145.0,53.0,30.0,26.0,7.0,604.0,293.0,68.0,24.0,0.0,0.0,0.0,0.0,0.0,0.0,0.0
440,"2017","Maharashtra","27","Parbhani","489","Parbhani","0",6.0,13.0,58.0,68.0,23.0,9.0,0.0,6.0,13.0,114.0,65.0,11.0,6.0,0.0,0.0,0.0,0.0,0.0,0.0,0.0
441,"2017","Maharashtra","27","Pune","490","Pune Commr.","6",18.0,94.0,630.0,852.0,370.0,181.0,10.0,23.0,200.0,1437.0,667.0,161.0,78.0,0.0,0.0,0.0,1.0,0.0,0.0,0.0
442,"2017","Maharashtra","27","Pune","490","Pune Railway","1",1.0,1.0,11.0,10.0,2.0,3.0,0.0,0.0,0.0,12.0,4.0,4.0,2.0,0.0,0.0,0.0,0.0,0.0,0.0,0.0
443,"2017","Maharashtra","27","Pune","490","Pune Rural","17",9.0,10.0,293.0,431.0,218.0,108.0,20.0,14.0,8.0,878.0,493.0,101.0,45.0,0.0,0.0,0.0,0.0,0.0,0.0,0.0
444,"2017","Maharashtra","27","Raigad","491","Raigad","7",1.0,1.0,65.0,78.0,49.0,20.0,0.0,3.0,8.0,201.0,92.0,22.0,10.0,0.0,0.0,0.0,0.0,0.0,0.0,0.0
445,"2017","Maharashtra","27","Ratnagiri","492","Ratnagiri","5",1.0,0.0,50.0,87.0,81.0,32.0,3.0,8.0,7.0,170.0,72.0,17.0,8.0,0.0,0.0,0.0,0.0,0.0,0.0,0.0
446,"2017","Maharashtra","27","Sangli","493","Sangli","13",21.0,2.0,109.0,167.0,80.0,54.0,12.0,17.0,2.0,390.0,190.0,35.0,17.0,0.0,0.0,0.0,0.0,0.0,0.0,0.0
447,"2017","Maharashtra","27","Satara","494","Satara","9",10.0,0.0,82.0,152.0,112.0,50.0,8.0,9.0,1.0,461.0,205.0,47.0,19.0,0.0,0.0,0.0,0.0,0.0,0.0,0.0
448,"2017","Maharashtra","27","Sindhudurg","495","Sindhudurg","2",2.0,0.0,30.0,31.0,24.0,13.0,2.0,1.0,0.0,70.0,25.0,7.0,6.0,0.0,0.0,0.0,0.0,0.0,0.0,0.0
449,"2017","Maharashtra","27","Solapur","496","Solapur Commr.","3",0.0,4.0,71.0,92.0,67.0,26.0,2.0,1.0,15.0,153.0,61.0,22.0,6.0,0.0,0.0,0.0,0.0,0.0,0.0,0.0
450,"2017","Maharashtra","27","Solapur","496","Solapur Rural","0",0.0,0.0,169.0,105.0,59.0,13.0,0.0,0.0,13.0,378.0,157.0,22.0,17.0,0.0,0.0,0.0,0.0,0.0,0.0,0.0
451,"2017","Maharashtra","27","Thane","497","Thane Commr.","15",16.0,7.0,477.0,610.0,311.0,131.0,19.0,7.0,4.0,1022.0,552.0,147.0,47.0,0.0,0.0,0.0,0.0,0.0,0.0,0.0
452,"2017","Maharashtra","27","Thane","497","Thane Rural","1",0.0,0.0,152.0,128.0,90.0,25.0,1.0,0.0,0.0,270.0,63.0,88.0,10.0,0.0,0.0,0.0,0.0,0.0,0.0,0.0
453,"2017","Maharashtra","27","Wardha","498","Wardha","0",2.0,3.0,77.0,121.0,105.0,40.0,0.0,0.0,11.0,261.0,142.0,39.0,22.0,0.0,0.0,0.0,0.0,0.0,0.0,0.0
454,"2017","Maharashtra","27","Washim","499","Washim","4",2.0,8.0,44.0,57.0,23.0,5.0,0.0,2.0,9.0,108.0,60.0,12.0,6.0,0.0,0.0,0.0,0.0,0.0,0.0,0.0
455,"2017","Maharashtra","27","Yavatmal","500","Yavatmal","0",0.0,0.0,165.0,111.0,71.0,28.0,0.0,0.0,0.0,397.0,137.0,39.0,4.0,0.0,0.0,0.0,0.0,0.0,0.0,0.0
456,"2017","Manipur","14","Bishnupur","252","Bishnupur","0",4.0,6.0,4.0,2.0,0.0,0.0,0.0,0.0,0.0,3.0,4.0,0.0,0.0,0.0,0.0,0.0,0.0,0.0,0.0,0.0
457,"2017","Manipur","14","Chandel","253","Chandel","0",0.0,0.0,1.0,0.0,0.0,1.0,0.0,0.0,0.0,0.0,0.0,0.0,0.0,0.0,0.0,0.0,0.0,0.0,0.0,0.0
458,"2017","Manipur","14","Churachandpur","254","Churachandpur","0",0.0,0.0,0.0,0.0,0.0,0.0,0.0,0.0,0.0,0.0,0.0,0.0,0.0,0.0,0.0,0.0,0.0,0.0,0.0,0.0
459,"2017","Manipur","14","Imphal West","256","Cid","0",0.0,0.0,0.0,0.0,0.0,0.0,0.0,0.0,0.0,0.0,0.0,0.0,0.0,0.0,0.0,0.0,0.0,0.0,0.0,0.0
460,"2017","Manipur","14","Imphal East","255","Imphal East","2",18.0,6.0,11.0,22.0,17.0,0.0,1.0,0.0,13.0,21.0,23.0,7.0,0.0,0.0,0.0,0.0,0.0,0.0,0.0,0.0
461,"2017","Manipur","14","Imphal West","256","Imphal West","0",0.0,2.0,8.0,6.0,3.0,2.0,0.0,2.0,3.0,12.0,12.0,2.0,0.0,0.0,0.0,0.0,0.0,0.0,0.0,0.0
462,"2017","Manipur","14","Senapati","257","Senapati","0",0.0,0.0,0.0,0.0,1.0,0.0,0.0,0.0,0.0,0.0,0.0,0.0,0.0,0.0,0.0,0.0,0.0,0.0,0.0,0.0
463,"2017","Manipur","14","Tamenglong","258","Tamenglong","0",0.0,0.0,0.0,0.0,0.0,0.0,0.0,0.0,0.0,0.0,0.0,0.0,0.0,0.0,0.0,0.0,0.0,0.0,0.0,0.0
464,"2017","Manipur","14","Thoubal","259","Thoubal","1",10.0,3.0,10.0,6.0,2.0,0.0,0.0,7.0,5.0,11.0,12.0,1.0,0.0,0.0,0.0,0.0,0.0,0.0,0.0,0.0
465,"2017","Manipur","14","Ukhrul","260","Ukhrul","0",0.0,0.0,0.0,0.0,2.0,0.0,0.0,0.0,0.0,0.0,0.0,0.0,0.0,0.0,0.0,0.0,0.0,0.0,0.0,0.0
466,"2017","Meghalaya","17","East Garo Hills","273","Garo Hills East","0",0.0,0.0,0.0,0.0,0.0,0.0,0.0,0.0,0.0,0.0,0.0,0.0,0.0,0.0,0.0,0.0,0.0,0.0,0.0,0.0
467,"2017","Meghalaya","17","North Garo Hills","656","Garo Hills North","0",0.0,0.0,0.0,1.0,1.0,0.0,3.0,0.0,1.0,0.0,3.0,0.0,0.0,0.0,0.0,0.0,0.0,0.0,0.0,0.0
468,"2017","Meghalaya","17","South Garo Hills","277","Garo Hills South","0",0.0,1.0,0.0,1.0,1.0,0.0,0.0,0.0,0.0,0.0,0.0,0.0,0.0,0.0,0.0,0.0,0.0,0.0,0.0,0.0
469,"2017","Meghalaya","17","South West Garo Hills","663","Garo Hills South West","0",0.0,0.0,0.0,1.0,0.0,0.0,0.0,0.0,5.0,0.0,1.0,0.0,0.0,0.0,0.0,0.0,0.0,0.0,0.0,0.0
470,"2017","Meghalaya","17","West Garo Hills","278","Garo Hills West","0",0.0,1.0,1.0,0.0,0.0,0.0,0.0,0.0,0.0,1.0,0.0,1.0,0.0,0.0,0.0,0.0,0.0,0.0,0.0,0.0
471,"2017","Meghalaya","17","West Jaintia Hills","275","Jaintia Hills West","0",1.0,4.0,1.0,2.0,0.0,0.0,2.0,6.0,9.0,1.0,1.0,0.0,0.0,0.0,0.0,0.0,0.0,0.0,0.0,0.0
472,"2017","Meghalaya","17","East Jaintia Hills","657","Jaintia Hills East","1",0.0,1.0,4.0,2.0,1.0,0.0,1.0,1.0,1.0,2.0,1.0,1.0,0.0,0.0,0.0,0.0,0.0,0.0,0.0,0.0
473,"2017","Meghalaya","17","East Khasi Hills","274","Khasi Hills East","0",8.0,20.0,22.0,30.0,29.0,1.0,1.0,1.0,43.0,50.0,25.0,2.0,2.0,0.0,0.0,0.0,0.0,0.0,0.0,0.0
474,"2017","Meghalaya","17","South West Khasi Hills","658","Khasi Hills South West","0",0.0,0.0,0.0,0.0,0.0,0.0,0.0,0.0,0.0,0.0,0.0,0.0,0.0,0.0,0.0,0.0,0.0,0.0,0.0,0.0
475,"2017","Meghalaya","17","West Khasi Hills","279","Khasi Hills West","0",0.0,0.0,0.0,1.0,0.0,0.0,0.0,1.0,2.0,0.0,0.0,0.0,0.0,0.0,0.0,0.0,0.0,0.0,0.0,0.0
476,"2017","Meghalaya","17","Ri Bhoi","276","Ri-Bhoi","0",1.0,1.0,1.0,3.0,0.0,0.0,0.0,0.0,3.0,1.0,0.0,0.0,0.0,0.0,0.0,0.0,0.0,0.0,0.0,0.0
477,"2017","Mizoram","15","Aizawl","261","Aizawl","0",0.0,0.0,0.0,0.0,0.0,0.0,0.0,0.0,0.0,0.0,0.0,0.0,0.0,0.0,0.0,0.0,0.0,0.0,0.0,0.0
478,"2017","Mizoram","15","Champhai","262","Champhai","0",0.0,0.0,0.0,0.0,0.0,0.0,0.0,0.0,0.0,0.0,0.0,0.0,0.0,0.0,0.0,0.0,0.0,0.0,0.0,0.0
479,"2017","Mizoram","15","Kolasib","263","Kolasib","0",0.0,0.0,0.0,0.0,0.0,0.0,0.0,0.0,0.0,0.0,0.0,0.0,0.0,0.0,0.0,0.0,0.0,0.0,0.0,0.0
480,"2017","Mizoram","15","Lawngtlai","264","Lawngtlai","0",0.0,0.0,0.0,0.0,0.0,0.0,0.0,0.0,0.0,0.0,0.0,0.0,0.0,0.0,0.0,0.0,0.0,0.0,0.0,0.0
481,"2017","Mizoram","15","Lunglei","265","Lunglei","0",0.0,0.0,0.0,0.0,0.0,0.0,0.0,0.0,0.0,0.0,0.0,0.0,0.0,0.0,0.0,0.0,0.0,0.0,0.0,0.0
482,"2017","Mizoram","15","Mamit","266","Mamit","0",0.0,0.0,0.0,0.0,0.0,0.0,0.0,0.0,0.0,0.0,0.0,0.0,0.0,0.0,0.0,0.0,0.0,0.0,0.0,0.0
483,"2017","Mizoram","15","Saiha","267","Saiha","0",0.0,0.0,0.0,0.0,0.0,0.0,0.0,0.0,0.0,0.0,0.0,0.0,0.0,0.0,0.0,0.0,0.0,0.0,0.0,0.0
484,"2017","Mizoram","15","Serchhip","268","Serchhip","0",0.0,0.0,0.0,0.0,0.0,0.0,1.0,0.0,0.0,0.0,0.0,0.0,0.0,0.0,0.0,0.0,0.0,0.0,0.0,0.0
485,"2017","Mizoram","15","Aizawl","261","Spl Narcotic","0",0.0,0.0,0.0,0.0,0.0,0.0,0.0,0.0,0.0,0.0,0.0,0.0,0.0,0.0,0.0,0.0,0.0,0.0,0.0,0.0
486,"2017","Nagaland","13","Dimapur","244","Dimapur","0",10.0,2.0,8.0,6.0,0.0,1.0,0.0,9.0,16.0,8.0,0.0,0.0,0.0,0.0,0.0,0.0,0.0,0.0,0.0,0.0
487,"2017","Nagaland","13","Kiphire","614","Kiphire","0",0.0,0.0,0.0,0.0,0.0,0.0,0.0,0.0,0.0,0.0,0.0,0.0,0.0,0.0,0.0,0.0,0.0,0.0,0.0,0.0
488,"2017","Nagaland","13","Kohima","245","Kohima","0",14.0,5.0,1.0,0.0,0.0,0.0,0.0,13.0,15.0,23.0,1.0,1.0,0.0,0.0,0.0,0.0,0.0,0.0,0.0,0.0
489,"2017","Nagaland","13","Longleng","615","Longleng","0",0.0,0.0,0.0,0.0,0.0,0.0,0.0,0.0,0.0,0.0,0.0,0.0,0.0,0.0,0.0,0.0,0.0,0.0,0.0,0.0
490,"2017","Nagaland","13","Mokokchung","246","Mokokchung","0",0.0,0.0,0.0,0.0,0.0,0.0,0.0,0.0,0.0,0.0,0.0,0.0,0.0,0.0,0.0,0.0,0.0,0.0,0.0,0.0
491,"2017","Nagaland","13","Mon","247","Mon","0",0.0,0.0,0.0,0.0,0.0,0.0,0.0,0.0,0.0,0.0,0.0,0.0,0.0,0.0,0.0,0.0,0.0,0.0,0.0,0.0
492,"2017","Nagaland","13","Peren","613","Peren","0",0.0,0.0,0.0,0.0,0.0,0.0,0.0,0.0,0.0,0.0,0.0,0.0,0.0,0.0,0.0,0.0,0.0,0.0,0.0,0.0
493,"2017","Nagaland","13","Phek","248","Phek","0",0.0,0.0,0.0,0.0,0.0,0.0,0.0,0.0,0.0,0.0,0.0,0.0,0.0,0.0,0.0,0.0,0.0,0.0,0.0,0.0
494,"2017","Nagaland","13","Tuensang","249","Tuensang","0",0.0,0.0,0.0,0.0,0.0,0.0,0.0,0.0,0.0,0.0,0.0,0.0,0.0,0.0,0.0,0.0,0.0,0.0,0.0,0.0
495,"2017","Nagaland","13","Wokha","250","Wokha","0",0.0,0.0,0.0,0.0,0.0,0.0,0.0,0.0,0.0,0.0,0.0,0.0,0.0,0.0,0.0,0.0,0.0,0.0,0.0,0.0
496,"2017","Nagaland","13","Zunheboto","251","Zunheboto","0",0.0,2.0,0.0,0.0,0.0,1.0,0.0,0.0,3.0,0.0,0.0,0.0,0.0,0.0,0.0,0.0,0.0,0.0,0.0,0.0
497,"2017","Odisha","21","Anugul","344","Angul","0",0.0,0.0,0.0,0.0,0.0,0.0,0.0,0.0,0.0,0.0,0.0,0.0,0.0,0.0,0.0,0.0,0.0,0.0,0.0,0.0
498,"2017","Odisha","21","Baleshwar","346","Balasore","0",0.0,0.0,0.0,0.0,0.0,0.0,0.0,0.0,0.0,0.0,0.0,0.0,0.0,0.0,0.0,0.0,0.0,0.0,0.0,0.0
499,"2017","Odisha","21","Bargarh","347","Baragarh","0",0.0,0.0,0.0,0.0,0.0,0.0,0.0,0.0,0.0,0.0,0.0,0.0,0.0,0.0,0.0,0.0,0.0,0.0,0.0,0.0
500,"2017","Odisha","21","Baleshwar","346","Berhampur","14",308.0,401.0,366.0,335.0,179.0,76.0,8.0,207.0,1306.0,1899.0,612.0,118.0,37.0,0.0,0.0,0.0,0.0,0.0,0.0,0.0
501,"2017","Odisha","21","Bhadrak","348","Bhadrak","0",0.0,0.0,0.0,0.0,0.0,0.0,0.0,0.0,0.0,0.0,0.0,0.0,0.0,0.0,0.0,0.0,0.0,0.0,0.0,0.0
502,"2017","Odisha","21","Balangir","345","Bolangir","0",0.0,0.0,0.0,0.0,0.0,0.0,0.0,0.0,0.0,0.0,0.0,0.0,0.0,0.0,0.0,0.0,0.0,0.0,0.0,0.0
503,"2017","Odisha","21","Boudh","349","Boudh","0",0.0,0.0,0.0,0.0,0.0,0.0,0.0,0.0,0.0,0.0,0.0,0.0,0.0,0.0,0.0,0.0,0.0,0.0,0.0,0.0
504,"2017","Odisha","21","Cuttack","350","Cuttack","0",0.0,0.0,0.0,0.0,0.0,0.0,0.0,0.0,0.0,0.0,0.0,0.0,0.0,0.0,0.0,0.0,0.0,0.0,0.0,0.0
505,"2017","Odisha","21","Khordha","362","Dcp Bbsr","0",0.0,0.0,0.0,0.0,0.0,0.0,0.0,0.0,0.0,0.0,0.0,0.0,0.0,0.0,0.0,0.0,0.0,0.0,0.0,0.0
506,"2017","Odisha","21","Cuttack","350","Dcp Ctc","0",0.0,0.0,0.0,0.0,0.0,0.0,0.0,0.0,0.0,0.0,0.0,0.0,0.0,0.0,0.0,0.0,0.0,0.0,0.0,0.0
507,"2017","Odisha","21","Deogarh","351","Deogarh","0",0.0,0.0,0.0,0.0,0.0,0.0,0.0,0.0,0.0,0.0,0.0,0.0,0.0,0.0,0.0,0.0,0.0,0.0,0.0,0.0
508,"2017","Odisha","21","Dhenkanal","352","Dhenkanal","0",0.0,0.0,0.0,0.0,0.0,0.0,0.0,0.0,0.0,0.0,0.0,0.0,0.0,0.0,0.0,0.0,0.0,0.0,0.0,0.0
509,"2017","Odisha","21","Gajapati","353","Gajapati","0",0.0,0.0,0.0,0.0,0.0,0.0,0.0,0.0,0.0,0.0,0.0,0.0,0.0,0.0,0.0,0.0,0.0,0.0,0.0,0.0
510,"2017","Odisha","21","Ganjam","354","Ganjam","0",0.0,0.0,0.0,0.0,0.0,0.0,0.0,0.0,0.0,0.0,0.0,0.0,0.0,0.0,0.0,0.0,0.0,0.0,0.0,0.0
511,"2017","Odisha","21","Jagatsinghapur","355","Jagatsinghpur","0",0.0,0.0,0.0,0.0,0.0,0.0,0.0,0.0,0.0,0.0,0.0,0.0,0.0,0.0,0.0,0.0,0.0,0.0,0.0,0.0
512,"2017","Odisha","21","Jajapur","356","Jajpur","0",0.0,0.0,0.0,0.0,0.0,0.0,0.0,0.0,0.0,0.0,0.0,0.0,0.0,0.0,0.0,0.0,0.0,0.0,0.0,0.0
513,"2017","Odisha","21","Jharsuguda","357","Jharsuguda","0",0.0,0.0,0.0,0.0,0.0,0.0,0.0,0.0,0.0,0.0,0.0,0.0,0.0,0.0,0.0,0.0,0.0,0.0,0.0,0.0
514,"2017","Odisha","21","Kalahandi","358","Kalahandi","0",0.0,0.0,0.0,0.0,0.0,0.0,0.0,0.0,0.0,0.0,0.0,0.0,0.0,0.0,0.0,0.0,0.0,0.0,0.0,0.0
515,"2017","Odisha","21","Kandhamal","359","Kandhamal","0",0.0,0.0,0.0,0.0,0.0,0.0,0.0,0.0,0.0,0.0,0.0,0.0,0.0,0.0,0.0,0.0,0.0,0.0,0.0,0.0
516,"2017","Odisha","21","Kendrapara","360","Kendrapara","0",0.0,0.0,0.0,0.0,0.0,0.0,0.0,0.0,0.0,0.0,0.0,0.0,0.0,0.0,0.0,0.0,0.0,0.0,0.0,0.0
517,"2017","Odisha","21","Kendujhar","361","Keonjhar","0",0.0,0.0,0.0,0.0,0.0,0.0,0.0,0.0,0.0,0.0,0.0,0.0,0.0,0.0,0.0,0.0,0.0,0.0,0.0,0.0
518,"2017","Odisha","21","Khordha","362","Khurda","0",0.0,0.0,0.0,0.0,0.0,0.0,0.0,0.0,0.0,0.0,0.0,0.0,0.0,0.0,0.0,0.0,0.0,0.0,0.0,0.0
519,"2017","Odisha","21","Koraput","363","Koraput","0",0.0,0.0,0.0,0.0,0.0,0.0,0.0,0.0,0.0,0.0,0.0,0.0,0.0,0.0,0.0,0.0,0.0,0.0,0.0,0.0
520,"2017","Odisha","21","Malkangiri","364","Malkangiri","0",0.0,0.0,0.0,0.0,0.0,0.0,0.0,0.0,0.0,0.0,0.0,0.0,0.0,0.0,0.0,0.0,0.0,0.0,0.0,0.0
521,"2017","Odisha","21","Mayurbhanj","365","Mayurbhanj","0",0.0,0.0,0.0,0.0,0.0,0.0,0.0,0.0,0.0,0.0,0.0,0.0,0.0,0.0,0.0,0.0,0.0,0.0,0.0,0.0
522,"2017","Odisha","21","Nayagarh","367","Nayagarh","0",0.0,0.0,0.0,0.0,0.0,0.0,0.0,0.0,0.0,0.0,0.0,0.0,0.0,0.0,0.0,0.0,0.0,0.0,0.0,0.0
523,"2017","Odisha","21","Nabarangpur","366","Nabarangpur","0",0.0,0.0,0.0,0.0,0.0,0.0,0.0,0.0,0.0,0.0,0.0,0.0,0.0,0.0,0.0,0.0,0.0,0.0,0.0,0.0
524,"2017","Odisha","21","Nuapada","368","Nuapada","0",0.0,0.0,0.0,0.0,0.0,0.0,0.0,0.0,0.0,0.0,0.0,0.0,0.0,0.0,0.0,0.0,0.0,0.0,0.0,0.0
525,"2017","Odisha","21","Puri","369","Puri","0",0.0,0.0,0.0,0.0,0.0,0.0,0.0,0.0,0.0,0.0,0.0,0.0,0.0,0.0,0.0,0.0,0.0,0.0,0.0,0.0
526,"2017","Odisha","21","Rayagada","370","Rayagada","0",0.0,0.0,0.0,0.0,0.0,0.0,0.0,0.0,0.0,0.0,0.0,0.0,0.0,0.0,0.0,0.0,0.0,0.0,0.0,0.0
527,"2017","Odisha","21","Sundargarh","373","Rourkela","0",0.0,0.0,0.0,0.0,0.0,0.0,0.0,0.0,0.0,0.0,0.0,0.0,0.0,0.0,0.0,0.0,0.0,0.0,0.0,0.0
528,"2017","Odisha","21","Sambalpur","371","Sambalpur","0",0.0,0.0,0.0,0.0,0.0,0.0,0.0,0.0,0.0,0.0,0.0,0.0,0.0,0.0,0.0,0.0,0.0,0.0,0.0,0.0
529,"2017","Odisha","21","Sonepur","372","Sonepur","0",0.0,0.0,0.0,0.0,0.0,0.0,0.0,0.0,0.0,0.0,0.0,0.0,0.0,0.0,0.0,0.0,0.0,0.0,0.0,0.0
530,"2017","Odisha","21","Cuttack","350","Srp(Cuttack)","0",0.0,0.0,0.0,0.0,0.0,0.0,0.0,0.0,0.0,0.0,0.0,0.0,0.0,0.0,0.0,0.0,0.0,0.0,0.0,0.0
531,"2017","Odisha","21","Sundargarh","373","Srp(Rourkela)","0",0.0,0.0,0.0,0.0,0.0,0.0,0.0,0.0,0.0,0.0,0.0,0.0,0.0,0.0,0.0,0.0,0.0,0.0,0.0,0.0
532,"2017","Odisha","21","Sundargarh","373","Sundargarh","0",0.0,0.0,0.0,0.0,0.0,0.0,0.0,0.0,0.0,0.0,0.0,0.0,0.0,0.0,0.0,0.0,0.0,0.0,0.0,0.0
533,"2017","Odisha","21","Cuttack","350","Cid Cb","0",0.0,0.0,0.0,0.0,0.0,0.0,0.0,0.0,0.0,0.0,0.0,0.0,0.0,0.0,0.0,0.0,0.0,0.0,0.0,0.0
534,"2017","Punjab","03","Amritsar","027","Amritsar Rural","1",3.0,2.0,10.0,13.0,2.0,4.0,0.0,3.0,74.0,8.0,7.0,2.0,2.0,0.0,0.0,0.0,0.0,0.0,0.0,0.0
535,"2017","Punjab","03","Barnala","605","Barnala","1",4.0,0.0,2.0,1.0,3.0,4.0,0.0,0.0,9.0,5.0,3.0,0.0,0.0,0.0,0.0,0.0,0.0,0.0,0.0,0.0
536,"2017","Punjab","03","Gurdaspur","032","Batala","0",1.0,0.0,11.0,0.0,8.0,3.0,0.0,0.0,1.0,6.0,11.0,3.0,0.0,0.0,0.0,0.0,0.0,0.0,0.0,0.0
537,"2017","Punjab","03","Bathinda","028","Bathinda","0",0.0,0.0,4.0,2.0,2.0,0.0,0.0,0.0,0.0,1.0,1.0,1.0,1.0,0.0,0.0,0.0,0.0,0.0,0.0,0.0
538,"2017","Punjab","03","Amritsar","027","Cp Amritsar","2",3.0,7.0,40.0,51.0,13.0,10.0,2.0,4.0,35.0,34.0,20.0,1.0,2.0,0.0,0.0,0.0,0.0,0.0,0.0,0.0
539,"2017","Punjab","03","Jalandhar","034","Cp Jalandhar","0",0.0,0.0,52.0,38.0,22.0,12.0,0.0,0.0,0.0,107.0,16.0,3.0,4.0,0.0,0.0,0.0,0.0,0.0,0.0,0.0
540,"2017","Punjab","03","Ludhiana","036","Cp Ludhiana","7",40.0,29.0,35.0,20.0,8.0,7.0,3.0,21.0,31.0,46.0,9.0,2.0,2.0,0.0,0.0,0.0,0.0,0.0,0.0,0.0
541,"2017","Punjab","03","Faridkot","029","Faridkot","0",0.0,0.0,2.0,5.0,9.0,1.0,0.0,0.0,0.0,0.0,6.0,6.0,3.0,0.0,0.0,0.0,0.0,0.0,0.0,0.0
542,"2017","Punjab","03","Fatehgarh Sahib","030","Fatehgarh Sahib","0",1.0,13.0,12.0,11.0,7.0,0.0,0.0,15.0,1.0,2.0,1.0,0.0,0.0,0.0,0.0,0.0,0.0,0.0,0.0,0.0
543,"2017","Punjab","03","Fazilka","651","Fazilka","0",1.0,1.0,9.0,15.0,9.0,2.0,0.0,0.0,0.0,9.0,1.0,4.0,0.0,0.0,0.0,0.0,0.0,0.0,0.0,0.0
544,"2017","Punjab","03","Ferozepur","031","Ferozepur","0",2.0,4.0,10.0,12.0,10.0,3.0,0.0,5.0,32.0,10.0,3.0,6.0,2.0,0.0,0.0,0.0,0.0,0.0,0.0,0.0
545,"2017","Punjab","03","Patiala","041","Grp","0",0.0,0.0,1.0,2.0,0.0,0.0,0.0,0.0,2.0,2.0,0.0,0.0,0.0,0.0,0.0,0.0,0.0,0.0,0.0,0.0
546,"2017","Punjab","03","Gurdaspur","032","Gurdaspur","0",0.0,0.0,4.0,8.0,9.0,0.0,0.0,0.0,0.0,2.0,4.0,1.0,0.0,0.0,0.0,0.0,0.0,0.0,0.0,0.0
547,"2017","Punjab","03","Hoshiarpur","033","Hoshiarpur","0",0.0,9.0,55.0,20.0,4.0,0.0,0.0,52.0,90.0,13.0,0.0,0.0,0.0,0.0,0.0,0.0,0.0,0.0,0.0,0.0
548,"2017","Punjab","03","Jalandhar","034","Jalandhar Rural","1",0.0,2.0,24.0,22.0,12.0,7.0,0.0,0.0,3.0,52.0,22.0,3.0,1.0,0.0,0.0,0.0,0.0,0.0,0.0,0.0
549,"2017","Punjab","03","Kapurthala","035","Kapurthala","0",1.0,1.0,6.0,9.0,2.0,2.0,0.0,5.0,34.0,8.0,4.0,0.0,1.0,0.0,0.0,0.0,0.0,0.0,0.0,0.0
550,"2017","Punjab","03","Ludhiana","036","Khanna","1",2.0,3.0,13.0,14.0,13.0,7.0,1.0,2.0,4.0,9.0,11.0,10.0,2.0,0.0,0.0,0.0,0.0,0.0,0.0,0.0
551,"2017","Punjab","03","Ludhiana","036","Ludhiana Rural","0",0.0,0.0,12.0,6.0,6.0,7.0,0.0,0.0,0.0,8.0,5.0,2.0,0.0,0.0,0.0,0.0,0.0,0.0,0.0,0.0
552,"2017","Punjab","03","Mansa","037","Mansa","0",0.0,0.0,3.0,4.0,3.0,4.0,0.0,0.0,0.0,3.0,0.0,3.0,0.0,0.0,0.0,0.0,0.0,0.0,0.0,0.0
553,"2017","Punjab","03","Moga","038","Moga","0",0.0,2.0,15.0,9.0,4.0,3.0,0.0,0.0,0.0,12.0,6.0,2.0,4.0,0.0,0.0,0.0,0.0,0.0,0.0,0.0
554,"2017","Punjab","03","Sri Muktsar Sahib","039","Muktsar","0",1.0,1.0,12.0,13.0,18.0,1.0,0.0,0.0,0.0,8.0,7.0,8.0,2.0,0.0,0.0,0.0,0.0,0.0,0.0,0.0
555,"2017","Punjab","03","Pathankot","662","Pathankot","0",0.0,0.0,4.0,6.0,2.0,1.0,0.0,0.0,2.0,9.0,2.0,1.0,0.0,0.0,0.0,0.0,0.0,0.0,0.0,0.0
556,"2017","Punjab","03","Patiala","041","Patiala","1",3.0,5.0,15.0,22.0,33.0,14.0,1.0,0.0,3.0,10.0,2.0,5.0,1.0,0.0,0.0,0.0,0.0,0.0,0.0,0.0
557,"2017","Punjab","03","Rupnagar","042","Ropar","0",1.0,1.0,6.0,4.0,1.0,1.0,0.0,1.0,18.0,3.0,1.0,0.0,1.0,0.0,0.0,0.0,0.0,0.0,0.0,0.0
558,"2017","Punjab","03","Sangrur","043","Sangrur","0",3.0,6.0,8.0,3.0,2.0,0.0,1.0,11.0,32.0,12.0,6.0,0.0,0.0,0.0,0.0,0.0,0.0,0.0,0.0,0.0
559,"2017","Punjab","03","S.A.S Nagar","608","Sas Nagar","0",3.0,6.0,25.0,12.0,4.0,6.0,0.0,27.0,49.0,24.0,7.0,0.0,1.0,0.0,0.0,0.0,0.0,0.0,0.0,0.0
560,"2017","Punjab","03","Shahid Bhagat Singh Nagar","040","Sbs Nagar","1",3.0,0.0,8.0,5.0,9.0,7.0,0.0,1.0,2.0,12.0,5.0,2.0,1.0,0.0,0.0,0.0,0.0,0.0,0.0,0.0
561,"2017","Punjab","03","Tarn Taran","609","Tarn Taran","0",0.0,1.0,6.0,6.0,3.0,2.0,0.0,0.0,1.0,1.0,5.0,1.0,1.0,0.0,0.0,0.0,0.0,0.0,0.0,0.0
562,"2017","Punjab","03","S.A.S Nagar","608","Bureau Of Investigation","0",0.0,0.0,0.0,0.0,0.0,0.0,0.0,0.0,0.0,0.0,0.0,0.0,0.0,0.0,0.0,0.0,0.0,0.0,0.0,0.0
563,"2017","Punjab","03","S.A.S Nagar","608","Intelligence Wing","0",0.0,0.0,0.0,0.0,0.0,0.0,0.0,0.0,0.0,0.0,0.0,0.0,0.0,0.0,0.0,0.0,0.0,0.0,0.0,0.0
564,"2017","Punjab","03","S.A.S Nagar","608","Nri Wing","0",0.0,0.0,0.0,0.0,0.0,0.0,0.0,0.0,0.0,0.0,0.0,0.0,0.0,0.0,0.0,0.0,0.0,0.0,0.0,0.0
565,"2017","Punjab","03","Amritsar","027","Special Task Force","0",0.0,0.0,0.0,0.0,0.0,0.0,0.0,0.0,0.0,0.0,0.0,0.0,0.0,0.0,0.0,0.0,0.0,0.0,0.0,0.0
566,"2017","Rajasthan","08","Ajmer","086","Ajmer","8",19.0,26.0,77.0,79.0,41.0,11.0,11.0,16.0,96.0,397.0,118.0,22.0,4.0,0.0,0.0,0.0,0.0,0.0,0.0,0.0
567,"2017","Rajasthan","08","Alwar","087","Alwar","4",26.0,25.0,78.0,48.0,35.0,12.0,2.0,30.0,93.0,190.0,49.0,7.0,2.0,0.0,0.0,0.0,0.0,0.0,0.0,0.0
568,"2017","Rajasthan","08","Banswara","088","Banswara","0",3.0,2.0,22.0,9.0,5.0,4.0,0.0,0.0,2.0,107.0,23.0,1.0,1.0,0.0,0.0,0.0,0.0,0.0,0.0,0.0
569,"2017","Rajasthan","08","Baran","089","Baran","0",3.0,2.0,42.0,17.0,6.0,7.0,0.0,1.0,30.0,189.0,34.0,6.0,2.0,0.0,0.0,0.0,0.0,0.0,0.0,0.0
570,"2017","Rajasthan","08","Barmer","090","Barmer","0",2.0,9.0,20.0,13.0,9.0,1.0,0.0,8.0,25.0,65.0,8.0,3.0,1.0,0.0,0.0,0.0,0.0,0.0,0.0,0.0
571,"2017","Rajasthan","08","Bharatpur","091","Bharatpur","1",8.0,6.0,31.0,17.0,7.0,4.0,0.0,1.0,3.0,74.0,28.0,0.0,2.0,0.0,0.0,0.0,0.0,0.0,0.0,0.0
572,"2017","Rajasthan","08","Bhilwara","092","Bhilwara","0",9.0,16.0,95.0,50.0,8.0,7.0,3.0,14.0,137.0,334.0,65.0,5.0,5.0,0.0,0.0,0.0,0.0,0.0,0.0,0.0
573,"2017","Rajasthan","08","Bikaner","093","Bikaner","0",3.0,2.0,20.0,15.0,2.0,0.0,0.0,2.0,0.0,15.0,20.0,4.0,0.0,0.0,0.0,0.0,0.0,0.0,0.0,0.0
574,"2017","Rajasthan","08","Bundi","094","Bundi","1",4.0,7.0,35.0,23.0,5.0,4.0,0.0,0.0,55.0,191.0,40.0,4.0,1.0,0.0,0.0,0.0,0.0,0.0,0.0,0.0
575,"2017","Rajasthan","08","Chittorgarh","095","Chittorgarh","0",0.0,0.0,50.0,34.0,13.0,3.0,0.0,1.0,0.0,304.0,127.0,15.0,3.0,0.0,0.0,0.0,0.0,0.0,0.0,0.0
576,"2017","Rajasthan","08","Churu","096","Churu","7",9.0,5.0,17.0,29.0,8.0,4.0,3.0,14.0,40.0,119.0,14.0,1.0,4.0,0.0,0.0,0.0,0.0,0.0,0.0,0.0
577,"2017","Rajasthan","08","Dausa","097","Dausa","0",7.0,11.0,10.0,10.0,9.0,5.0,0.0,2.0,12.0,35.0,20.0,10.0,0.0,0.0,0.0,0.0,0.0,0.0,0.0,0.0
578,"2017","Rajasthan","08","Dholpur","098","Dholpur","2",7.0,4.0,20.0,13.0,4.0,0.0,2.0,2.0,3.0,47.0,9.0,3.0,0.0,0.0,0.0,0.0,0.0,0.0,0.0,0.0
579,"2017","Rajasthan","08","Dungarpur","099","Dungarpur","0",4.0,2.0,24.0,11.0,9.0,2.0,0.0,4.0,16.0,149.0,34.0,4.0,1.0,0.0,0.0,0.0,0.0,0.0,0.0,0.0
580,"2017","Rajasthan","08","Ajmer","086","Grp Ajmer","0",1.0,0.0,6.0,8.0,1.0,6.0,0.0,0.0,0.0,12.0,3.0,3.0,0.0,0.0,0.0,0.0,0.0,0.0,0.0,0.0
581,"2017","Rajasthan","08","Jodhpur","107","Grp Jodhpur","0",0.0,0.0,1.0,0.0,1.0,0.0,0.0,0.0,0.0,1.0,2.0,0.0,0.0,0.0,0.0,0.0,0.0,0.0,0.0,0.0
582,"2017","Rajasthan","08","Ganganagar","100","Ganganagar","2",8.0,16.0,76.0,70.0,16.0,4.0,1.0,2.0,60.0,249.0,80.0,7.0,2.0,0.0,0.0,0.0,0.0,0.0,0.0,0.0
583,"2017","Rajasthan","08","Hanumangarh","101","Hanumangarh","8",5.0,5.0,56.0,29.0,23.0,18.0,0.0,15.0,45.0,160.0,27.0,2.0,1.0,0.0,0.0,0.0,0.0,0.0,0.0,0.0
584,"2017","Rajasthan","08","Jaipur","102","Jaipur East","14",40.0,33.0,206.0,141.0,68.0,54.0,4.0,17.0,28.0,344.0,81.0,15.0,10.0,0.0,0.0,0.0,0.0,0.0,0.0,0.0
585,"2017","Rajasthan","08","Jaipur","102","Jaipur North","1",9.0,11.0,91.0,46.0,33.0,11.0,1.0,11.0,41.0,193.0,23.0,4.0,4.0,0.0,0.0,0.0,0.0,0.0,0.0,0.0
586,"2017","Rajasthan","08","Jaipur (Gramin)","783","Jaipur Rural","0",4.0,5.0,46.0,30.0,12.0,2.0,0.0,1.0,10.0,107.0,30.0,2.0,1.0,0.0,0.0,0.0,0.0,0.0,0.0,0.0
587,"2017","Rajasthan","08","Jaipur","102","Jaipur South","10",2.0,18.0,30.0,8.0,3.0,0.0,12.0,1.0,15.0,51.0,6.0,1.0,0.0,0.0,0.0,0.0,0.0,0.0,0.0,0.0
588,"2017","Rajasthan","08","Jaipur","102","Jaipur West","0",3.0,8.0,41.0,24.0,5.0,1.0,0.0,3.0,14.0,49.0,30.0,21.0,9.0,0.0,0.0,0.0,0.0,0.0,0.0,0.0
589,"2017","Rajasthan","08","Jaisalmer","103","Jaisalmer","1",0.0,3.0,8.0,5.0,3.0,2.0,0.0,1.0,1.0,16.0,3.0,0.0,0.0,0.0,0.0,0.0,0.0,0.0,0.0,0.0
590,"2017","Rajasthan","08","Jalore","104","Jalore","0",0.0,6.0,20.0,16.0,0.0,0.0,2.0,1.0,40.0,156.0,20.0,0.0,1.0,0.0,0.0,0.0,0.0,0.0,0.0,0.0
591,"2017","Rajasthan","08","Jhalawar","105","Jhalawar","1",1.0,3.0,38.0,18.0,6.0,5.0,1.0,9.0,86.0,169.0,24.0,3.0,2.0,0.0,0.0,0.0,0.0,0.0,0.0,0.0
592,"2017","Rajasthan","08","Jhunjhunu","106","Jhunjhunu","1",5.0,17.0,56.0,27.0,21.0,10.0,2.0,4.0,53.0,161.0,27.0,3.0,1.0,0.0,0.0,0.0,0.0,0.0,0.0,0.0
593,"2017","Rajasthan","08","Jodhpur","107","Jodhpur East","0",5.0,11.0,37.0,35.0,22.0,3.0,1.0,2.0,35.0,119.0,29.0,2.0,1.0,0.0,0.0,0.0,0.0,0.0,0.0,0.0
594,"2017","Rajasthan","08","Jodhpur","107","Jodhpur West","0",1.0,14.0,39.0,48.0,27.0,6.0,0.0,3.0,34.0,128.0,43.0,7.0,1.0,0.0,0.0,0.0,0.0,0.0,0.0,0.0
595,"2017","Rajasthan","08","Jodhpur","107","Jodhpur Rural","0",0.0,9.0,15.0,32.0,2.0,1.0,0.0,0.0,28.0,49.0,21.0,2.0,0.0,0.0,0.0,0.0,0.0,0.0,0.0,0.0
596,"2017","Rajasthan","08","Karauli","108","Karauli","1",0.0,1.0,12.0,8.0,5.0,2.0,1.0,0.0,1.0,50.0,14.0,1.0,1.0,0.0,0.0,0.0,0.0,0.0,0.0,0.0
597,"2017","Rajasthan","08","Kota","109","Kota City","1",11.0,30.0,127.0,70.0,27.0,21.0,0.0,9.0,87.0,350.0,63.0,10.0,3.0,0.0,0.0,0.0,0.0,0.0,0.0,0.0
598,"2017","Rajasthan","08","Kota","109","Kota Rural","0",1.0,9.0,29.0,17.0,6.0,7.0,0.0,2.0,59.0,156.0,29.0,7.0,1.0,0.0,0.0,0.0,0.0,0.0,0.0,0.0
599,"2017","Rajasthan","08","Nagaur","110","Nagaur","0",6.0,14.0,47.0,30.0,13.0,7.0,1.0,1.0,29.0,140.0,54.0,30.0,20.0,0.0,0.0,0.0,0.0,0.0,0.0,0.0
600,"2017","Rajasthan","08","Pali","111","Pali","24",15.0,8.0,19.0,35.0,22.0,10.0,13.0,16.0,5.0,320.0,104.0,17.0,3.0,0.0,0.0,0.0,0.0,0.0,0.0,0.0
601,"2017","Rajasthan","08","Pratapgarh","629","Pratapgarh","0",0.0,3.0,21.0,11.0,4.0,0.0,0.0,0.0,2.0,103.0,30.0,0.0,1.0,0.0,0.0,0.0,0.0,0.0,0.0,0.0
602,"2017","Rajasthan","08","Rajsamand","112","Rajsamand","1",3.0,0.0,35.0,14.0,6.0,2.0,0.0,5.0,52.0,257.0,28.0,3.0,0.0,0.0,0.0,0.0,0.0,0.0,0.0,0.0
603,"2017","Rajasthan","08","Sawai Madhopur","113","Sawai Madhopur","1",13.0,10.0,18.0,11.0,5.0,5.0,0.0,6.0,14.0,41.0,18.0,4.0,4.0,0.0,0.0,0.0,0.0,0.0,0.0,0.0
604,"2017","Rajasthan","08","Sikar","114","Sikar","0",10.0,22.0,40.0,30.0,23.0,4.0,1.0,7.0,66.0,259.0,36.0,2.0,0.0,0.0,0.0,0.0,0.0,0.0,0.0,0.0
605,"2017","Rajasthan","08","Sirohi","115","Sirohi","0",1.0,5.0,20.0,16.0,8.0,5.0,0.0,1.0,29.0,150.0,16.0,3.0,2.0,0.0,0.0,0.0,0.0,0.0,0.0,0.0
606,"2017","Rajasthan","08","Tonk","116","Tonk","0",0.0,1.0,18.0,12.0,7.0,3.0,0.0,0.0,17.0,123.0,8.0,3.0,3.0,0.0,0.0,0.0,0.0,0.0,0.0,0.0
607,"2017","Rajasthan","08","Udaipur","117","Udaipur","0",1.0,8.0,119.0,56.0,31.0,9.0,0.0,0.0,55.0,403.0,167.0,63.0,5.0,0.0,0.0,0.0,0.0,0.0,0.0,0.0
608,"2017","Rajasthan","08","Jaipur","102","Jaipur Metro","0",0.0,0.0,0.0,0.0,0.0,0.0,0.0,0.0,0.0,0.0,0.0,0.0,0.0,0.0,0.0,0.0,0.0,0.0,0.0,0.0
609,"2017","Rajasthan","08","Jaipur","102","Scrb","0",0.0,0.0,0.0,0.0,0.0,0.0,0.0,0.0,0.0,0.0,0.0,0.0,0.0,0.0,0.0,0.0,0.0,0.0,0.0,0.0
610,"2017","Rajasthan","08","Jaipur","102","Sog","0",0.0,0.0,0.0,0.0,0.0,0.0,0.0,0.0,0.0,0.0,0.0,0.0,0.0,0.0,0.0,0.0,0.0,0.0,0.0,0.0
611,"2017","Rajasthan","08","Jaipur","102","Ssb","0",0.0,0.0,0.0,0.0,0.0,0.0,0.0,0.0,0.0,0.0,0.0,0.0,0.0,0.0,0.0,0.0,0.0,0.0,0.0,0.0
612,"2017","Sikkim","11","Gangtok","225","East","0",2.0,11.0,57.0,31.0,10.0,1.0,0.0,0.0,2.0,93.0,33.0,6.0,0.0,0.0,0.0,0.0,0.0,0.0,0.0,0.0
613,"2017","Sikkim","11","Mangan","226","North","0",2.0,4.0,4.0,2.0,2.0,1.0,0.0,0.0,1.0,6.0,7.0,0.0,0.0,0.0,0.0,0.0,0.0,0.0,0.0,0.0
614,"2017","Sikkim","11","Namchi","227","South","0",1.0,9.0,5.0,5.0,3.0,1.0,0.0,2.0,6.0,13.0,4.0,1.0,0.0,0.0,0.0,0.0,0.0,0.0,0.0,0.0
615,"2017","Sikkim","11","Gyalshing","228","West","0",3.0,3.0,13.0,4.0,6.0,0.0,0.0,1.0,1.0,25.0,20.0,1.0,0.0,0.0,0.0,0.0,0.0,0.0,0.0,0.0
616,"2017","Tamil Nadu","33","Ariyalur","610","Ariyalur","1",5.0,8.0,8.0,6.0,1.0,5.0,1.0,6.0,32.0,57.0,8.0,2.0,4.0,0.0,0.0,0.0,0.0,0.0,0.0,0.0
617,"2017","Tamil Nadu","33","Chennai","568","Chennai","37",81.0,141.0,303.0,297.0,199.0,237.0,37.0,64.0,454.0,963.0,171.0,79.0,130.0,0.0,0.0,0.0,0.0,0.0,0.0,0.0
618,"2017","Tamil Nadu","33","Coimbatore","569","Coimbatore","0",0.0,21.0,27.0,28.0,15.0,9.0,0.0,2.0,43.0,45.0,47.0,49.0,21.0,0.0,0.0,0.0,0.0,0.0,0.0,0.0
619,"2017","Tamil Nadu","33","Coimbatore","569","Coimbatore City","1",7.0,9.0,8.0,25.0,15.0,12.0,1.0,7.0,58.0,53.0,16.0,8.0,7.0,0.0,0.0,0.0,0.0,0.0,0.0,0.0
620,"2017","Tamil Nadu","33","Cuddalore","570","Cuddalore","0",3.0,14.0,12.0,20.0,17.0,4.0,0.0,6.0,55.0,98.0,29.0,4.0,2.0,0.0,0.0,0.0,0.0,0.0,0.0,0.0
621,"2017","Tamil Nadu","33","Dharmapuri","571","Dharmapuri","1",2.0,7.0,3.0,8.0,4.0,2.0,1.0,2.0,21.0,17.0,6.0,4.0,1.0,0.0,0.0,0.0,0.0,0.0,0.0,0.0
622,"2017","Tamil Nadu","33","Dindigul","572","Dindigul","5",12.0,16.0,12.0,13.0,13.0,16.0,4.0,8.0,35.0,53.0,35.0,5.0,9.0,0.0,0.0,0.0,0.0,0.0,0.0,0.0
623,"2017","Tamil Nadu","33","Erode","573","Erode","2",4.0,8.0,12.0,13.0,10.0,11.0,1.0,5.0,35.0,26.0,16.0,6.0,3.0,0.0,0.0,0.0,0.0,0.0,0.0,0.0
624,"2017","Tamil Nadu","33","Kanchipuram","574","Kanchipuram","4",17.0,18.0,76.0,30.0,31.0,6.0,10.0,38.0,96.0,271.0,63.0,47.0,16.0,0.0,0.0,0.0,0.0,0.0,0.0,0.0
625,"2017","Tamil Nadu","33","Kanniyakumari","575","Kanyakumari","8",15.0,38.0,83.0,214.0,122.0,38.0,6.0,5.0,41.0,53.0,50.0,5.0,6.0,0.0,0.0,0.0,0.0,0.0,0.0,0.0
626,"2017","Tamil Nadu","33","Karur","576","Karur","0",5.0,1.0,4.0,1.0,1.0,4.0,0.0,3.0,29.0,24.0,5.0,1.0,3.0,0.0,0.0,0.0,0.0,0.0,0.0,0.0
627,"2017","Tamil Nadu","33","Krishnagiri","577","Krishnagiri","5",13.0,11.0,13.0,19.0,14.0,5.0,5.0,11.0,31.0,108.0,12.0,7.0,4.0,0.0,0.0,0.0,0.0,0.0,0.0,0.0
628,"2017","Tamil Nadu","33","Madurai","578","Madurai","14",16.0,28.0,58.0,42.0,22.0,14.0,16.0,28.0,75.0,192.0,72.0,45.0,18.0,0.0,0.0,0.0,0.0,0.0,0.0,0.0
629,"2017","Tamil Nadu","33","Madurai","578","Madurai City","5",8.0,21.0,30.0,23.0,22.0,28.0,8.0,15.0,42.0,126.0,30.0,12.0,16.0,0.0,0.0,0.0,0.0,0.0,0.0,0.0
630,"2017","Tamil Nadu","33","Nagapattinam","579","Nagapattinam","4",7.0,10.0,17.0,12.0,8.0,11.0,6.0,5.0,52.0,141.0,7.0,4.0,6.0,0.0,0.0,0.0,0.0,0.0,0.0,0.0
631,"2017","Tamil Nadu","33","Namakkal","580","Namakkal","4",7.0,16.0,6.0,12.0,5.0,8.0,1.0,3.0,24.0,31.0,11.0,4.0,3.0,0.0,0.0,0.0,0.0,0.0,0.0,0.0
632,"2017","Tamil Nadu","33","The Nilgiris","587","Nilgiris","0",2.0,8.0,4.0,6.0,1.0,3.0,0.0,5.0,12.0,24.0,5.0,0.0,0.0,0.0,0.0,0.0,0.0,0.0,0.0,0.0
633,"2017","Tamil Nadu","33","Perambalur","581","Perambalur","2",1.0,2.0,1.0,5.0,1.0,2.0,4.0,6.0,26.0,50.0,3.0,1.0,1.0,0.0,0.0,0.0,0.0,0.0,0.0,0.0
634,"2017","Tamil Nadu","33","Pudukkottai","582","Pudukottai","0",1.0,6.0,4.0,7.0,9.0,6.0,0.0,2.0,22.0,60.0,16.0,3.0,5.0,0.0,0.0,0.0,0.0,0.0,0.0,0.0
635,"2017","Tamil Nadu","33","Ramanathapuram","583","Ramnathapuram","0",5.0,10.0,6.0,16.0,7.0,9.0,0.0,4.0,38.0,92.0,28.0,4.0,5.0,0.0,0.0,0.0,0.0,0.0,0.0,0.0
636,"2017","Tamil Nadu","33","Chennai","568","Railway Chennai","1",0.0,2.0,3.0,5.0,3.0,1.0,0.0,0.0,2.0,4.0,1.0,2.0,3.0,0.0,0.0,0.0,0.0,0.0,0.0,0.0
637,"2017","Tamil Nadu","33","Tiruchirappalli","591","Railway Trichy","1",0.0,0.0,0.0,0.0,2.0,0.0,0.0,0.0,0.0,4.0,0.0,1.0,0.0,0.0,0.0,0.0,0.0,0.0,0.0,0.0
638,"2017","Tamil Nadu","33","Salem","584","Salem","5",15.0,10.0,8.0,12.0,16.0,6.0,14.0,8.0,88.0,104.0,27.0,6.0,5.0,0.0,0.0,0.0,0.0,0.0,0.0,0.0
639,"2017","Tamil Nadu","33","Salem","584","Salem City","0",2.0,7.0,3.0,9.0,8.0,10.0,5.0,6.0,22.0,31.0,9.0,5.0,4.0,0.0,0.0,0.0,0.0,0.0,0.0,0.0
640,"2017","Tamil Nadu","33","Sivaganga","585","Sivagangai","6",6.0,11.0,10.0,11.0,10.0,3.0,7.0,10.0,36.0,106.0,18.0,3.0,3.0,0.0,0.0,0.0,0.0,0.0,0.0,0.0
641,"2017","Tamil Nadu","33","Thanjavur","586","Thanjavur","4",8.0,17.0,17.0,14.0,11.0,17.0,3.0,6.0,52.0,155.0,20.0,4.0,6.0,0.0,0.0,0.0,0.0,0.0,0.0,0.0
642,"2017","Tamil Nadu","33","Theni","588","Theni","8",13.0,9.0,13.0,8.0,6.0,9.0,10.0,13.0,60.0,117.0,16.0,0.0,2.0,0.0,0.0,0.0,0.0,0.0,0.0,0.0
643,"2017","Tamil Nadu","33","Tirunelveli","592","Thirunelveli","10",22.0,15.0,25.0,46.0,23.0,18.0,11.0,21.0,84.0,162.0,64.0,12.0,13.0,0.0,0.0,0.0,0.0,0.0,0.0,0.0
644,"2017","Tamil Nadu","33","Tirunelveli","592","Thirunelveli City","2",7.0,3.0,9.0,13.0,12.0,10.0,2.0,6.0,25.0,56.0,3.0,1.0,4.0,0.0,0.0,0.0,0.0,0.0,0.0,0.0
645,"2017","Tamil Nadu","33","Thiruvallur","589","Thiruvallur","9",14.0,9.0,43.0,29.0,21.0,12.0,5.0,11.0,105.0,171.0,61.0,28.0,6.0,0.0,0.0,0.0,0.0,0.0,0.0,0.0
646,"2017","Tamil Nadu","33","Tiruvannamalai","593","Thiruvannamalai","5",7.0,14.0,7.0,16.0,11.0,12.0,7.0,8.0,69.0,183.0,15.0,5.0,9.0,0.0,0.0,0.0,0.0,0.0,0.0,0.0
647,"2017","Tamil Nadu","33","Thiruvarur","590","Thiruvarur","1",6.0,8.0,9.0,6.0,6.0,3.0,0.0,3.0,25.0,37.0,9.0,0.0,1.0,0.0,0.0,0.0,0.0,0.0,0.0,0.0
648,"2017","Tamil Nadu","33","Tuticorin","594","Thoothukudi","5",21.0,19.0,21.0,31.0,18.0,19.0,2.0,16.0,57.0,146.0,37.0,4.0,4.0,0.0,0.0,0.0,0.0,0.0,0.0,0.0
649,"2017","Tamil Nadu","33","Tiruppur","634","Tiruppur","7",7.0,7.0,4.0,18.0,22.0,12.0,4.0,6.0,62.0,95.0,36.0,12.0,8.0,0.0,0.0,0.0,0.0,0.0,0.0,0.0
650,"2017","Tamil Nadu","33","Tiruppur","634","Tiruppur City","5",11.0,9.0,18.0,24.0,12.0,7.0,9.0,9.0,87.0,82.0,58.0,42.0,9.0,0.0,0.0,0.0,0.0,0.0,0.0,0.0
651,"2017","Tamil Nadu","33","Tiruchirappalli","591","Trichy","0",11.0,6.0,7.0,12.0,3.0,4.0,1.0,4.0,27.0,58.0,11.0,3.0,2.0,0.0,0.0,0.0,0.0,0.0,0.0,0.0
652,"2017","Tamil Nadu","33","Tiruchirappalli","591","Trichy City","3",9.0,22.0,18.0,21.0,9.0,12.0,7.0,6.0,41.0,95.0,14.0,6.0,6.0,0.0,0.0,0.0,0.0,0.0,0.0,0.0
653,"2017","Tamil Nadu","33","Vellore","595","Vellore","17",16.0,44.0,54.0,43.0,25.0,27.0,32.0,9.0,206.0,363.0,45.0,17.0,16.0,0.0,0.0,0.0,1.0,0.0,0.0,0.0
654,"2017","Tamil Nadu","33","Villupuram","596","Villupuram","0",6.0,21.0,29.0,34.0,21.0,23.0,0.0,0.0,31.0,99.0,20.0,11.0,14.0,0.0,0.0,0.0,0.0,0.0,0.0,0.0
655,"2017","Tamil Nadu","33","Virudhunagar","597","Virudhunagar","8",13.0,17.0,22.0,17.0,6.0,3.0,9.0,16.0,46.0,74.0,46.0,10.0,3.0,0.0,0.0,0.0,0.0,0.0,0.0,0.0
656,"2017","Tamil Nadu","33","Chennai","568","Cyber Cell","0",0.0,0.0,0.0,0.0,0.0,0.0,0.0,0.0,0.0,0.0,0.0,0.0,0.0,0.0,0.0,0.0,0.0,0.0,0.0,0.0
657,"2017","Tamil Nadu","33","Chennai","568","Other Units","0",0.0,0.0,0.0,0.0,0.0,0.0,0.0,0.0,0.0,0.0,0.0,0.0,0.0,0.0,0.0,0.0,0.0,0.0,0.0,0.0
658,"2017","Telangana","36","Ranga Reddy","518","Cyberabad Commissionerate","20",117.0,162.0,266.0,463.0,265.0,104.0,21.0,121.0,250.0,831.0,363.0,143.0,62.0,0.0,0.0,0.0,0.0,0.0,0.0,0.0
659,"2017","Telangana","36","Hyderabad","507","Hyderabad Commissionerate","42",96.0,86.0,284.0,436.0,299.0,156.0,42.0,49.0,165.0,816.0,379.0,102.0,80.0,0.0,0.0,0.0,0.0,0.0,0.0,0.0
660,"2017","Telangana","36","Karimnagar","508","Karimnagar Commissionerate","4",4.0,7.0,16.0,32.0,17.0,2.0,0.0,4.0,36.0,139.0,30.0,10.0,2.0,0.0,0.0,0.0,0.0,0.0,0.0,0.0
661,"2017","Telangana","36","Khammam","509","Khammam Commissionerate","4",1.0,1.0,14.0,34.0,11.0,6.0,5.0,4.0,2.0,119.0,58.0,5.0,2.0,0.0,0.0,0.0,0.0,0.0,0.0,0.0
662,"2017","Telangana","36","Nizamabad","516","Nizamabad Commissionerate","8",20.0,18.0,44.0,39.0,22.0,17.0,7.0,15.0,60.0,175.0,26.0,7.0,10.0,0.0,0.0,0.0,0.0,0.0,0.0,0.0
663,"2017","Telangana","36","Yadadri Bhuvanagiri","697","Rachakonda Commissionerate","21",85.0,89.0,167.0,269.0,175.0,70.0,22.0,52.0,150.0,567.0,244.0,76.0,40.0,0.0,0.0,0.0,0.0,0.0,0.0,0.0
664,"2017","Telangana","36","Peddapalli","682","Ramagundam Commissionerate","0",10.0,10.0,20.0,47.0,26.0,15.0,0.0,6.0,54.0,179.0,50.0,10.0,6.0,0.0,0.0,0.0,0.0,0.0,0.0,0.0
665,"2017","Telangana","36","Siddipet","692","Siddipet Commissionerate","4",10.0,14.0,19.0,24.0,14.0,7.0,3.0,5.0,63.0,81.0,30.0,3.0,0.0,0.0,0.0,0.0,0.0,0.0,0.0,0.0
666,"2017","Telangana","36","Warangal","522","Warangal Commissionerate","6",15.0,22.0,27.0,44.0,23.0,12.0,1.0,14.0,84.0,199.0,51.0,13.0,6.0,0.0,0.0,0.0,0.0,0.0,0.0,0.0
667,"2017","Telangana","36","Adilabad","501","Adilabad","0",3.0,5.0,8.0,13.0,6.0,3.0,0.0,3.0,24.0,34.0,11.0,0.0,1.0,0.0,0.0,0.0,0.0,0.0,0.0,0.0
668,"2017","Telangana","36","Bhadradri Kothagudem","690","Bhadradri Kothagudem","0",2.0,3.0,14.0,22.0,9.0,6.0,0.0,0.0,0.0,101.0,40.0,4.0,0.0,0.0,0.0,0.0,0.0,0.0,0.0,0.0
669,"2017","Telangana","36","Jagitial","681","Jagityal","4",4.0,7.0,13.0,19.0,8.0,5.0,0.0,4.0,40.0,89.0,27.0,9.0,0.0,0.0,0.0,0.0,0.0,0.0,0.0,0.0
670,"2017","Telangana","36","Jayashankar Bhupalapally","687","Jayashankar Bhupalpalli","0",0.0,0.0,0.0,22.0,3.0,0.0,0.0,0.0,26.0,30.0,25.0,7.0,0.0,0.0,0.0,0.0,0.0,0.0,0.0,0.0
671,"2017","Telangana","36","Jogulamba Gadwal","695","Jogulamba Gadwal","1",6.0,18.0,8.0,17.0,12.0,4.0,0.0,3.0,23.0,28.0,13.0,4.0,0.0,0.0,0.0,0.0,0.0,0.0,0.0,0.0
672,"2017","Telangana","36","Kamareddy","685","Kamareddy","3",6.0,6.0,27.0,19.0,12.0,3.0,2.0,1.0,19.0,76.0,33.0,4.0,3.0,0.0,0.0,0.0,0.0,0.0,0.0,0.0
673,"2017","Telangana","36","Kumuram Bheem Asifabad","699","Kumaram Bheem Asifabad","1",4.0,4.0,2.0,5.0,2.0,0.0,0.0,0.0,16.0,22.0,21.0,0.0,0.0,0.0,0.0,0.0,0.0,0.0,0.0,0.0
674,"2017","Telangana","36","Mahabubabad","688","Mahabubabad","0",3.0,3.0,1.0,19.0,5.0,1.0,1.0,8.0,14.0,48.0,11.0,2.0,0.0,0.0,0.0,0.0,0.0,0.0,0.0,0.0
675,"2017","Telangana","36","Mahabubnagar","512","Mahabubnagar","7",22.0,17.0,18.0,14.0,17.0,7.0,7.0,11.0,52.0,116.0,47.0,7.0,1.0,0.0,0.0,0.0,0.0,0.0,0.0,0.0
676,"2017","Telangana","36","Medak","513","Medak","6",8.0,10.0,11.0,23.0,14.0,4.0,4.0,11.0,11.0,57.0,27.0,4.0,0.0,0.0,0.0,0.0,0.0,0.0,0.0,0.0
677,"2017","Telangana","36","Nagarkurnool","694","Nagarkurnool","0",8.0,7.0,3.0,12.0,11.0,3.0,2.0,1.0,14.0,62.0,23.0,2.0,0.0,0.0,0.0,0.0,0.0,0.0,0.0,0.0
678,"2017","Telangana","36","Nalgonda","514","Nalgonda","5",10.0,14.0,17.0,31.0,20.0,6.0,8.0,9.0,34.0,113.0,40.0,6.0,1.0,0.0,0.0,0.0,0.0,0.0,0.0,0.0
679,"2017","Telangana","36","Nirmal","680","Nirmal","8",7.0,10.0,7.0,10.0,13.0,4.0,3.0,2.0,22.0,45.0,21.0,6.0,2.0,0.0,0.0,0.0,0.0,0.0,0.0,0.0
680,"2017","Telangana","36","Rajanna Sircilla","683","Rajanna Siricilla","0",0.0,4.0,2.0,18.0,0.0,4.0,1.0,0.0,4.0,17.0,11.0,5.0,0.0,0.0,0.0,0.0,0.0,0.0,0.0,0.0
681,"2017","Telangana","36","Sangareddy","691","Sangareddy","11",20.0,15.0,33.0,51.0,24.0,14.0,11.0,19.0,85.0,124.0,49.0,10.0,2.0,0.0,0.0,0.0,0.0,0.0,0.0,0.0
682,"2017","Telangana","36","Suryapet","696","Suryapet","2",3.0,4.0,12.0,14.0,7.0,1.0,1.0,2.0,21.0,74.0,17.0,4.0,1.0,0.0,0.0,0.0,0.0,0.0,0.0,0.0
683,"2017","Telangana","36","Vikarabad","698","Vikarabad","1",14.0,14.0,5.0,11.0,10.0,1.0,0.0,4.0,19.0,45.0,6.0,1.0,3.0,0.0,0.0,0.0,0.0,0.0,0.0,0.0
684,"2017","Telangana","36","Wanaparthy","693","Wanaparthy","0",4.0,7.0,11.0,8.0,5.0,2.0,0.0,1.0,38.0,54.0,10.0,1.0,1.0,0.0,0.0,0.0,0.0,0.0,0.0,0.0
685,"2017","Telangana","36","Hyderabad","507","Railway Police Secunderabad","1",1.0,0.0,2.0,3.0,7.0,2.0,0.0,0.0,3.0,9.0,2.0,1.0,2.0,0.0,0.0,0.0,0.0,0.0,0.0,0.0
686,"2017","Tripura","16","Dhalai","269","Dhalai","0",1.0,3.0,15.0,9.0,8.0,1.0,0.0,1.0,5.0,39.0,13.0,4.0,0.0,0.0,0.0,0.0,0.0,0.0,0.0,0.0
687,"2017","Tripura","16","Gomati","654","Gomati","0",1.0,0.0,8.0,28.0,10.0,0.0,0.0,0.0,8.0,38.0,27.0,5.0,1.0,0.0,0.0,0.0,0.0,0.0,0.0,0.0
688,"2017","Tripura","16","West Tripura","272","Grp","0",0.0,0.0,0.0,0.0,0.0,0.0,0.0,0.0,0.0,0.0,0.0,0.0,0.0,0.0,0.0,0.0,0.0,0.0,0.0,0.0
689,"2017","Tripura","16","Khowai","652","Kowai","0",0.0,1.0,21.0,19.0,5.0,1.0,0.0,0.0,2.0,33.0,21.0,1.0,0.0,0.0,0.0,0.0,0.0,0.0,0.0,0.0
690,"2017","Tripura","16","North Tripura","270","North","0",2.0,2.0,8.0,6.0,5.0,1.0,0.0,2.0,8.0,26.0,5.0,1.0,1.0,0.0,0.0,0.0,0.0,0.0,0.0,0.0
691,"2017","Tripura","16","Sepahijala","653","Sipahijala","0",1.0,1.0,30.0,23.0,3.0,3.0,0.0,1.0,6.0,76.0,34.0,2.0,0.0,0.0,0.0,0.0,0.0,0.0,0.0,0.0
692,"2017","Tripura","16","South Tripura","271","South","0",0.0,2.0,8.0,16.0,11.0,0.0,0.0,1.0,9.0,27.0,21.0,2.0,1.0,0.0,0.0,0.0,0.0,0.0,0.0,0.0
693,"2017","Tripura","16","Unakoti","655","Unakoti","0",0.0,1.0,13.0,11.0,2.0,2.0,0.0,1.0,10.0,68.0,11.0,1.0,1.0,0.0,0.0,0.0,0.0,0.0,0.0,0.0
694,"2017","Tripura","16","West Tripura","272","West","0",4.0,10.0,46.0,81.0,32.0,5.0,0.0,4.0,53.0,168.0,97.0,22.0,9.0,0.0,0.0,0.0,0.0,0.0,0.0,0.0
695,"2017","Uttar Pradesh","09","Agra","118","Agra","0",10.0,19.0,0.0,0.0,163.0,9.0,0.0,5.0,25.0,0.0,0.0,117.0,2.0,0.0,0.0,0.0,0.0,0.0,0.0,0.0
696,"2017","Uttar Pradesh","09","Aligarh","119","Aligarh","0",10.0,7.0,29.0,13.0,9.0,5.0,0.0,2.0,6.0,21.0,10.0,0.0,1.0,0.0,0.0,0.0,0.0,0.0,0.0,0.0
697,"2017","Uttar Pradesh","09","Prayagraj","120","Prayagraj","0",35.0,13.0,46.0,38.0,24.0,8.0,1.0,12.0,45.0,53.0,25.0,8.0,3.0,0.0,0.0,0.0,0.0,0.0,0.0,0.0
698,"2017","Uttar Pradesh","09","Ambedkar Nagar","121","Ambedkar Nagar","0",6.0,8.0,10.0,8.0,6.0,2.0,1.0,0.0,6.0,9.0,4.0,2.0,2.0,0.0,0.0,0.0,0.0,0.0,0.0,0.0
699,"2017","Uttar Pradesh","09","Amethi","640","Amethi","0",4.0,4.0,8.0,5.0,2.0,0.0,0.0,2.0,14.0,10.0,1.0,0.0,0.0,0.0,0.0,0.0,0.0,0.0,0.0,0.0
700,"2017","Uttar Pradesh","09","Amroha","154","Amroha","0",0.0,3.0,6.0,0.0,0.0,0.0,0.0,0.0,3.0,0.0,0.0,0.0,0.0,0.0,0.0,0.0,0.0,0.0,0.0,0.0
701,"2017","Uttar Pradesh","09","Auraiya","122","Auraiya","0",3.0,6.0,10.0,3.0,4.0,1.0,0.0,2.0,8.0,12.0,3.0,0.0,1.0,0.0,0.0,0.0,0.0,0.0,0.0,0.0
702,"2017","Uttar Pradesh","09","Azamgarh","123","Azamgarh","3",7.0,8.0,34.0,30.0,19.0,7.0,0.0,7.0,25.0,64.0,17.0,4.0,3.0,0.0,0.0,0.0,0.0,0.0,0.0,0.0
703,"2017","Uttar Pradesh","09","Budaun","133","Badaun","1",9.0,8.0,16.0,12.0,2.0,4.0,0.0,2.0,12.0,16.0,5.0,1.0,2.0,0.0,0.0,0.0,0.0,0.0,0.0,0.0
704,"2017","Uttar Pradesh","09","Baghpat","124","Baghpat","1",5.0,4.0,39.0,21.0,9.0,9.0,0.0,2.0,2.0,49.0,12.0,4.0,0.0,0.0,0.0,0.0,0.0,0.0,0.0,0.0
705,"2017","Uttar Pradesh","09","Bahraich","125","Bahraich","1",7.0,2.0,5.0,3.0,3.0,1.0,0.0,1.0,5.0,7.0,2.0,1.0,2.0,0.0,0.0,0.0,0.0,0.0,0.0,0.0
706,"2017","Uttar Pradesh","09","Ballia","126","Ballia","1",2.0,1.0,20.0,11.0,5.0,4.0,0.0,2.0,9.0,27.0,6.0,3.0,1.0,0.0,0.0,0.0,0.0,0.0,0.0,0.0
707,"2017","Uttar Pradesh","09","Balrampur","127","Balrampur","0",3.0,3.0,7.0,4.0,2.0,1.0,0.0,0.0,4.0,2.0,2.0,1.0,0.0,0.0,0.0,0.0,0.0,0.0,0.0,0.0
708,"2017","Uttar Pradesh","09","Banda","128","Banda","0",1.0,0.0,5.0,1.0,0.0,2.0,0.0,0.0,0.0,8.0,2.0,0.0,0.0,0.0,0.0,0.0,0.0,0.0,0.0,0.0
709,"2017","Uttar Pradesh","09","Barabanki","129","Barabanki","0",7.0,12.0,5.0,3.0,5.0,3.0,0.0,0.0,11.0,5.0,6.0,1.0,1.0,0.0,0.0,0.0,0.0,0.0,0.0,0.0
710,"2017","Uttar Pradesh","09","Bareilly","130","Bareilly","1",3.0,1.0,24.0,25.0,6.0,6.0,0.0,4.0,10.0,20.0,14.0,7.0,1.0,0.0,0.0,0.0,0.0,0.0,0.0,0.0
711,"2017","Uttar Pradesh","09","Basti","131","Basti","0",4.0,5.0,0.0,35.0,13.0,0.0,0.0,0.0,0.0,0.0,0.0,0.0,0.0,0.0,0.0,0.0,0.0,0.0,0.0,0.0
712,"2017","Uttar Pradesh","09","Bijnor","132","Bijnor","0",1.0,2.0,35.0,17.0,11.0,8.0,1.0,1.0,2.0,35.0,8.0,4.0,4.0,0.0,0.0,0.0,0.0,0.0,0.0,0.0
713,"2017","Uttar Pradesh","09","Bulandshahr","134","Bulandshahar","0",5.0,7.0,11.0,15.0,16.0,0.0,0.0,6.0,3.0,11.0,25.0,17.0,0.0,0.0,0.0,0.0,0.0,0.0,0.0,0.0
714,"2017","Uttar Pradesh","09","Chandauli","135","Chandoli","0",7.0,2.0,11.0,7.0,2.0,5.0,0.0,10.0,11.0,16.0,8.0,2.0,0.0,0.0,0.0,0.0,0.0,0.0,0.0,0.0
715,"2017","Uttar Pradesh","09","Chitrakoot","136","Chitrakoot","0",0.0,8.0,7.0,0.0,0.0,0.0,0.0,0.0,10.0,19.0,0.0,0.0,0.0,0.0,0.0,0.0,0.0,0.0,0.0,0.0
716,"2017","Uttar Pradesh","09","Deoria","137","Deoria","0",7.0,7.0,2.0,14.0,3.0,0.0,0.0,1.0,13.0,13.0,8.0,4.0,0.0,0.0,0.0,0.0,0.0,0.0,0.0,0.0
717,"2017","Uttar Pradesh","09","Etah","138","Etah","0",9.0,2.0,11.0,14.0,8.0,4.0,0.0,2.0,10.0,15.0,8.0,3.0,0.0,0.0,0.0,0.0,0.0,0.0,0.0,0.0
718,"2017","Uttar Pradesh","09","Etawah","139","Etawah","3",15.0,9.0,7.0,5.0,6.0,2.0,0.0,8.0,24.0,4.0,5.0,0.0,0.0,0.0,0.0,0.0,0.0,0.0,0.0,0.0
719,"2017","Uttar Pradesh","09","Ayodhya","140","Ayodhya","3",5.0,3.0,11.0,8.0,6.0,4.0,0.0,5.0,13.0,25.0,4.0,0.0,1.0,0.0,0.0,0.0,0.0,0.0,0.0,0.0
720,"2017","Uttar Pradesh","09","Farrukhabad","141","Fatehgarh","0",2.0,7.0,14.0,2.0,6.0,0.0,0.0,2.0,8.0,17.0,2.0,1.0,0.0,0.0,0.0,0.0,0.0,0.0,0.0,0.0
721,"2017","Uttar Pradesh","09","Fatehpur","142","Fatehpur","0",7.0,6.0,17.0,12.0,6.0,2.0,0.0,1.0,11.0,38.0,15.0,2.0,1.0,0.0,0.0,0.0,0.0,0.0,0.0,0.0
722,"2017","Uttar Pradesh","09","Firozabad","143","Firozabad","0",5.0,1.0,8.0,12.0,5.0,3.0,0.0,6.0,11.0,11.0,13.0,9.0,1.0,0.0,0.0,0.0,0.0,0.0,0.0,0.0
723,"2017","Uttar Pradesh","09","Gautam Buddha Nagar","144","Gautambudh Nagar","2",18.0,35.0,15.0,65.0,35.0,8.0,2.0,12.0,28.0,89.0,11.0,3.0,1.0,0.0,0.0,0.0,0.0,0.0,0.0,0.0
724,"2017","Uttar Pradesh","09","Ghaziabad","145","Ghaziabad","5",25.0,15.0,84.0,41.0,18.0,9.0,2.0,9.0,39.0,75.0,8.0,2.0,0.0,0.0,0.0,0.0,0.0,0.0,0.0,0.0
725,"2017","Uttar Pradesh","09","Ghazipur","146","Ghazipur","0",9.0,7.0,19.0,19.0,2.0,0.0,0.0,7.0,21.0,38.0,21.0,0.0,0.0,0.0,0.0,0.0,0.0,0.0,0.0,0.0
726,"2017","Uttar Pradesh","09","Gonda","147","Gonda","0",9.0,5.0,11.0,7.0,2.0,0.0,0.0,3.0,7.0,11.0,2.0,1.0,0.0,0.0,0.0,0.0,0.0,0.0,0.0,0.0
727,"2017","Uttar Pradesh","09","Gorakhpur","148","Gorakhpur","0",4.0,2.0,7.0,12.0,12.0,9.0,0.0,4.0,7.0,14.0,4.0,5.0,0.0,0.0,0.0,0.0,0.0,0.0,0.0,0.0
728,"2017","Uttar Pradesh","09","Hamirpur","149","Hamirpur","0",6.0,5.0,3.0,3.0,1.0,1.0,0.0,7.0,73.0,6.0,0.0,0.0,1.0,0.0,0.0,0.0,0.0,0.0,0.0,0.0
729,"2017","Uttar Pradesh","09","Hapur","661","Hapur","0",7.0,10.0,21.0,19.0,6.0,7.0,0.0,6.0,15.0,35.0,18.0,8.0,2.0,0.0,0.0,0.0,0.0,0.0,0.0,0.0
730,"2017","Uttar Pradesh","09","Hardoi","150","Hardoi","0",0.0,0.0,0.0,0.0,0.0,0.0,0.0,0.0,0.0,0.0,0.0,0.0,0.0,0.0,0.0,0.0,0.0,0.0,0.0,0.0
731,"2017","Uttar Pradesh","09","Hathras","163","Hathras","1",6.0,4.0,13.0,7.0,4.0,1.0,0.0,2.0,7.0,12.0,6.0,0.0,0.0,0.0,0.0,0.0,0.0,0.0,0.0,0.0
732,"2017","Uttar Pradesh","09","Jalaun","151","Jalaun","0",1.0,3.0,12.0,5.0,5.0,0.0,0.0,1.0,4.0,12.0,5.0,0.0,0.0,0.0,0.0,0.0,0.0,0.0,0.0,0.0
733,"2017","Uttar Pradesh","09","Jaunpur","152","Jaunpur","0",0.0,11.0,23.0,0.0,0.0,0.0,0.0,0.0,20.0,45.0,0.0,0.0,0.0,0.0,0.0,0.0,0.0,0.0,0.0,0.0
734,"2017","Uttar Pradesh","09","Jhansi","153","Jhansi","0",2.0,4.0,14.0,8.0,2.0,0.0,0.0,5.0,5.0,11.0,4.0,0.0,0.0,0.0,0.0,0.0,0.0,0.0,0.0,0.0
735,"2017","Uttar Pradesh","09","Kannauj","155","Kannauj","0",6.0,4.0,13.0,11.0,7.0,0.0,0.0,3.0,8.0,4.0,2.0,0.0,0.0,0.0,0.0,0.0,0.0,0.0,0.0,0.0
736,"2017","Uttar Pradesh","09","Kanpur Dehat","156","Kanpur Dehat","0",0.0,2.0,2.0,4.0,0.0,1.0,0.0,0.0,8.0,8.0,0.0,0.0,0.0,0.0,0.0,0.0,0.0,0.0,0.0,0.0
737,"2017","Uttar Pradesh","09","Kanpur Nagar","157","Kanpur Nagar","1",22.0,24.0,31.0,29.0,23.0,4.0,0.0,18.0,17.0,55.0,17.0,6.0,0.0,0.0,0.0,0.0,0.0,0.0,0.0,0.0
738,"2017","Uttar Pradesh","09","Kasganj","633","Kasganj","1",6.0,3.0,26.0,0.0,8.0,0.0,0.0,3.0,0.0,12.0,8.0,0.0,0.0,0.0,0.0,0.0,0.0,0.0,0.0,0.0
739,"2017","Uttar Pradesh","09","Kaushambi","158","Kaushambi","0",0.0,50.0,62.0,0.0,0.0,0.0,0.0,0.0,0.0,0.0,0.0,0.0,0.0,0.0,0.0,0.0,0.0,0.0,0.0,0.0
740,"2017","Uttar Pradesh","09","Kheri","159","Khiri","3",18.0,21.0,4.0,7.0,3.0,0.0,0.0,0.0,0.0,0.0,0.0,0.0,0.0,0.0,0.0,0.0,0.0,0.0,0.0,0.0
741,"2017","Uttar Pradesh","09","Kushi Nagar","160","Kushi Nagar","0",2.0,1.0,3.0,2.0,2.0,0.0,0.0,0.0,3.0,2.0,1.0,4.0,0.0,0.0,0.0,0.0,0.0,0.0,0.0,0.0
742,"2017","Uttar Pradesh","09","Lalitpur","161","Lalitpur","1",2.0,2.0,2.0,4.0,0.0,0.0,0.0,4.0,39.0,9.0,3.0,0.0,1.0,0.0,0.0,0.0,0.0,0.0,0.0,0.0
743,"2017","Uttar Pradesh","09","Lucknow","162","Lucknow","16",190.0,174.0,263.0,305.0,145.0,74.0,11.0,105.0,214.0,294.0,173.0,42.0,34.0,0.0,0.0,0.0,0.0,0.0,0.0,0.0
744,"2017","Uttar Pradesh","09","Maharajganj","164","Maharajganj","0",0.0,4.0,2.0,0.0,0.0,5.0,0.0,0.0,3.0,1.0,8.0,0.0,0.0,0.0,0.0,0.0,0.0,0.0,0.0,0.0
745,"2017","Uttar Pradesh","09","Mahoba","165","Mahoba","0",7.0,6.0,3.0,1.0,0.0,0.0,0.0,31.0,19.0,29.0,6.0,0.0,0.0,0.0,0.0,0.0,0.0,0.0,0.0,0.0
746,"2017","Uttar Pradesh","09","Mainpuri","166","Mainpuri","0",8.0,5.0,13.0,9.0,0.0,0.0,0.0,7.0,6.0,20.0,16.0,0.0,0.0,0.0,0.0,0.0,0.0,0.0,0.0,0.0
747,"2017","Uttar Pradesh","09","Mathura","167","Mathura","1",8.0,10.0,28.0,29.0,12.0,7.0,1.0,6.0,15.0,36.0,23.0,4.0,2.0,0.0,0.0,0.0,0.0,0.0,0.0,0.0
748,"2017","Uttar Pradesh","09","Mau","168","Mau","0",11.0,4.0,11.0,8.0,2.0,6.0,1.0,5.0,9.0,14.0,2.0,3.0,1.0,0.0,0.0,0.0,0.0,0.0,0.0,0.0
749,"2017","Uttar Pradesh","09","Meerut","169","Meerut","3",6.0,3.0,33.0,34.0,15.0,9.0,2.0,1.0,5.0,50.0,13.0,4.0,3.0,0.0,0.0,0.0,0.0,0.0,0.0,0.0
750,"2017","Uttar Pradesh","09","Mirzapur","170","Mirzapur","1",4.0,6.0,16.0,9.0,11.0,7.0,0.0,1.0,14.0,22.0,4.0,1.0,3.0,0.0,0.0,0.0,0.0,0.0,0.0,0.0
751,"2017","Uttar Pradesh","09","Moradabad","171","Moradabad","0",10.0,16.0,59.0,40.0,22.0,8.0,0.0,4.0,23.0,43.0,17.0,8.0,1.0,0.0,0.0,0.0,0.0,0.0,0.0,0.0
752,"2017","Uttar Pradesh","09","Muzaffarnagar","172","Muzaffarnagar","2",9.0,12.0,14.0,12.0,13.0,3.0,0.0,2.0,5.0,17.0,9.0,1.0,1.0,0.0,0.0,0.0,0.0,0.0,0.0,0.0
753,"2017","Uttar Pradesh","09","Pilibhit","173","Pilibhit","0",1.0,2.0,29.0,27.0,4.0,2.0,0.0,1.0,5.0,21.0,12.0,4.0,1.0,0.0,0.0,0.0,0.0,0.0,0.0,0.0
754,"2017","Uttar Pradesh","09","Pratapgarh","174","Pratapgarh","0",2.0,4.0,2.0,1.0,0.0,0.0,0.0,0.0,4.0,6.0,3.0,0.0,0.0,0.0,0.0,0.0,0.0,0.0,0.0,0.0
755,"2017","Uttar Pradesh","09","Rae Bareli","175","Raibareilly","0",6.0,3.0,7.0,8.0,4.0,2.0,0.0,4.0,11.0,10.0,1.0,0.0,1.0,0.0,0.0,0.0,0.0,0.0,0.0,0.0
756,"2017","Uttar Pradesh","09","Rampur","176","Rampur","1",7.0,1.0,13.0,5.0,5.0,3.0,0.0,8.0,46.0,109.0,9.0,0.0,0.0,0.0,0.0,0.0,0.0,0.0,0.0,0.0
757,"2017","Uttar Pradesh","09","Saharanpur","177","Saharanpur","0",2.0,7.0,27.0,14.0,6.0,7.0,0.0,1.0,1.0,28.0,10.0,2.0,0.0,0.0,0.0,0.0,0.0,0.0,0.0,0.0
758,"2017","Uttar Pradesh","09","Sambhal","659","Sambhal","1",2.0,9.0,16.0,6.0,2.0,3.0,0.0,1.0,5.0,14.0,5.0,2.0,2.0,0.0,0.0,0.0,0.0,0.0,0.0,0.0
759,"2017","Uttar Pradesh","09","Sant Kabeer Nagar","178","Sant Kabirnagar","0",2.0,2.0,5.0,4.0,0.0,1.0,0.0,1.0,14.0,14.0,0.0,0.0,1.0,0.0,0.0,0.0,0.0,0.0,0.0,0.0
760,"2017","Uttar Pradesh","09","Shahjahanpur","180","Shahjahanpur","2",16.0,15.0,12.0,23.0,7.0,2.0,1.0,7.0,20.0,17.0,11.0,2.0,0.0,0.0,0.0,0.0,0.0,0.0,0.0,0.0
761,"2017","Uttar Pradesh","09","Shamli","660","Shamli","0",2.0,4.0,18.0,12.0,8.0,0.0,0.0,0.0,2.0,18.0,7.0,0.0,4.0,0.0,0.0,0.0,0.0,0.0,0.0,0.0
762,"2017","Uttar Pradesh","09","Shravasti","181","Shrawasti","0",0.0,0.0,0.0,0.0,0.0,0.0,0.0,0.0,2.0,0.0,1.0,0.0,0.0,0.0,0.0,0.0,0.0,0.0,0.0,0.0
763,"2017","Uttar Pradesh","09","Siddharth Nagar","182","Sidharthnagar","0",3.0,3.0,8.0,8.0,3.0,5.0,0.0,1.0,2.0,14.0,8.0,3.0,0.0,0.0,0.0,0.0,0.0,0.0,0.0,0.0
764,"2017","Uttar Pradesh","09","Sitapur","183","Sitapur","0",14.0,16.0,23.0,28.0,12.0,2.0,0.0,5.0,28.0,21.0,12.0,5.0,0.0,0.0,0.0,0.0,0.0,0.0,0.0,0.0
765,"2017","Uttar Pradesh","09","Sonbhadra","184","Sonbhadra","1",2.0,8.0,16.0,12.0,2.0,2.0,1.0,2.0,8.0,2.0,2.0,0.0,0.0,0.0,0.0,0.0,0.0,0.0,0.0,0.0
766,"2017","Uttar Pradesh","09","Bhadohi","179","Bhadohi","0",15.0,1.0,12.0,2.0,2.0,0.0,0.0,5.0,17.0,13.0,0.0,0.0,0.0,0.0,0.0,0.0,0.0,0.0,0.0,0.0
767,"2017","Uttar Pradesh","09","Sultanpur","185","Sultanpur","0",1.0,0.0,9.0,3.0,3.0,1.0,0.0,2.0,7.0,13.0,3.0,1.0,0.0,0.0,0.0,0.0,0.0,0.0,0.0,0.0
768,"2017","Uttar Pradesh","09","Unnao","186","Unnao","2",3.0,11.0,32.0,7.0,3.0,3.0,0.0,4.0,15.0,54.0,12.0,1.0,0.0,0.0,0.0,0.0,0.0,0.0,0.0,0.0
769,"2017","Uttar Pradesh","09","Varanasi","187","Varanasi","1",11.0,10.0,31.0,32.0,15.0,9.0,1.0,9.0,12.0,37.0,13.0,6.0,2.0,0.0,0.0,0.0,0.0,0.0,0.0,0.0
770,"2017","Uttarakhand","05","Almora","045","Almora","0",0.0,0.0,0.0,0.0,0.0,0.0,0.0,0.0,0.0,0.0,0.0,0.0,0.0,0.0,0.0,0.0,0.0,0.0,0.0,0.0
771,"2017","Uttarakhand","05","Bageshwar","046","Bageshwar","0",0.0,0.0,0.0,0.0,0.0,0.0,0.0,0.0,0.0,0.0,0.0,0.0,0.0,0.0,0.0,0.0,0.0,0.0,0.0,0.0
772,"2017","Uttarakhand","05","Chamoli","047","Chamoli","0",0.0,0.0,0.0,0.0,0.0,0.0,0.0,0.0,0.0,0.0,0.0,0.0,0.0,0.0,0.0,0.0,0.0,0.0,0.0,0.0
773,"2017","Uttarakhand","05","Champawat","048","Champawat","0",0.0,0.0,0.0,0.0,0.0,0.0,0.0,0.0,0.0,0.0,0.0,0.0,0.0,0.0,0.0,0.0,0.0,0.0,0.0,0.0
774,"2017","Uttarakhand","05","Dehradun","049","Dehradun","0",0.0,0.0,0.0,0.0,0.0,0.0,0.0,0.0,0.0,0.0,0.0,0.0,0.0,0.0,0.0,0.0,0.0,0.0,0.0,0.0
775,"2017","Uttarakhand","05","Haridwar","050","Haridwar","0",0.0,0.0,0.0,0.0,0.0,0.0,0.0,0.0,0.0,0.0,0.0,0.0,0.0,0.0,0.0,0.0,0.0,0.0,0.0,0.0
776,"2017","Uttarakhand","05","Nainital","051","Nainital","0",0.0,0.0,0.0,0.0,0.0,0.0,0.0,0.0,0.0,0.0,0.0,0.0,0.0,0.0,0.0,0.0,0.0,0.0,0.0,0.0
777,"2017","Uttarakhand","05","Pauri Garhwal","052","Pauri Garhwal","0",0.0,0.0,0.0,0.0,0.0,0.0,0.0,0.0,0.0,0.0,0.0,0.0,0.0,0.0,0.0,0.0,0.0,0.0,0.0,0.0
778,"2017","Uttarakhand","05","Pithoragarh","053","Pithoragarh","0",0.0,0.0,0.0,0.0,0.0,0.0,0.0,0.0,0.0,0.0,0.0,0.0,0.0,0.0,0.0,0.0,0.0,0.0,0.0,0.0
779,"2017","Uttarakhand","05","Rudra Prayag","054","Rudra Prayag","0",0.0,0.0,0.0,0.0,0.0,0.0,0.0,0.0,0.0,0.0,0.0,0.0,0.0,0.0,0.0,0.0,0.0,0.0,0.0,0.0
780,"2017","Uttarakhand","05","Tehri Garhwal","055","Tehri Garhwal","15",85.0,198.0,240.0,367.0,222.0,127.0,27.0,62.0,220.0,412.0,275.0,57.0,28.0,0.0,0.0,0.0,0.0,0.0,0.0,0.0
781,"2017","Uttarakhand","05","Udam Singh Nagar","056","Udhamsingh Nagar","0",0.0,0.0,0.0,0.0,0.0,0.0,0.0,0.0,0.0,0.0,0.0,0.0,0.0,0.0,0.0,0.0,0.0,0.0,0.0,0.0
782,"2017","Uttarakhand","05","Uttar Kashi","057","Uttarkashi","0",0.0,0.0,0.0,0.0,0.0,0.0,0.0,0.0,0.0,0.0,0.0,0.0,0.0,0.0,0.0,0.0,0.0,0.0,0.0,0.0
783,"2017","Uttarakhand","05","Dehradun","049","Grp","0",0.0,0.0,0.0,0.0,0.0,0.0,0.0,0.0,0.0,0.0,0.0,0.0,0.0,0.0,0.0,0.0,0.0,0.0,0.0,0.0
784,"2017","West Bengal","19","Alipurduar","664","Alipurduar","0",16.0,31.0,92.0,112.0,66.0,18.0,0.0,10.0,100.0,286.0,194.0,51.0,5.0,0.0,0.0,0.0,0.0,0.0,0.0,0.0
785,"2017","West Bengal","19","Paschim Bardhaman","704","Asansol-Durgapur Pc","1",23.0,13.0,93.0,116.0,94.0,42.0,1.0,14.0,44.0,266.0,104.0,31.0,10.0,0.0,0.0,0.0,0.0,0.0,0.0,0.0
786,"2017","West Bengal","19","Bankura","305","Bankura","0",1.0,5.0,79.0,122.0,89.0,33.0,0.0,2.0,32.0,259.0,150.0,31.0,11.0,0.0,0.0,0.0,0.0,0.0,0.0,0.0
787,"2017","West Bengal","19","24 Paraganas North","303","Barrackpur Pc","4",61.0,130.0,275.0,462.0,292.0,145.0,2.0,70.0,401.0,642.0,496.0,158.0,94.0,0.0,0.0,0.0,0.0,0.0,0.0,0.0
788,"2017","West Bengal","19","24 Paraganas North","303","Bidhannagar Pc","0",27.0,26.0,85.0,149.0,76.0,34.0,0.0,26.0,94.0,209.0,146.0,48.0,27.0,0.0,0.0,0.0,0.0,0.0,0.0,0.0
789,"2017","West Bengal","19","Birbhum","307","Birbhum","0",1.0,8.0,65.0,62.0,34.0,6.0,0.0,3.0,26.0,162.0,92.0,20.0,3.0,0.0,0.0,0.0,0.0,0.0,0.0,0.0
790,"2017","West Bengal","19","Coochbehar","308","Coochbehar","2",16.0,22.0,84.0,115.0,51.0,10.0,2.0,13.0,118.0,459.0,296.0,50.0,8.0,0.0,0.0,0.0,0.0,0.0,0.0,0.0
791,"2017","West Bengal","19","Dinajpur Dakshin","310","Dakshin Dinajpur","5",18.0,15.0,77.0,90.0,55.0,13.0,2.0,19.0,135.0,365.0,215.0,31.0,4.0,0.0,0.0,0.0,0.0,0.0,0.0,0.0
792,"2017","West Bengal","19","Darjeeling","309","Darjeeling","0",9.0,15.0,32.0,42.0,25.0,3.0,0.0,1.0,18.0,128.0,97.0,10.0,3.0,0.0,0.0,0.0,0.0,0.0,0.0,0.0
793,"2017","West Bengal","19","Hooghly","312","Hooghly Rural Police","1",13.0,20.0,88.0,137.0,89.0,33.0,0.0,20.0,184.0,341.0,164.0,48.0,19.0,0.0,0.0,0.0,0.0,0.0,0.0,0.0
794,"2017","West Bengal","19","Howrah","313","Howrah Grp","0",4.0,2.0,10.0,9.0,12.0,9.0,1.0,2.0,1.0,7.0,6.0,2.0,3.0,0.0,0.0,0.0,0.0,0.0,0.0,0.0
795,"2017","West Bengal","19","Howrah","313","Howrah Pc","3",31.0,48.0,145.0,214.0,163.0,90.0,5.0,30.0,138.0,335.0,170.0,56.0,52.0,0.0,0.0,0.0,0.0,0.0,0.0,0.0
796,"2017","West Bengal","19","Howrah","313","Howrah Rural","7",29.0,37.0,122.0,174.0,104.0,39.0,5.0,27.0,263.0,421.0,201.0,44.0,29.0,0.0,0.0,0.0,0.0,0.0,0.0,0.0
797,"2017","West Bengal","19","Jalpaiguri","314","Jalpaiguri","1",10.0,20.0,79.0,168.0,64.0,19.0,1.0,8.0,69.0,355.0,230.0,45.0,13.0,0.0,0.0,0.0,0.0,0.0,0.0,0.0
798,"2017","West Bengal","19","Jhargram","703","Jhargram","0",2.0,7.0,23.0,28.0,21.0,15.0,2.0,2.0,37.0,80.0,48.0,12.0,3.0,0.0,0.0,0.0,0.0,0.0,0.0,0.0
799,"2017","West Bengal","19","Medinipur West","318","Kharagpur Grp","0",0.0,0.0,2.0,5.0,5.0,1.0,0.0,0.0,1.0,1.0,2.0,0.0,1.0,0.0,0.0,0.0,0.0,0.0,0.0,0.0
800,"2017","West Bengal","19","Kolkata","315","Kolkata","16",147.0,173.0,383.0,614.0,510.0,303.0,16.0,90.0,415.0,825.0,473.0,215.0,154.0,0.0,0.0,0.0,0.0,0.0,0.0,0.0
801,"2017","West Bengal","19","Maldah","316","Malda","4",37.0,46.0,153.0,178.0,80.0,38.0,5.0,26.0,196.0,516.0,285.0,45.0,10.0,0.0,0.0,0.0,0.0,0.0,0.0,0.0
802,"2017","West Bengal","19","Murshidabad","319","Murshidabad","0",6.0,19.0,225.0,228.0,110.0,44.0,0.0,4.0,45.0,841.0,607.0,73.0,18.0,0.0,0.0,0.0,0.0,0.0,0.0,0.0
803,"2017","West Bengal","19","Nadia","320","Nadia","3",10.0,54.0,218.0,319.0,173.0,47.0,5.0,18.0,201.0,797.0,553.0,93.0,41.0,0.0,0.0,0.0,0.0,0.0,0.0,0.0
804,"2017","West Bengal","19","Medinipur West","318","Paschim Medinipur","0",21.0,23.0,119.0,156.0,93.0,40.0,0.0,17.0,211.0,416.0,153.0,44.0,14.0,0.0,0.0,0.0,0.0,0.0,0.0,0.0
805,"2017","West Bengal","19","Medinipur East","317","Purab Medinipur","1",8.0,24.0,67.0,114.0,80.0,31.0,1.0,8.0,180.0,374.0,228.0,50.0,10.0,0.0,0.0,0.0,0.0,0.0,0.0,0.0
806,"2017","West Bengal","19","Purulia","321","Purulia","1",7.0,6.0,52.0,55.0,29.0,13.0,0.0,3.0,30.0,120.0,44.0,18.0,6.0,0.0,0.0,0.0,0.0,0.0,0.0,0.0
807,"2017","West Bengal","19","Kolkata","315","Sealdah Grp","3",2.0,6.0,5.0,12.0,8.0,3.0,1.0,0.0,5.0,6.0,4.0,2.0,6.0,0.0,0.0,0.0,0.0,0.0,0.0,0.0
808,"2017","West Bengal","19","Darjeeling","309","Siliguri Grp","0",0.0,0.0,0.0,2.0,3.0,1.0,0.0,0.0,0.0,0.0,0.0,1.0,0.0,0.0,0.0,0.0,0.0,0.0,0.0,0.0
809,"2017","West Bengal","19","Darjeeling","309","Siliguri Pc","2",37.0,65.0,125.0,192.0,87.0,37.0,4.0,28.0,219.0,330.0,251.0,49.0,18.0,0.0,0.0,0.0,0.0,0.0,0.0,0.0
810,"2017","West Bengal","19","Dinajpur Uttar","311","Uttar Dinajpur","1",17.0,35.0,84.0,72.0,32.0,8.0,3.0,18.0,109.0,320.0,135.0,23.0,4.0,0.0,0.0,0.0,0.0,0.0,0.0,0.0
811,"2017","West Bengal","19","24 Paraganas South","304","Baruipur Police","5",29.0,65.0,155.0,212.0,130.0,60.0,1.0,44.0,341.0,610.0,400.0,86.0,43.0,0.0,0.0,0.0,0.0,0.0,0.0,0.0
812,"2017","West Bengal","19","Hooghly","312","Chandannagar Pc","0",16.0,15.0,17.0,126.0,70.0,58.0,0.0,23.0,95.0,263.0,80.0,26.0,24.0,0.0,0.0,0.0,0.0,0.0,0.0,0.0
813,"2017","West Bengal","19","24 Paraganas South","304","Diamond Harbour Police","4",45.0,55.0,130.0,214.0,111.0,45.0,3.0,46.0,344.0,418.0,237.0,53.0,20.0,0.0,0.0,0.0,0.0,0.0,0.0,0.0
814,"2017","West Bengal","19","Kalimpong","702","Kalimpong","0",6.0,3.0,34.0,0.0,0.0,2.0,0.0,0.0,5.0,81.0,0.0,3.0,0.0,0.0,0.0,0.0,0.0,0.0,0.0,0.0
815,"2017","West Bengal","19","Purba Bardhaman","306","Purba Bardhaman","9",39.0,37.0,98.0,160.0,88.0,31.0,5.0,13.0,172.0,376.0,198.0,57.0,12.0,0.0,0.0,0.0,0.0,0.0,0.0,0.0
816,"2017","West Bengal","19","24 Paraganas South","304","Sundarban Police","0",17.0,37.0,65.0,82.0,36.0,9.0,2.0,13.0,83.0,261.0,153.0,48.0,8.0,0.0,0.0,0.0,0.0,0.0,0.0,0.0
817,"2017","West Bengal","19","24 Paraganas North","303","Barasat","3",43.0,116.0,282.0,409.0,244.0,102.0,0.0,74.0,770.0,1086.0,661.0,143.0,55.0,0.0,0.0,0.0,0.0,0.0,0.0,0.0
818,"2017","West Bengal","19","24 Paraganas North","303","Basirhat","1",15.0,29.0,91.0,103.0,54.0,28.0,0.0,28.0,282.0,346.0,192.0,32.0,9.0,0.0,0.0,0.0,0.0,0.0,0.0,0.0
819,"2017","Andaman And Nicobar Islands","35","South Andamans","602","South Andaman","0",4.0,9.0,11.0,24.0,14.0,8.0,0.0,5.0,20.0,20.0,16.0,3.0,1.0,0.0,0.0,0.0,0.0,0.0,0.0,0.0
820,"2017","Andaman And Nicobar Islands","35","North And Middle Andaman","632","North And Middle Andaman","0",0.0,0.0,0.0,0.0,0.0,0.0,0.0,0.0,0.0,0.0,0.0,0.0,0.0,0.0,0.0,0.0,0.0,0.0,0.0,0.0
821,"2017","Andaman And Nicobar Islands","35","Nicobars","603","Nicobar","0",0.0,0.0,0.0,0.0,0.0,0.0,0.0,0.0,0.0,0.0,0.0,0.0,0.0,0.0,0.0,0.0,0.0,0.0,0.0,0.0
822,"2017","Chandigarh","04","Chandigarh","044","Chandigarh","8",26.0,44.0,87.0,41.0,22.0,25.0,10.0,21.0,121.0,143.0,31.0,11.0,4.0,0.0,0.0,0.0,0.0,0.0,0.0,0.0
823,"2017","The Dadra And Nagar Haveli And Daman And Diu","38","Dadra And Nagar Haveli","465","Dadra And Nagar Haveli","0",0.0,0.0,7.0,5.0,3.0,2.0,0.0,1.0,1.0,13.0,7.0,3.0,0.0,0.0,0.0,0.0,0.0,0.0,0.0,0.0
824,"2017","The Dadra And Nagar Haveli And Daman And Diu","38","Daman","463","Daman","0",12.0,3.0,14.0,8.0,1.0,3.0,0.0,0.0,6.0,30.0,7.0,0.0,0.0,0.0,0.0,0.0,0.0,0.0,0.0,0.0
825,"2017","The Dadra And Nagar Haveli And Daman And Diu","38","Diu","464","Diu","0",0.0,0.0,2.0,6.0,1.0,1.0,0.0,0.0,1.0,2.0,0.0,0.0,0.0,0.0,0.0,0.0,0.0,0.0,0.0,0.0
826,"2017","Delhi","07","Central","077","Central","15",64.0,75.0,167.0,151.0,55.0,35.0,11.0,50.0,108.0,220.0,102.0,39.0,18.0,0.0,0.0,0.0,0.0,0.0,0.0,0.0
827,"2017","Delhi","07","North West","082","Crime Branch","0",0.0,0.0,0.0,0.0,0.0,0.0,0.0,0.0,0.0,0.0,0.0,0.0,0.0,0.0,0.0,0.0,0.0,0.0,0.0,0.0
828,"2017","Delhi","07","East","078","East","7",68.0,46.0,276.0,148.0,55.0,47.0,7.0,60.0,156.0,339.0,104.0,19.0,18.0,0.0,0.0,0.0,0.0,0.0,0.0,0.0
829,"2017","Delhi","07","New Delhi","079","Eow","0",0.0,0.0,0.0,0.0,0.0,0.0,0.0,0.0,0.0,0.0,0.0,0.0,0.0,0.0,0.0,0.0,0.0,0.0,0.0,0.0
830,"2017","Delhi","07","New Delhi","079","Igi Airport","0",0.0,0.0,17.0,6.0,2.0,0.0,0.0,0.0,0.0,2.0,0.0,0.0,0.0,0.0,0.0,0.0,0.0,0.0,0.0,0.0
831,"2017","Delhi","07","North West","082","Metro","0",3.0,2.0,3.0,2.0,5.0,1.0,1.0,1.0,4.0,9.0,8.0,0.0,0.0,0.0,0.0,0.0,0.0,0.0,0.0,0.0
832,"2017","Delhi","07","New Delhi","079","New Delhi","1",12.0,22.0,26.0,16.0,12.0,2.0,1.0,10.0,19.0,29.0,15.0,4.0,0.0,0.0,0.0,0.0,0.0,0.0,0.0,0.0
833,"2017","Delhi","07","North","080","North","4",43.0,59.0,222.0,142.0,70.0,41.0,1.0,23.0,141.0,267.0,63.0,20.0,20.0,0.0,0.0,0.0,0.0,0.0,0.0,0.0
834,"2017","Delhi","07","North East","081","North-East","15",154.0,111.0,436.0,216.0,91.0,36.0,13.0,83.0,259.0,712.0,96.0,22.0,30.0,0.0,0.0,0.0,0.0,0.0,0.0,0.0
835,"2017","Delhi","07","North West","082","North-West","26",113.0,98.0,311.0,215.0,120.0,35.0,32.0,82.0,263.0,435.0,193.0,58.0,20.0,0.0,0.0,0.0,0.0,0.0,0.0,0.0
836,"2017","Delhi","07","North West","082","Outer","19",73.0,176.0,445.0,248.0,175.0,101.0,11.0,156.0,293.0,606.0,291.0,161.0,80.0,0.0,0.0,0.0,0.0,0.0,0.0,0.0
837,"2017","Delhi","07","New Delhi","079","Railway","6",9.0,5.0,38.0,29.0,24.0,10.0,3.0,5.0,13.0,30.0,13.0,5.0,5.0,0.0,0.0,0.0,0.0,0.0,0.0,0.0
838,"2017","Delhi","07","South","083","South","26",93.0,70.0,251.0,239.0,121.0,59.0,15.0,60.0,225.0,491.0,218.0,30.0,24.0,0.0,0.0,0.0,0.0,0.0,0.0,0.0
839,"2017","Delhi","07","South East","670","South-East","8",88.0,114.0,257.0,163.0,98.0,57.0,3.0,48.0,299.0,430.0,140.0,50.0,20.0,0.0,0.0,0.0,0.0,0.0,0.0,0.0
840,"2017","Delhi","07","South West","084","South-West","5",45.0,100.0,172.0,144.0,47.0,21.0,6.0,32.0,177.0,251.0,84.0,32.0,10.0,0.0,0.0,0.0,0.0,0.0,0.0,0.0
841,"2017","Delhi","07","North West","082","Spl Cell","0",0.0,0.0,0.0,0.0,0.0,0.0,0.0,0.0,0.0,0.0,0.0,0.0,0.0,0.0,0.0,0.0,0.0,0.0,0.0,0.0
842,"2017","Delhi","07","New Delhi","079","Spuwac","0",0.0,0.0,0.0,0.0,0.0,0.0,0.0,0.0,0.0,0.0,0.0,0.0,0.0,0.0,0.0,0.0,0.0,0.0,0.0,0.0
843,"2017","Delhi","07","New Delhi","079","Vigilance","0",0.0,0.0,0.0,0.0,0.0,0.0,0.0,0.0,0.0,0.0,0.0,0.0,0.0,0.0,0.0,0.0,0.0,0.0,0.0,0.0
844,"2017","Delhi","07","West","085","West","4",50.0,48.0,167.0,235.0,121.0,55.0,4.0,62.0,164.0,329.0,142.0,42.0,18.0,0.0,0.0,0.0,0.0,0.0,0.0,0.0
845,"2017","Delhi","07","North West","082","Rohini","66",151.0,143.0,352.0,280.0,116.0,63.0,44.0,128.0,321.0,582.0,180.0,72.0,32.0,0.0,0.0,0.0,0.0,1.0,0.0,0.0
846,"2017","Delhi","07","Shahdara","671","Shahdara","7",77.0,38.0,227.0,143.0,73.0,36.0,4.0,48.0,132.0,323.0,50.0,16.0,18.0,0.0,0.0,0.0,0.0,0.0,0.0,0.0
847,"2017","Delhi","07","South West","084","Dwarka","1",70.0,105.0,289.0,163.0,92.0,78.0,2.0,47.0,292.0,353.0,160.0,106.0,27.0,0.0,0.0,0.0,0.0,0.0,0.0,0.0
848,"2017","Lakshadweep","31","Lakshadweep District","553","Lakshadweep","0",0.0,0.0,0.0,1.0,0.0,0.0,0.0,0.0,0.0,0.0,0.0,0.0,0.0,0.0,0.0,0.0,0.0,0.0,0.0,0.0
849,"2017","Puducherry","34","Karaikal","598","Karaikal","0",0.0,0.0,0.0,0.0,0.0,0.0,0.0,0.0,0.0,0.0,0.0,0.0,0.0,0.0,0.0,0.0,0.0,0.0,0.0,0.0
850,"2017","Puducherry","34","Pondicherry","600","Puducherry","3",1.0,10.0,22.0,16.0,12.0,3.0,0.0,1.0,19.0,65.0,9.0,7.0,4.0,0.0,0.0,0.0,0.0,0.0,0.0,0.0
851,"2018","Andhra Pradesh","28","Anantapur","502","Anantapur","0",15.0,31.0,69.0,50.0,12.0,9.0,0.0,11.0,221.0,362.0,50.0,6.0,5.0,0.0,0.0,0.0,0.0,0.0,0.0,0.0
852,"2018","Andhra Pradesh","28","Chittoor","503","Chittoor","6",19.0,12.0,28.0,15.0,9.0,4.0,11.0,11.0,116.0,185.0,23.0,3.0,5.0,0.0,0.0,0.0,0.0,0.0,0.0,0.0
853,"2018","Andhra Pradesh","28","Y.S.R.","504","Cuddapah","2",12.0,12.0,19.0,11.0,4.0,6.0,4.0,9.0,45.0,74.0,19.0,3.0,2.0,0.0,0.0,0.0,0.0,0.0,0.0,0.0
854,"2018","Andhra Pradesh","28","East Godavari","505","East Godavari","13",22.0,36.0,65.0,81.0,50.0,14.0,9.0,38.0,110.0,172.0,70.0,6.0,6.0,0.0,0.0,0.0,0.0,0.0,0.0,0.0
855,"2018","Andhra Pradesh","28","Anantapur","502","Guntakal Railway","0",0.0,2.0,2.0,0.0,1.0,4.0,0.0,0.0,1.0,7.0,0.0,1.0,0.0,0.0,0.0,0.0,0.0,0.0,0.0,0.0
856,"2018","Andhra Pradesh","28","Guntur","506","Guntur","13",36.0,37.0,37.0,61.0,41.0,22.0,13.0,26.0,34.0,173.0,83.0,13.0,6.0,0.0,0.0,0.0,0.0,0.0,0.0,0.0
857,"2018","Andhra Pradesh","28","Guntur","506","Guntur Urban","0",22.0,21.0,59.0,51.0,25.0,24.0,2.0,5.0,39.0,205.0,31.0,4.0,7.0,0.0,0.0,0.0,0.0,0.0,0.0,0.0
858,"2018","Andhra Pradesh","28","Krishna","510","Krishna","5",11.0,3.0,67.0,37.0,22.0,11.0,3.0,13.0,1.0,190.0,39.0,13.0,5.0,0.0,0.0,0.0,0.0,0.0,0.0,0.0
859,"2018","Andhra Pradesh","28","Kurnool","511","Kurnool","11",39.0,14.0,28.0,29.0,22.0,10.0,12.0,25.0,112.0,120.0,70.0,10.0,10.0,0.0,0.0,0.0,0.0,0.0,0.0,0.0
860,"2018","Andhra Pradesh","28","Spsr Nellore","515","Nellore","2",13.0,18.0,35.0,54.0,26.0,8.0,1.0,11.0,87.0,167.0,55.0,8.0,3.0,3.0,24.0,105.0,202.0,109.0,34.0,11.0
861,"2018","Andhra Pradesh","28","Prakasam","517","Prakasham","6",20.0,30.0,54.0,31.0,17.0,12.0,14.0,14.0,35.0,197.0,46.0,12.0,5.0,0.0,0.0,0.0,0.0,0.0,0.0,0.0
862,"2018","Andhra Pradesh","28","East Godavari","505","Rajahmundry","0",15.0,6.0,28.0,25.0,13.0,10.0,3.0,8.0,25.0,74.0,11.0,4.0,2.0,0.0,0.0,0.0,0.0,0.0,0.0,0.0
863,"2018","Andhra Pradesh","28","Srikakulam","519","Srikakulam","3",7.0,10.0,18.0,17.0,10.0,10.0,7.0,2.0,24.0,76.0,13.0,5.0,2.0,0.0,0.0,0.0,0.0,0.0,0.0,0.0
864,"2018","Andhra Pradesh","28","Tirupati","752","Tirupathi Urban","7",9.0,23.0,11.0,29.0,32.0,31.0,3.0,12.0,46.0,72.0,30.0,11.0,11.0,0.0,0.0,0.0,0.0,0.0,0.0,0.0
865,"2018","Andhra Pradesh","28","Ntr","749","Vijayawada City","0",21.0,55.0,100.0,85.0,41.0,53.0,0.0,12.0,130.0,364.0,80.0,14.0,26.0,0.0,0.0,0.0,0.0,0.0,0.0,0.0
866,"2018","Andhra Pradesh","28","Ntr","749","Vijayawada Railway","2",0.0,1.0,4.0,3.0,3.0,3.0,0.0,0.0,2.0,3.0,3.0,1.0,1.0,0.0,0.0,0.0,0.0,0.0,0.0,0.0
867,"2018","Andhra Pradesh","28","Visakhapatanam","520","Visakha Rural","5",10.0,12.0,26.0,20.0,14.0,9.0,3.0,6.0,17.0,96.0,12.0,2.0,5.0,0.0,0.0,0.0,0.0,0.0,0.0,0.0
868,"2018","Andhra Pradesh","28","Visakhapatanam","520","Visakhapatnam","0",1.0,12.0,123.0,99.0,43.0,14.0,1.0,2.0,19.0,288.0,62.0,17.0,14.0,0.0,0.0,0.0,0.0,0.0,0.0,0.0
869,"2018","Andhra Pradesh","28","Vizianagaram","521","Vizianagaram","1",5.0,9.0,25.0,17.0,12.0,12.0,6.0,13.0,52.0,82.0,11.0,3.0,2.0,0.0,0.0,0.0,0.0,0.0,0.0,0.0
870,"2018","Andhra Pradesh","28","West Godavari","523","West Godavari","4",19.0,24.0,86.0,73.0,39.0,30.0,8.0,13.0,113.0,267.0,66.0,21.0,10.0,0.0,0.0,0.0,0.0,0.0,0.0,0.0
871,"2018","Arunachal Pradesh","12","Anjaw","628","Anjaw","0",0.0,0.0,0.0,0.0,0.0,0.0,0.0,0.0,0.0,0.0,0.0,0.0,0.0,0.0,0.0,0.0,0.0,0.0,0.0,0.0
872,"2018","Arunachal Pradesh","12","Changlang","229","Changlang","0",0.0,0.0,0.0,0.0,1.0,0.0,0.0,1.0,1.0,2.0,0.0,0.0,0.0,0.0,0.0,0.0,0.0,0.0,0.0,0.0
873,"2018","Arunachal Pradesh","12","Papum Pare","237","Crime Branch","0",0.0,0.0,0.0,0.0,0.0,0.0,0.0,0.0,0.0,0.0,0.0,0.0,0.0,0.0,0.0,0.0,0.0,0.0,0.0,0.0
874,"2018","Arunachal Pradesh","12","Dibang Valley","230","Dibang Valley","0",0.0,0.0,0.0,0.0,0.0,0.0,0.0,0.0,0.0,0.0,0.0,0.0,0.0,0.0,0.0,0.0,0.0,0.0,0.0,0.0
875,"2018","Arunachal Pradesh","12","East Kameng","231","Kameng East","0",0.0,0.0,0.0,0.0,0.0,0.0,0.0,0.0,0.0,0.0,0.0,0.0,0.0,0.0,0.0,0.0,0.0,0.0,0.0,0.0
876,"2018","Arunachal Pradesh","12","West Kameng","242","Kameng West","0",0.0,0.0,0.0,0.0,1.0,0.0,0.0,0.0,1.0,2.0,1.0,0.0,0.0,0.0,0.0,0.0,0.0,0.0,0.0,0.0
877,"2018","Arunachal Pradesh","12","Kurung Kumey","233","Kurung Kumey","0",0.0,0.0,0.0,0.0,0.0,0.0,0.0,0.0,0.0,0.0,0.0,0.0,0.0,0.0,0.0,0.0,0.0,0.0,0.0,0.0
878,"2018","Arunachal Pradesh","12","Lohit","234","Lohit","0",0.0,0.0,0.0,0.0,0.0,0.0,0.0,0.0,0.0,0.0,0.0,0.0,0.0,0.0,0.0,0.0,0.0,0.0,0.0,0.0
879,"2018","Arunachal Pradesh","12","Longding","666","Longding","0",0.0,0.0,0.0,0.0,0.0,0.0,0.0,0.0,0.0,0.0,0.0,0.0,0.0,0.0,0.0,0.0,0.0,0.0,0.0,0.0
880,"2018","Arunachal Pradesh","12","Lower Dibang Valley","235","Lower Dibang Valley","0",0.0,1.0,0.0,0.0,0.0,0.0,0.0,0.0,4.0,0.0,0.0,0.0,0.0,0.0,0.0,0.0,0.0,0.0,0.0,0.0
881,"2018","Arunachal Pradesh","12","Papum Pare","237","Papum Pare City","0",0.0,0.0,0.0,0.0,0.0,0.0,0.0,0.0,0.0,0.0,0.0,0.0,0.0,0.0,0.0,0.0,0.0,0.0,0.0,0.0
882,"2018","Arunachal Pradesh","12","Papum Pare","237","Papum Pare Rural","0",0.0,0.0,0.0,0.0,0.0,0.0,0.0,0.0,0.0,0.0,0.0,0.0,0.0,0.0,0.0,0.0,0.0,0.0,0.0,0.0
883,"2018","Arunachal Pradesh","12","East Siang","232","Siang East","0",0.0,0.0,0.0,0.0,0.0,0.0,0.0,0.0,0.0,0.0,0.0,0.0,0.0,0.0,0.0,0.0,0.0,0.0,0.0,0.0
884,"2018","Arunachal Pradesh","12","Upper Siang","240","Siang Upper","0",0.0,0.0,0.0,0.0,0.0,0.0,0.0,0.0,0.0,0.0,0.0,0.0,0.0,0.0,0.0,0.0,0.0,0.0,0.0,0.0
885,"2018","Arunachal Pradesh","12","West Siang","243","Siang West","0",0.0,0.0,0.0,0.0,0.0,0.0,0.0,0.0,0.0,0.0,0.0,0.0,0.0,0.0,0.0,0.0,0.0,0.0,0.0,0.0
886,"2018","Arunachal Pradesh","12","Lower Subansiri","236","Subansiri Lower","0",0.0,0.0,0.0,0.0,0.0,0.0,0.0,0.0,0.0,0.0,0.0,0.0,0.0,0.0,0.0,0.0,0.0,0.0,0.0,0.0
887,"2018","Arunachal Pradesh","12","Upper Subansiri","241","Subansiri Upper","0",0.0,0.0,0.0,0.0,0.0,0.0,0.0,0.0,0.0,0.0,0.0,0.0,0.0,0.0,0.0,0.0,0.0,0.0,0.0,0.0
888,"2018","Arunachal Pradesh","12","Tawang","238","Tawang","0",0.0,0.0,0.0,0.0,0.0,0.0,0.0,0.0,0.0,0.0,0.0,0.0,0.0,0.0,0.0,0.0,0.0,0.0,0.0,0.0
889,"2018","Arunachal Pradesh","12","Tirap","239","Tirap","0",0.0,0.0,0.0,0.0,0.0,0.0,0.0,0.0,0.0,0.0,0.0,0.0,0.0,0.0,0.0,0.0,0.0,0.0,0.0,0.0
890,"2018","Arunachal Pradesh","12","Namsai","678","Namsai","0",0.0,0.0,0.0,0.0,0.0,0.0,0.0,0.0,0.0,0.0,0.0,0.0,0.0,0.0,0.0,0.0,0.0,0.0,0.0,0.0
891,"2018","Arunachal Pradesh","12","Siang","679","Siang","0",0.0,0.0,0.0,0.0,0.0,0.0,0.0,0.0,0.0,0.0,0.0,0.0,0.0,0.0,0.0,0.0,0.0,0.0,0.0,0.0
892,"2018","Arunachal Pradesh","12","Kamle","718","Kamle","0",0.0,0.0,0.0,0.0,0.0,0.0,0.0,0.0,0.0,0.0,0.0,0.0,0.0,0.0,0.0,0.0,0.0,0.0,0.0,0.0
893,"2018","Arunachal Pradesh","12","Lower Siang","719","Lower Siang","0",0.0,0.0,0.0,0.0,0.0,0.0,0.0,0.0,0.0,0.0,0.0,0.0,0.0,0.0,0.0,0.0,0.0,0.0,0.0,0.0
894,"2018","Arunachal Pradesh","12","Leparada","724","Leparada","0",0.0,0.0,0.0,0.0,0.0,0.0,0.0,0.0,0.0,0.0,0.0,0.0,0.0,0.0,0.0,0.0,0.0,0.0,0.0,0.0
895,"2018","Assam","18","Kamrup Metro","618","Bieo","0",0.0,0.0,0.0,0.0,0.0,0.0,0.0,0.0,0.0,0.0,0.0,0.0,0.0,0.0,0.0,0.0,0.0,0.0,0.0,0.0
896,"2018","Assam","18","Barpeta","280","Barpeta","0",0.0,3.0,5.0,2.0,1.0,0.0,0.0,0.0,3.0,5.0,4.0,1.0,0.0,0.0,0.0,0.0,0.0,0.0,0.0,0.0
897,"2018","Assam","18","Baksa","616","Baksa","0",8.0,6.0,6.0,7.0,2.0,0.0,0.0,5.0,7.0,70.0,22.0,1.0,1.0,0.0,0.0,0.0,0.0,0.0,0.0,0.0
898,"2018","Assam","18","Bongaigaon","281","Bongaigaon","4",1.0,1.0,4.0,2.0,2.0,0.0,0.0,4.0,28.0,39.0,29.0,4.0,0.0,0.0,0.0,0.0,0.0,0.0,0.0,0.0
899,"2018","Assam","18","Kamrup Metro","618","Cid","0",0.0,0.0,0.0,0.0,0.0,0.0,0.0,0.0,0.0,0.0,0.0,0.0,0.0,0.0,0.0,0.0,0.0,0.0,0.0,0.0
900,"2018","Assam","18","Cachar","282","Cachar","1",15.0,14.0,32.0,34.0,19.0,7.0,2.0,20.0,20.0,206.0,113.0,7.0,1.0,0.0,0.0,0.0,0.0,0.0,0.0,0.0
901,"2018","Assam","18","Chirang","612","Chirang","25",8.0,4.0,2.0,0.0,0.0,0.0,0.0,45.0,10.0,20.0,4.0,0.0,0.0,0.0,0.0,0.0,0.0,0.0,0.0,0.0
902,"2018","Assam","18","Darrang","283","Darrang","0",0.0,0.0,11.0,12.0,6.0,0.0,0.0,0.0,0.0,34.0,22.0,8.0,0.0,0.0,0.0,0.0,0.0,0.0,0.0,0.0
903,"2018","Assam","18","Dhemaji","284","Dhemaji","0",6.0,11.0,19.0,10.0,5.0,1.0,0.0,5.0,10.0,59.0,15.0,0.0,0.0,0.0,0.0,0.0,0.0,0.0,0.0,0.0
904,"2018","Assam","18","Dhubri","285","Dhubri","0",5.0,12.0,19.0,24.0,2.0,1.0,0.0,10.0,65.0,63.0,6.0,0.0,0.0,0.0,0.0,0.0,0.0,0.0,0.0,0.0
905,"2018","Assam","18","Dibrugarh","286","Dibrugarh","1",4.0,3.0,8.0,7.0,3.0,0.0,0.0,3.0,4.0,12.0,8.0,2.0,2.0,0.0,0.0,0.0,0.0,0.0,0.0,0.0
906,"2018","Assam","18","Kamrup Metro","618","Grp","0",1.0,0.0,1.0,3.0,2.0,0.0,1.0,0.0,1.0,3.0,1.0,0.0,0.0,0.0,0.0,0.0,0.0,0.0,0.0,0.0
907,"2018","Assam","18","Goalpara","287","Goalpara","0",0.0,0.0,12.0,0.0,3.0,0.0,0.0,0.0,0.0,0.0,6.0,0.0,0.0,0.0,0.0,0.0,0.0,0.0,0.0,0.0
908,"2018","Assam","18","Golaghat","288","Golaghat","0",0.0,4.0,20.0,0.0,0.0,0.0,0.0,2.0,119.0,200.0,53.0,0.0,0.0,0.0,0.0,0.0,0.0,0.0,0.0,0.0
909,"2018","Assam","18","Kamrup Metro","618","Guwahati City","3",36.0,57.0,116.0,154.0,62.0,27.0,1.0,21.0,89.0,288.0,221.0,31.0,11.0,0.0,0.0,0.0,0.0,0.0,0.0,0.0
910,"2018","Assam","18","Hailakandi","289","Hailakandi","0",0.0,0.0,5.0,18.0,11.0,0.0,0.0,0.0,60.0,38.0,21.0,10.0,0.0,0.0,0.0,0.0,0.0,0.0,0.0,0.0
911,"2018","Assam","18","West Karbi Anglong","710","Hamren","0",0.0,0.0,0.0,0.0,0.0,0.0,0.0,0.0,0.0,0.0,0.0,0.0,0.0,0.0,0.0,0.0,0.0,0.0,0.0,0.0
912,"2018","Assam","18","Jorhat","290","Jorhat","0",6.0,7.0,2.0,2.0,1.0,1.0,0.0,2.0,8.0,1.0,5.0,1.0,0.0,0.0,0.0,0.0,0.0,0.0,0.0,0.0
913,"2018","Assam","18","Kamrup","291","Kamrup","0",5.0,25.0,53.0,38.0,21.0,5.0,1.0,11.0,74.0,79.0,169.0,41.0,1.0,0.0,0.0,0.0,0.0,0.0,0.0,0.0
914,"2018","Assam","18","Karbi Anglong","292","Karbi Anglong","0",13.0,6.0,10.0,2.0,3.0,0.0,0.0,13.0,22.0,6.0,0.0,0.0,0.0,0.0,0.0,0.0,0.0,0.0,0.0,0.0
915,"2018","Assam","18","Karimganj","293","Karimganj","0",0.0,3.0,22.0,37.0,9.0,1.0,0.0,1.0,12.0,106.0,61.0,4.0,0.0,0.0,0.0,0.0,0.0,0.0,0.0,0.0
916,"2018","Assam","18","Kokrajhar","294","Kokrajhar","0",0.0,0.0,0.0,0.0,0.0,0.0,0.0,0.0,0.0,0.0,0.0,0.0,0.0,0.0,0.0,0.0,0.0,0.0,0.0,0.0
917,"2018","Assam","18","Lakhimpur","295","Lakhimpur","0",0.0,0.0,0.0,0.0,0.0,0.0,0.0,0.0,0.0,0.0,0.0,0.0,0.0,0.0,0.0,0.0,0.0,0.0,0.0,0.0
918,"2018","Assam","18","Marigaon","296","Morigaon","0",0.0,0.0,0.0,0.0,0.0,0.0,0.0,0.0,143.0,222.0,0.0,0.0,0.0,0.0,0.0,0.0,0.0,0.0,0.0,0.0
919,"2018","Assam","18","Dima Hasao","299","Dima Hasao","1",3.0,4.0,4.0,3.0,1.0,0.0,1.0,3.0,3.0,8.0,10.0,1.0,1.0,0.0,0.0,0.0,0.0,0.0,0.0,0.0
920,"2018","Assam","18","Nagaon","297","Nagaon","0",3.0,7.0,15.0,19.0,10.0,5.0,0.0,1.0,16.0,59.0,43.0,1.0,0.0,0.0,0.0,0.0,0.0,0.0,0.0,0.0
921,"2018","Assam","18","Nalbari","298","Nalbari","0",2.0,0.0,1.0,1.0,2.0,0.0,0.0,0.0,2.0,2.0,1.0,0.0,0.0,1.0,2.0,4.0,4.0,2.0,2.0,0.0
922,"2018","Assam","18","Kamrup Metro","618","Rpo","0",0.0,0.0,0.0,0.0,0.0,0.0,0.0,0.0,0.0,0.0,0.0,0.0,0.0,0.0,0.0,0.0,0.0,0.0,0.0,0.0
923,"2018","Assam","18","Kamrup Metro","618","Sou","0",0.0,0.0,0.0,0.0,0.0,0.0,0.0,0.0,0.0,0.0,0.0,0.0,0.0,0.0,0.0,0.0,0.0,0.0,0.0,0.0
924,"2018","Assam","18","Kamrup Metro","618","Stf","0",0.0,0.0,0.0,0.0,0.0,0.0,0.0,0.0,0.0,0.0,0.0,0.0,0.0,0.0,0.0,0.0,0.0,0.0,0.0,0.0
925,"2018","Assam","18","Sivasagar","300","Sibsagar","0",3.0,7.0,4.0,1.0,1.0,0.0,0.0,3.0,15.0,19.0,4.0,3.0,1.0,0.0,0.0,0.0,0.0,0.0,0.0,0.0
926,"2018","Assam","18","Sonitpur","301","Sonitpur","0",7.0,18.0,7.0,17.0,8.0,0.0,0.0,7.0,114.0,71.0,37.0,1.0,0.0,0.0,0.0,0.0,0.0,0.0,0.0,0.0
927,"2018","Assam","18","Tinsukia","302","Tinsukia","1",4.0,3.0,6.0,8.0,2.0,0.0,0.0,3.0,11.0,26.0,19.0,3.0,0.0,0.0,0.0,0.0,0.0,0.0,0.0,0.0
928,"2018","Assam","18","Udalguri","617","Udalguri","0",2.0,9.0,13.0,15.0,14.0,0.0,0.0,17.0,77.0,58.0,4.0,1.0,0.0,0.0,0.0,0.0,0.0,0.0,0.0,0.0
929,"2018","Assam","18","Tinsukia","302","Sadia","0",0.0,6.0,4.0,6.0,2.0,2.0,0.0,1.0,4.0,13.0,20.0,2.0,0.0,0.0,0.0,0.0,0.0,0.0,0.0,0.0
930,"2018","Assam","18","Majuli","706","Majuli","0",0.0,0.0,0.0,0.0,0.0,0.0,0.0,0.0,0.0,0.0,0.0,0.0,0.0,0.0,0.0,0.0,0.0,0.0,0.0,0.0
931,"2018","Assam","18","Biswanath","705","Biswanath","0",0.0,0.0,0.0,0.0,0.0,0.0,0.0,0.0,0.0,0.0,0.0,0.0,0.0,0.0,0.0,0.0,0.0,0.0,0.0,0.0
932,"2018","Assam","18","Hojai","709","Hojai","0",18.0,40.0,16.0,10.0,12.0,1.0,0.0,9.0,76.0,95.0,31.0,0.0,0.0,0.0,0.0,0.0,0.0,0.0,0.0,0.0
933,"2018","Assam","18","South Salmara Mancachar","707","South Salmara","0",1.0,3.0,4.0,2.0,0.0,0.0,1.0,1.0,5.0,16.0,8.0,0.0,0.0,0.0,0.0,0.0,0.0,0.0,0.0,0.0
934,"2018","Assam","18","Charaideo","708","Charaideo","0",0.0,0.0,0.0,0.0,0.0,0.0,0.0,0.0,0.0,0.0,0.0,0.0,0.0,0.0,0.0,0.0,0.0,0.0,0.0,0.0
935,"2018","Bihar","10","Araria","188","Araria","1",3.0,7.0,5.0,2.0,0.0,0.0,60.0,55.0,34.0,11.0,2.0,0.0,0.0,0.0,0.0,0.0,0.0,0.0,0.0,0.0
936,"2018","Bihar","10","Arwal","611","Arwal","0",4.0,2.0,0.0,0.0,0.0,0.0,0.0,5.0,22.0,3.0,1.0,0.0,0.0,0.0,0.0,0.0,0.0,0.0,0.0,0.0
937,"2018","Bihar","10","Aurangabad","189","Aurangabad","0",4.0,5.0,11.0,9.0,4.0,0.0,0.0,5.0,30.0,12.0,3.0,1.0,0.0,0.0,0.0,0.0,0.0,0.0,0.0,0.0
938,"2018","Bihar","10","Pashchim Champaran","211","Bagaha","2",7.0,3.0,2.0,4.0,2.0,1.0,1.0,15.0,42.0,8.0,5.0,1.0,0.0,0.0,0.0,0.0,0.0,0.0,0.0,0.0
939,"2018","Bihar","10","Banka","190","Banka","1",6.0,9.0,6.0,2.0,2.0,2.0,1.0,28.0,74.0,36.0,16.0,2.0,0.0,0.0,0.0,0.0,0.0,0.0,0.0,0.0
940,"2018","Bihar","10","Begusarai","191","Begusarai","1",20.0,15.0,6.0,0.0,0.0,0.0,2.0,54.0,109.0,46.0,4.0,3.0,0.0,0.0,0.0,0.0,0.0,0.0,0.0,0.0
941,"2018","Bihar","10","Pashchim Champaran","211","Bettiah","3",21.0,50.0,19.0,2.0,1.0,0.0,1.0,21.0,25.0,14.0,7.0,0.0,1.0,0.0,0.0,0.0,0.0,0.0,0.0,0.0
942,"2018","Bihar","10","Kaimur (Bhabua)","200","Bhabhua","4",10.0,11.0,3.0,1.0,2.0,0.0,1.0,24.0,62.0,15.0,5.0,0.0,0.0,0.0,0.0,0.0,0.0,0.0,0.0,0.0
943,"2018","Bihar","10","Bhagalpur","192","Bhagalpur","1",13.0,16.0,7.0,8.0,3.0,1.0,2.0,35.0,140.0,49.0,27.0,1.0,0.0,0.0,0.0,0.0,0.0,0.0,0.0,0.0
944,"2018","Bihar","10","Bhojpur","193","Bhojpur","2",4.0,6.0,3.0,5.0,3.0,0.0,0.0,18.0,72.0,18.0,8.0,2.0,0.0,0.0,0.0,0.0,0.0,0.0,0.0,0.0
945,"2018","Bihar","10","Buxar","194","Buxar","2",6.0,6.0,5.0,3.0,3.0,0.0,1.0,30.0,74.0,21.0,13.0,0.0,0.0,0.0,0.0,0.0,0.0,0.0,0.0,0.0
946,"2018","Bihar","10","Darbhanga","195","Darbhanga","3",8.0,17.0,11.0,6.0,3.0,0.0,0.0,38.0,149.0,59.0,15.0,2.0,1.0,0.0,0.0,0.0,0.0,0.0,0.0,0.0
947,"2018","Bihar","10","Gaya","196","Gaya","5",22.0,18.0,17.0,14.0,9.0,5.0,2.0,38.0,174.0,66.0,19.0,3.0,3.0,0.0,0.0,0.0,0.0,0.0,0.0,0.0
948,"2018","Bihar","10","Gopalganj","197","Gopalganj","2",3.0,6.0,9.0,4.0,7.0,1.0,0.0,28.0,135.0,25.0,18.0,2.0,0.0,0.0,0.0,0.0,0.0,0.0,0.0,0.0
949,"2018","Bihar","10","Munger","207","Jamalpur Railway","0",1.0,0.0,0.0,2.0,0.0,0.0,0.0,0.0,2.0,0.0,1.0,0.0,0.0,0.0,0.0,0.0,0.0,0.0,0.0,0.0
950,"2018","Bihar","10","Jamui","198","Jamui","3",7.0,4.0,4.0,6.0,6.0,0.0,1.0,18.0,65.0,23.0,14.0,0.0,0.0,0.0,0.0,0.0,0.0,0.0,0.0,0.0
951,"2018","Bihar","10","Jehanabad","199","Jehanabad","1",18.0,5.0,4.0,4.0,1.0,0.0,17.0,46.0,25.0,8.0,0.0,0.0,0.0,0.0,0.0,0.0,0.0,0.0,0.0,0.0
952,"2018","Bihar","10","Katihar","201","Katihar","0",8.0,18.0,9.0,2.0,0.0,0.0,11.0,140.0,68.0,7.0,0.0,0.0,0.0,0.0,0.0,0.0,0.0,0.0,0.0,0.0
953,"2018","Bihar","10","Katihar","201","Katihar Railway","1",2.0,1.0,0.0,2.0,0.0,1.0,1.0,1.0,0.0,5.0,3.0,1.0,0.0,0.0,0.0,0.0,0.0,0.0,0.0,0.0
954,"2018","Bihar","10","Khagaria","202","Khagaria","2",8.0,9.0,0.0,2.0,2.0,0.0,0.0,10.0,81.0,33.0,6.0,0.0,0.0,0.0,0.0,0.0,0.0,0.0,0.0,0.0
955,"2018","Bihar","10","Kishanganj","203","Kishanganj","0",7.0,4.0,5.0,1.0,0.0,0.0,0.0,21.0,53.0,23.0,9.0,0.0,0.0,0.0,0.0,0.0,0.0,0.0,0.0,0.0
956,"2018","Bihar","10","Lakhisarai","204","Lakhisarai","0",9.0,11.0,4.0,0.0,1.0,0.0,2.0,7.0,22.0,8.0,4.0,0.0,0.0,0.0,0.0,0.0,0.0,0.0,0.0,0.0
957,"2018","Bihar","10","Madhepura","205","Madhepura","0",5.0,9.0,5.0,1.0,1.0,0.0,0.0,25.0,87.0,45.0,9.0,0.0,0.0,0.0,0.0,0.0,0.0,0.0,0.0,0.0
958,"2018","Bihar","10","Madhubani","206","Madhubani","2",17.0,2.0,2.0,2.0,1.0,0.0,2.0,25.0,95.0,45.0,13.0,0.0,0.0,0.0,0.0,0.0,0.0,0.0,0.0,0.0
959,"2018","Bihar","10","Purbi Champaran","213","Motihari","5",14.0,10.0,16.0,5.0,2.0,1.0,2.0,55.0,156.0,71.0,20.0,1.0,0.0,0.0,0.0,0.0,0.0,0.0,0.0,0.0
960,"2018","Bihar","10","Munger","207","Munger","1",9.0,11.0,10.0,3.0,0.0,0.0,2.0,15.0,96.0,45.0,2.0,0.0,0.0,0.0,0.0,0.0,0.0,0.0,0.0,0.0
961,"2018","Bihar","10","Muzaffarpur","208","Muzaffarpur","8",37.0,31.0,26.0,21.0,6.0,6.0,11.0,75.0,250.0,120.0,37.0,2.0,0.0,0.0,0.0,0.0,0.0,0.0,0.0,0.0
962,"2018","Bihar","10","Muzaffarpur","208","Muzaffarpur Railway","2",1.0,0.0,0.0,0.0,1.0,0.0,0.0,0.0,3.0,3.0,1.0,0.0,0.0,0.0,0.0,0.0,0.0,0.0,0.0,0.0
963,"2018","Bihar","10","Nalanda","209","Nalanda","4",53.0,32.0,9.0,11.0,8.0,3.0,3.0,47.0,122.0,55.0,18.0,4.0,0.0,0.0,0.0,0.0,0.0,0.0,0.0,0.0
964,"2018","Bihar","10","Bhagalpur","192","Naugachia","0",10.0,2.0,3.0,2.0,2.0,0.0,2.0,14.0,49.0,14.0,4.0,0.0,0.0,0.0,0.0,0.0,0.0,0.0,0.0,0.0
965,"2018","Bihar","10","Nawada","210","Nawadah","2",23.0,16.0,15.0,6.0,"",3.0,2.0,36.0,78.0,39.0,8.0,0.0,0.0,0.0,0.0,0.0,0.0,0.0,0.0,0.0
966,"2018","Bihar","10","Patna","212","Patna","4",66.0,82.0,74.0,53.0,29.0,11.0,3.0,154.0,450.0,183.0,61.0,10.0,1.0,0.0,0.0,0.0,0.0,0.0,0.0,0.0
967,"2018","Bihar","10","Patna","212","Patna Railway","2",0.0,1.0,0.0,3.0,3.0,1.0,1.0,0.0,5.0,5.0,1.0,0.0,0.0,0.0,0.0,0.0,0.0,0.0,0.0,0.0
968,"2018","Bihar","10","Purnia","214","Purnea","1",5.0,22.0,4.0,7.0,6.0,0.0,4.0,10.0,102.0,34.0,7.0,0.0,0.0,0.0,0.0,0.0,0.0,0.0,0.0,0.0
969,"2018","Bihar","10","Rohtas","215","Rohtas","0",17.0,18.0,4.0,8.0,3.0,1.0,1.0,40.0,94.0,38.0,3.0,1.0,0.0,0.0,0.0,0.0,0.0,0.0,0.0,0.0
970,"2018","Bihar","10","Saharsa","216","Saharsa","3",13.0,7.0,9.0,3.0,4.0,1.0,2.0,17.0,48.0,30.0,14.0,1.0,0.0,0.0,0.0,0.0,0.0,0.0,0.0,0.0
971,"2018","Bihar","10","Samastipur","217","Samastipur","2",9.0,11.0,5.0,3.0,1.0,0.0,1.0,33.0,150.0,46.0,27.0,1.0,0.0,0.0,0.0,0.0,0.0,0.0,0.0,0.0
972,"2018","Bihar","10","Saran","218","Saran","5",29.0,20.0,22.0,17.0,9.0,0.0,0.0,76.0,232.0,55.0,34.0,5.0,5.0,0.0,0.0,0.0,0.0,0.0,0.0,0.0
973,"2018","Bihar","10","Sheikhpura","219","Sheikhpura","0",13.0,1.0,4.0,2.0,0.0,1.0,2.0,9.0,33.0,9.0,4.0,0.0,0.0,0.0,0.0,0.0,0.0,0.0,0.0,0.0
974,"2018","Bihar","10","Sheohar","220","Sheohar","0",3.0,4.0,2.0,3.0,4.0,0.0,0.0,10.0,44.0,5.0,6.0,0.0,0.0,0.0,0.0,0.0,0.0,0.0,0.0,0.0
975,"2018","Bihar","10","Sitamarhi","221","Sitamarhi","8",31.0,22.0,10.0,3.0,2.0,0.0,2.0,40.0,188.0,69.0,4.0,1.0,0.0,0.0,0.0,0.0,0.0,0.0,0.0,0.0
976,"2018","Bihar","10","Siwan","222","Siwan","2",13.0,12.0,5.0,1.0,2.0,1.0,32.0,117.0,37.0,6.0,1.0,0.0,0.0,0.0,0.0,0.0,0.0,0.0,0.0,0.0
977,"2018","Bihar","10","Supaul","223","Supaul","1",7.0,8.0,6.0,2.0,2.0,0.0,0.0,17.0,81.0,27.0,8.0,0.0,0.0,0.0,0.0,0.0,0.0,0.0,0.0,0.0
978,"2018","Bihar","10","Vaishali","224","Vaishali","7",24.0,22.0,17.0,16.0,9.0,2.0,5.0,36.0,175.0,64.0,56.0,3.0,0.0,0.0,0.0,0.0,0.0,0.0,0.0,0.0
979,"2018","Bihar","10","Patna","212","Economic Offences Unit","0",0.0,0.0,0.0,0.0,0.0,0.0,0.0,0.0,0.0,0.0,0.0,0.0,0.0,0.0,0.0,0.0,0.0,0.0,0.0,0.0
980,"2018","Bihar","10","Patna","212","Anti Terrorist Squad","0",0.0,0.0,0.0,0.0,0.0,0.0,0.0,0.0,0.0,0.0,0.0,0.0,0.0,0.0,0.0,0.0,0.0,0.0,0.0,0.0
981,"2018","Chhattisgarh","22","Balod","646","Balod","0",2.0,8.0,24.0,30.0,13.0,5.0,0.0,0.0,37.0,136.0,74.0,9.0,4.0,0.0,0.0,0.0,0.0,0.0,0.0,0.0
982,"2018","Chhattisgarh","22","Baloda Bazar","644","Balodbazar","1",11.0,16.0,57.0,25.0,16.0,17.0,0.0,3.0,100.0,342.0,41.0,18.0,7.0,0.0,0.0,0.0,0.0,0.0,0.0,0.0
983,"2018","Chhattisgarh","22","Balrampur","649","Balrampur","1",4.0,6.0,7.0,3.0,8.0,3.0,0.0,6.0,43.0,42.0,12.0,6.0,1.0,0.0,0.0,0.0,0.0,0.0,0.0,0.0
984,"2018","Chhattisgarh","22","Bemetara","650","Bemetra","0",0.0,7.0,26.0,21.0,14.0,1.0,0.0,1.0,51.0,115.0,40.0,8.0,1.0,0.0,0.0,0.0,0.0,0.0,0.0,0.0
985,"2018","Chhattisgarh","22","Bilaspur","375","Bilaspur","2",30.0,42.0,146.0,95.0,46.0,33.0,2.0,23.0,242.0,503.0,135.0,26.0,19.0,0.0,0.0,0.0,0.0,0.0,0.0,0.0
986,"2018","Chhattisgarh","22","Bijapur","636","Bizapur","0",2.0,1.0,4.0,0.0,0.0,1.0,0.0,0.0,4.0,12.0,2.0,0.0,0.0,0.0,0.0,0.0,0.0,0.0,0.0,0.0
987,"2018","Chhattisgarh","22","Dantewada","376","Dantewara","1",1.0,2.0,11.0,7.0,1.0,0.0,0.0,2.0,5.0,23.0,2.0,1.0,0.0,0.0,0.0,0.0,0.0,0.0,0.0,0.0
988,"2018","Chhattisgarh","22","Dhamtari","377","Dhamtari","0",5.0,11.0,28.0,31.0,14.0,4.0,0.0,0.0,43.0,177.0,65.0,10.0,4.0,0.0,0.0,0.0,0.0,0.0,0.0,0.0
989,"2018","Chhattisgarh","22","Durg","378","Durg","0",22.0,43.0,103.0,136.0,73.0,47.0,1.0,16.0,173.0,423.0,202.0,43.0,15.0,0.0,0.0,0.0,0.0,0.0,0.0,0.0
990,"2018","Chhattisgarh","22","Gariyaband","645","Gariyaband","0",2.0,3.0,24.0,13.0,7.0,5.0,1.0,5.0,34.0,104.0,10.0,2.0,2.0,0.0,0.0,0.0,0.0,0.0,0.0,0.0
991,"2018","Chhattisgarh","22","Raipur","387","Grp Raipur","0",0.0,0.0,7.0,3.0,4.0,1.0,0.0,0.0,1.0,6.0,1.0,3.0,0.0,0.0,0.0,0.0,0.0,0.0,0.0,0.0
992,"2018","Chhattisgarh","22","Bastar","374","Jagdalpur","0",3.0,6.0,23.0,15.0,4.0,5.0,0.0,3.0,41.0,90.0,24.0,3.0,2.0,0.0,0.0,0.0,0.0,0.0,0.0,0.0
993,"2018","Chhattisgarh","22","Janjgir-Champa","379","Janjgir","0",20.0,14.0,73.0,50.0,26.0,10.0,1.0,27.0,124.0,150.0,170.0,83.0,12.0,0.0,0.0,0.0,0.0,0.0,0.0,0.0
994,"2018","Chhattisgarh","22","Jashpur","380","Jashpur","0",2.0,12.0,19.0,12.0,6.0,2.0,0.0,12.0,60.0,84.0,31.0,7.0,4.0,0.0,0.0,0.0,0.0,0.0,0.0,0.0
995,"2018","Chhattisgarh","22","Kabirdham","382","Kabirdham","0",3.0,25.0,46.0,11.0,9.0,4.0,0.0,5.0,57.0,120.0,18.0,13.0,5.0,0.0,0.0,0.0,0.0,0.0,0.0,0.0
996,"2018","Chhattisgarh","22","Kanker","381","Kanker","0",33.0,53.0,38.0,34.0,24.0,8.0,7.0,43.0,226.0,53.0,33.0,5.0,3.0,0.0,0.0,0.0,0.0,0.0,0.0,0.0
997,"2018","Chhattisgarh","22","Kondagaon","643","Kondagaon","0",1.0,3.0,8.0,5.0,5.0,1.0,1.0,1.0,20.0,61.0,5.0,2.0,0.0,0.0,0.0,0.0,0.0,0.0,0.0,0.0
998,"2018","Chhattisgarh","22","Korba","383","Korba","0",11.0,19.0,63.0,32.0,29.0,8.0,0.0,33.0,61.0,128.0,112.0,12.0,6.0,0.0,0.0,0.0,0.0,0.0,0.0,0.0
999,"2018","Chhattisgarh","22","Korea","384","Koriya","0",2.0,13.0,13.0,41.0,15.0,1.0,0.0,13.0,43.0,68.0,62.0,50.0,6.0,0.0,0.0,0.0,0.0,0.0,0.0,0.0
1000,"2018","Chhattisgarh","22","Mahasamund","385","Mahasamund","0",0.0,8.0,54.0,35.0,4.0,7.0,0.0,2.0,36.0,248.0,33.0,8.0,4.0,0.0,0.0,0.0,0.0,0.0,0.0,0.0
1001,"2018","Chhattisgarh","22","Mungeli","647","Mungali","0",3.0,12.0,35.0,16.0,3.0,7.0,0.0,3.0,56.0,109.0,17.0,4.0,3.0,0.0,0.0,0.0,0.0,0.0,0.0,0.0
1002,"2018","Chhattisgarh","22","Narayanpur","637","Narayanpur","0",1.0,3.0,6.0,3.0,0.0,1.0,0.0,1.0,3.0,5.0,3.0,0.0,0.0,0.0,0.0,0.0,0.0,0.0,0.0,0.0
1003,"2018","Chhattisgarh","22","Raigarh","386","Raigarh","1",28.0,24.0,105.0,68.0,24.0,22.0,0.0,11.0,136.0,356.0,96.0,10.0,15.0,0.0,0.0,0.0,0.0,0.0,0.0,0.0
1004,"2018","Chhattisgarh","22","Raipur","387","Raipur","0",47.0,79.0,155.0,241.0,135.0,51.0,2.0,31.0,309.0,742.0,352.0,57.0,26.0,0.0,0.0,0.0,0.0,0.0,0.0,0.0
1005,"2018","Chhattisgarh","22","Rajnandgaon","388","Rajnandgaon","0",5.0,16.0,100.0,51.0,19.0,22.0,0.0,5.0,83.0,424.0,73.0,18.0,14.0,0.0,0.0,0.0,0.0,0.0,0.0,0.0
1006,"2018","Chhattisgarh","22","Surguja","389","Sarguja","0",2.0,12.0,19.0,42.0,20.0,5.0,0.0,11.0,67.0,101.0,74.0,19.0,8.0,0.0,0.0,0.0,0.0,0.0,0.0,0.0
1007,"2018","Chhattisgarh","22","Sukma","642","Sukma","0",1.0,0.0,3.0,1.0,1.0,0.0,0.0,0.0,5.0,3.0,0.0,0.0,0.0,0.0,0.0,0.0,0.0,0.0,0.0,0.0
1008,"2018","Chhattisgarh","22","Surajpur","648","Surajpur","0",3.0,5.0,28.0,10.0,15.0,5.0,1.0,5.0,43.0,108.0,24.0,8.0,1.0,0.0,0.0,0.0,0.0,0.0,0.0,0.0
1009,"2018","Goa","30","North Goa","551","North Goa","3",2.0,0.0,48.0,52.0,26.0,11.0,2.0,2.0,3.0,78.0,20.0,12.0,4.0,0.0,0.0,0.0,0.0,0.0,0.0,0.0
1010,"2018","Goa","30","South Goa","552","South Goa","0",0.0,1.0,28.0,40.0,21.0,20.0,2.0,1.0,0.0,76.0,22.0,6.0,4.0,0.0,0.0,0.0,0.0,0.0,0.0,0.0
1011,"2018","Goa","30","North Goa","551","Cid","0",0.0,0.0,5.0,1.0,0.0,0.0,0.0,0.0,0.0,2.0,0.0,0.0,0.0,0.0,0.0,0.0,0.0,0.0,0.0,0.0
1012,"2018","Gujarat","24","Ahmadabad","438","Ahmedabad City","5",27.0,59.0,374.0,280.0,133.0,62.0,5.0,55.0,272.0,1307.0,219.0,37.0,34.0,0.0,0.0,0.0,0.0,0.0,0.0,0.0
1013,"2018","Gujarat","24","Ahmadabad","438","Ahmedabad Rural","6",3.0,1.0,14.0,26.0,5.0,2.0,3.0,4.0,2.0,97.0,18.0,1.0,2.0,0.0,0.0,0.0,0.0,0.0,0.0,0.0
1014,"2018","Gujarat","24","Amreli","439","Amreli","0",4.0,0.0,10.0,5.0,3.0,3.0,0.0,4.0,0.0,118.0,5.0,0.0,0.0,0.0,0.0,0.0,0.0,0.0,0.0,0.0
1015,"2018","Gujarat","24","Anand","440","Anand","0",0.0,0.0,43.0,37.0,21.0,13.0,0.0,0.0,0.0,180.0,113.0,39.0,13.0,0.0,0.0,0.0,0.0,0.0,0.0,0.0
1016,"2018","Gujarat","24","Arvalli","672","Arvalli","0",0.0,0.0,0.0,0.0,0.0,0.0,0.0,0.0,0.0,0.0,0.0,0.0,0.0,0.0,0.0,0.0,0.0,0.0,0.0,0.0
1017,"2018","Gujarat","24","Banas Kantha","441","Banaskantha","0",0.0,1.0,91.0,0.0,0.0,5.0,0.0,0.0,1.0,96.0,0.0,0.0,0.0,0.0,0.0,0.0,0.0,0.0,0.0,0.0
1018,"2018","Gujarat","24","Bharuch","442","Bharuch","9",2.0,4.0,48.0,41.0,21.0,10.0,6.0,4.0,9.0,161.0,25.0,7.0,12.0,0.0,0.0,0.0,0.0,0.0,0.0,0.0
1019,"2018","Gujarat","24","Bhavnagar","443","Bhavnagar","0",0.0,0.0,48.0,18.0,2.0,1.0,0.0,0.0,0.0,55.0,17.0,3.0,0.0,0.0,0.0,0.0,0.0,0.0,0.0,0.0
1020,"2018","Gujarat","24","Botad","676","Botad","0",1.0,1.0,7.0,4.0,0.0,0.0,0.0,0.0,15.0,41.0,9.0,0.0,0.0,0.0,0.0,0.0,0.0,0.0,0.0,0.0
1021,"2018","Gujarat","24","Chhotaudepur","668","Chhotaudepur","0",1.0,0.0,9.0,4.0,0.0,0.0,0.0,0.0,0.0,18.0,2.0,0.0,0.0,0.0,0.0,0.0,0.0,0.0,0.0,0.0
1022,"2018","Gujarat","24","Gandhinagar","446","Cid Crime","0",0.0,0.0,0.0,0.0,0.0,0.0,0.0,0.0,0.0,0.0,0.0,0.0,0.0,0.0,0.0,0.0,0.0,0.0,0.0,0.0
1023,"2018","Gujarat","24","Dohad","445","Dahod","0",0.0,1.0,5.0,5.0,3.0,1.0,0.0,11.0,78.0,14.0,9.0,1.0,0.0,0.0,0.0,0.0,0.0,0.0,0.0,0.0
1024,"2018","Gujarat","24","Dang","444","Dang","0",0.0,0.0,0.0,0.0,0.0,0.0,0.0,0.0,0.0,0.0,0.0,0.0,0.0,0.0,0.0,0.0,0.0,0.0,0.0,0.0
1025,"2018","Gujarat","24","Devbhumi Dwarka","674","Devbhumi Dwarka","3",1.0,1.0,12.0,4.0,1.0,5.0,3.0,3.0,3.0,60.0,1.0,1.0,2.0,0.0,0.0,0.0,0.0,0.0,0.0,0.0
1026,"2018","Gujarat","24","Gandhinagar","446","Gandhinagar","2",15.0,2.0,75.0,45.0,29.0,3.0,3.0,14.0,2.0,259.0,38.0,5.0,0.0,0.0,0.0,0.0,0.0,0.0,0.0,0.0
1027,"2018","Gujarat","24","Gir Somnath","675","Gir Somnath","2",1.0,0.0,12.0,3.0,4.0,3.0,0.0,2.0,0.0,36.0,5.0,0.0,0.0,0.0,0.0,0.0,0.0,0.0,0.0,0.0
1028,"2018","Gujarat","24","Jamnagar","447","Jamnagar","6",7.0,0.0,31.0,32.0,9.0,0.0,1.0,0.0,4.0,63.0,71.0,16.0,0.0,0.0,0.0,0.0,0.0,0.0,0.0,0.0
1029,"2018","Gujarat","24","Junagadh","448","Junagadh","1",1.0,1.0,12.0,9.0,8.0,0.0,0.0,0.0,2.0,33.0,5.0,0.0,1.0,0.0,0.0,0.0,0.0,0.0,0.0,0.0
1030,"2018","Gujarat","24","Kachchh","449","Kachchh East(G)","0",5.0,1.0,35.0,6.0,2.0,1.0,0.0,4.0,29.0,131.0,22.0,2.0,1.0,0.0,0.0,0.0,0.0,0.0,0.0,0.0
1031,"2018","Gujarat","24","Kachchh","449","Kachchh West(B)","0",3.0,3.0,35.0,19.0,14.0,3.0,1.0,5.0,34.0,118.0,28.0,2.0,2.0,0.0,0.0,0.0,0.0,0.0,0.0,0.0
1032,"2018","Gujarat","24","Kheda","450","Kheda","0",2.0,1.0,23.0,19.0,12.0,11.0,0.0,0.0,2.0,75.0,22.0,2.0,1.0,0.0,0.0,0.0,0.0,0.0,0.0,0.0
1033,"2018","Gujarat","24","Mahisagar","669","Mahisagar","0",3.0,0.0,8.0,7.0,3.0,3.0,2.0,3.0,4.0,36.0,8.0,1.0,0.0,0.0,0.0,0.0,0.0,0.0,0.0,0.0
1034,"2018","Gujarat","24","Mahesana","451","Mehsana","1",1.0,5.0,65.0,53.0,15.0,8.0,0.0,0.0,6.0,439.0,73.0,3.0,2.0,0.0,0.0,0.0,1.0,0.0,0.0,0.0
1035,"2018","Gujarat","24","Morbi","673","Morbi","0",0.0,0.0,9.0,7.0,6.0,1.0,0.0,0.0,1.0,38.0,31.0,11.0,4.0,0.0,0.0,0.0,0.0,0.0,0.0,0.0
1036,"2018","Gujarat","24","Narmada","452","Narmada","0",0.0,0.0,4.0,0.0,3.0,1.0,0.0,1.0,0.0,11.0,5.0,1.0,0.0,0.0,0.0,0.0,0.0,0.0,0.0,0.0
1037,"2018","Gujarat","24","Navsari","453","Navsari","4",3.0,0.0,18.0,35.0,19.0,5.0,1.0,3.0,0.0,71.0,24.0,6.0,5.0,0.0,0.0,0.0,0.0,0.0,0.0,0.0
1038,"2018","Gujarat","24","Panch Mahals","454","Panchmahal","1",2.0,0.0,16.0,20.0,11.0,5.0,1.0,3.0,1.0,37.0,29.0,18.0,2.0,0.0,0.0,0.0,0.0,0.0,0.0,0.0
1039,"2018","Gujarat","24","Patan","455","Patan","0",1.0,1.0,20.0,9.0,3.0,0.0,0.0,0.0,1.0,130.0,16.0,2.0,0.0,0.0,0.0,0.0,0.0,0.0,0.0,0.0
1040,"2018","Gujarat","24","Porbandar","456","Porbandar","2",3.0,1.0,2.0,11.0,3.0,0.0,1.0,1.0,0.0,34.0,17.0,0.0,0.0,0.0,0.0,0.0,0.0,0.0,0.0,0.0
1041,"2018","Gujarat","24","Rajkot","457","Rajkot City","0",13.0,17.0,122.0,116.0,38.0,10.0,0.0,13.0,89.0,162.0,233.0,87.0,15.0,0.0,0.0,0.0,0.0,0.0,0.0,0.0
1042,"2018","Gujarat","24","Rajkot","457","Rajkot Rural","12",5.0,3.0,19.0,9.0,3.0,5.0,6.0,1.0,0.0,139.0,14.0,4.0,1.0,0.0,0.0,0.0,0.0,0.0,0.0,0.0
1043,"2018","Gujarat","24","Sabar Kantha","458","Sabarkantha","0",1.0,3.0,50.0,16.0,16.0,3.0,0.0,0.0,6.0,142.0,22.0,3.0,0.0,0.0,0.0,0.0,0.0,0.0,0.0,0.0
1044,"2018","Gujarat","24","Surat","459","Surat City","74",117.0,75.0,324.0,438.0,234.0,75.0,80.0,124.0,266.0,1156.0,357.0,50.0,19.0,0.0,0.0,0.0,0.0,0.0,0.0,0.0
1045,"2018","Gujarat","24","Surat","459","Surat Rural","5",3.0,0.0,30.0,34.0,5.0,7.0,3.0,4.0,1.0,66.0,12.0,1.0,1.0,0.0,0.0,0.0,0.0,0.0,0.0,0.0
1046,"2018","Gujarat","24","Surendranagar","460","Surendranagar","0",0.0,0.0,11.0,4.0,8.0,1.0,0.0,0.0,0.0,37.0,5.0,0.0,0.0,0.0,0.0,0.0,0.0,0.0,0.0,0.0
1047,"2018","Gujarat","24","Tapi","641","Tapi","1",0.0,0.0,3.0,6.0,2.0,2.0,4.0,1.0,0.0,17.0,6.0,2.0,1.0,0.0,0.0,0.0,0.0,0.0,0.0,0.0
1048,"2018","Gujarat","24","Vadodara","461","Vadodara City","0",7.0,11.0,72.0,119.0,90.0,37.0,2.0,8.0,96.0,267.0,132.0,36.0,16.0,0.0,0.0,0.0,0.0,0.0,0.0,0.0
1049,"2018","Gujarat","24","Vadodara","461","Vadodara Rural","0",1.0,2.0,21.0,12.0,9.0,5.0,0.0,0.0,2.0,58.0,7.0,2.0,1.0,0.0,0.0,0.0,0.0,0.0,0.0,0.0
1050,"2018","Gujarat","24","Valsad","462","Valsad","5",1.0,0.0,53.0,30.0,17.0,14.0,3.0,4.0,3.0,93.0,18.0,6.0,2.0,0.0,0.0,0.0,0.0,0.0,0.0,0.0
1051,"2018","Gujarat","24","Ahmadabad","438","W.Rly Ahmedabad","0",0.0,1.0,5.0,4.0,4.0,3.0,0.0,0.0,0.0,8.0,1.0,1.0,2.0,0.0,0.0,0.0,0.0,0.0,0.0,0.0
1052,"2018","Gujarat","24","Vadodara","461","W.Rly Vadodara","0",0.0,1.0,5.0,2.0,1.0,2.0,2.0,0.0,1.0,2.0,3.0,1.0,0.0,0.0,0.0,0.0,0.0,0.0,0.0,0.0
1053,"2018","Haryana","06","Ambala","058","Ambala","1",7.0,60.0,70.0,14.0,2.0,1.0,2.0,3.0,9.0,74.0,74.0,4.0,2.0,0.0,0.0,0.0,0.0,0.0,0.0,0.0
1054,"2018","Haryana","06","Bhiwani","059","Bhiwani","0",10.0,26.0,35.0,28.0,19.0,9.0,0.0,2.0,39.0,154.0,22.0,1.0,1.0,0.0,0.0,0.0,0.0,0.0,0.0,0.0
1055,"2018","Haryana","06","Faridabad","060","Faridabad","15",45.0,57.0,218.0,71.0,41.0,27.0,14.0,25.0,49.0,457.0,72.0,6.0,8.0,0.0,0.0,0.0,0.0,0.0,0.0,0.0
1056,"2018","Haryana","06","Fatehabad","061","Fatehabad","16",20.0,17.0,48.0,46.0,20.0,6.0,12.0,14.0,26.0,160.0,77.0,10.0,4.0,0.0,0.0,0.0,0.0,0.0,0.0,0.0
1057,"2018","Haryana","06","Ambala","058","Grp","2",0.0,0.0,7.0,2.0,2.0,0.0,0.0,0.0,1.0,4.0,0.0,0.0,1.0,0.0,0.0,0.0,0.0,0.0,0.0,0.0
1058,"2018","Haryana","06","Gurugram","062","Gurugram","4",24.0,22.0,50.0,58.0,26.0,18.0,0.0,36.0,101.0,136.0,89.0,6.0,3.0,0.0,0.0,0.0,0.0,0.0,0.0,0.0
1059,"2018","Haryana","06","Hisar","063","Hissar","0",13.0,25.0,29.0,46.0,21.0,5.0,3.0,7.0,90.0,201.0,65.0,3.0,3.0,0.0,0.0,0.0,0.0,0.0,0.0,0.0
1060,"2018","Haryana","06","Jhajjar","064","Jhajjar","0",0.0,0.0,0.0,0.0,0.0,0.0,0.0,0.0,0.0,0.0,0.0,0.0,0.0,0.0,0.0,0.0,0.0,0.0,0.0,0.0
1061,"2018","Haryana","06","Jind","065","Jind","0",7.0,16.0,58.0,45.0,31.0,11.0,1.0,1.0,29.0,174.0,47.0,4.0,2.0,0.0,0.0,0.0,0.0,0.0,0.0,0.0
1062,"2018","Haryana","06","Kaithal","066","Kaithal","6",8.0,22.0,42.0,43.0,21.0,14.0,2.0,4.0,10.0,81.0,15.0,2.0,2.0,0.0,0.0,0.0,0.0,0.0,0.0,0.0
1063,"2018","Haryana","06","Karnal","067","Karnal","0",11.0,2.0,29.0,12.0,17.0,3.0,0.0,1.0,10.0,40.0,10.0,3.0,4.0,0.0,0.0,0.0,0.0,0.0,0.0,0.0
1064,"2018","Haryana","06","Kurukshetra","068","Kurukshetra","11",32.0,13.0,46.0,73.0,22.0,10.0,7.0,9.0,28.0,139.0,87.0,9.0,2.0,0.0,0.0,0.0,0.0,0.0,0.0,0.0
1065,"2018","Haryana","06","Mahendragarh","069","Mahendergarh","5",10.0,13.0,28.0,18.0,9.0,1.0,2.0,3.0,23.0,94.0,12.0,2.0,0.0,0.0,0.0,0.0,0.0,0.0,0.0,0.0
1066,"2018","Haryana","06","Nuh","604","Mewat","0",9.0,9.0,19.0,7.0,3.0,1.0,0.0,1.0,5.0,23.0,12.0,0.0,0.0,0.0,0.0,0.0,0.0,0.0,0.0,0.0
1067,"2018","Haryana","06","Palwal","619","Palwal","0",35.0,48.0,56.0,14.0,4.0,3.0,0.0,10.0,54.0,64.0,36.0,4.0,0.0,0.0,0.0,0.0,0.0,0.0,0.0,0.0
1068,"2018","Haryana","06","Panchkula","070","Panchkula","0",0.0,2.0,44.0,22.0,7.0,0.0,0.0,0.0,27.0,72.0,52.0,28.0,0.0,0.0,0.0,0.0,0.0,0.0,0.0,0.0
1069,"2018","Haryana","06","Panipat","071","Panipat","26",57.0,42.0,56.0,11.0,19.0,9.0,28.0,48.0,107.0,81.0,56.0,27.0,5.0,0.0,0.0,0.0,0.0,0.0,0.0,0.0
1070,"2018","Haryana","06","Rewari","072","Rewari","5",20.0,22.0,37.0,36.0,20.0,8.0,5.0,17.0,40.0,166.0,32.0,7.0,2.0,0.0,0.0,0.0,0.0,0.0,0.0,0.0
1071,"2018","Haryana","06","Rohtak","073","Rohtak","12",30.0,52.0,116.0,72.0,34.0,16.0,11.0,13.0,33.0,198.0,68.0,4.0,8.0,0.0,0.0,0.0,0.0,0.0,0.0,0.0
1072,"2018","Haryana","06","Sirsa","074","Sirsa","0",10.0,15.0,34.0,33.0,16.0,5.0,2.0,8.0,45.0,239.0,40.0,2.0,1.0,0.0,0.0,0.0,0.0,0.0,0.0,0.0
1073,"2018","Haryana","06","Sonipat","075","Sonipat","1",8.0,24.0,29.0,33.0,24.0,7.0,1.0,5.0,33.0,111.0,98.0,3.0,2.0,0.0,0.0,0.0,0.0,0.0,0.0,0.0
1074,"2018","Haryana","06","Yamunanagar","076","Yamunanagar","4",11.0,32.0,57.0,45.0,24.0,8.0,2.0,7.0,48.0,178.0,33.0,5.0,2.0,0.0,0.0,0.0,0.0,0.0,0.0,0.0
1075,"2018","Haryana","06","Gurugram","062","Irrigation And Power","0",0.0,0.0,0.0,0.0,0.0,0.0,0.0,0.0,0.0,0.0,0.0,0.0,0.0,0.0,0.0,0.0,0.0,0.0,0.0,0.0
1076,"2018","Haryana","06","Charki Dadri","701","Charkhi Dadri","0",2.0,4.0,19.0,6.0,5.0,2.0,0.0,0.0,2.0,68.0,9.0,2.0,1.0,0.0,0.0,0.0,0.0,0.0,0.0,0.0
1077,"2018","Haryana","06","Hisar","063","Hansi","1",4.0,4.0,17.0,4.0,4.0,4.0,0.0,0.0,18.0,62.0,7.0,3.0,1.0,0.0,0.0,0.0,0.0,0.0,0.0,0.0
1078,"2018","Himachal Pradesh","02","Solan","025","Baddi","1",3.0,2.0,25.0,23.0,5.0,3.0,0.0,7.0,12.0,43.0,6.0,1.0,1.0,0.0,0.0,0.0,0.0,0.0,0.0,0.0
1079,"2018","Himachal Pradesh","02","Bilaspur","015","Bilaspur","0",0.0,4.0,9.0,17.0,5.0,3.0,0.0,1.0,14.0,55.0,26.0,2.0,2.0,0.0,0.0,0.0,0.0,0.0,0.0,0.0
1080,"2018","Himachal Pradesh","02","Chamba","016","Chamba","0",6.0,3.0,10.0,6.0,3.0,1.0,0.0,0.0,4.0,51.0,10.0,3.0,1.0,0.0,0.0,0.0,0.0,0.0,0.0,0.0
1081,"2018","Himachal Pradesh","02","Shimla","023","Cid","0",0.0,0.0,0.0,0.0,0.0,0.0,0.0,0.0,0.0,0.0,0.0,0.0,0.0,0.0,0.0,0.0,0.0,0.0,0.0,0.0
1082,"2018","Himachal Pradesh","02","Shimla","023","Grp","0",0.0,0.0,0.0,0.0,0.0,0.0,0.0,0.0,0.0,0.0,0.0,1.0,0.0,0.0,0.0,0.0,0.0,0.0,0.0,0.0
1083,"2018","Himachal Pradesh","02","Hamirpur","017","Hamirpur","0",2.0,4.0,8.0,5.0,2.0,0.0,0.0,0.0,5.0,34.0,6.0,1.0,1.0,0.0,0.0,0.0,0.0,0.0,0.0,0.0
1084,"2018","Himachal Pradesh","02","Kangra","018","Kangra","0",4.0,12.0,36.0,25.0,27.0,10.0,0.0,0.0,15.0,58.0,49.0,53.0,15.0,0.0,0.0,0.0,0.0,0.0,0.0,0.0
1085,"2018","Himachal Pradesh","02","Kinnaur","019","Kinnaur","0",0.0,1.0,2.0,3.0,2.0,2.0,0.0,0.0,0.0,1.0,3.0,0.0,0.0,0.0,0.0,0.0,0.0,0.0,0.0,0.0
1086,"2018","Himachal Pradesh","02","Kullu","020","Kullu","0",2.0,5.0,15.0,19.0,15.0,2.0,0.0,0.0,8.0,31.0,11.0,3.0,1.0,0.0,0.0,0.0,0.0,0.0,0.0,0.0
1087,"2018","Himachal Pradesh","02","Lahul And Spiti","021","Lahaul And Spiti","0",0.0,0.0,1.0,2.0,3.0,1.0,0.0,0.0,0.0,0.0,0.0,0.0,0.0,0.0,0.0,0.0,0.0,0.0,0.0,0.0
1088,"2018","Himachal Pradesh","02","Mandi","022","Mandi","0",1.0,16.0,21.0,31.0,25.0,8.0,0.0,2.0,63.0,120.0,76.0,7.0,8.0,0.0,0.0,0.0,0.0,0.0,0.0,0.0
1089,"2018","Himachal Pradesh","02","Shimla","023","Shimla","1",18.0,19.0,3.0,2.0,0.0,0.0,0.0,18.0,45.0,0.0,3.0,0.0,0.0,0.0,0.0,0.0,0.0,0.0,0.0,0.0
1090,"2018","Himachal Pradesh","02","Sirmaur","024","Sirmaur","3",4.0,3.0,15.0,8.0,11.0,3.0,2.0,7.0,18.0,68.0,14.0,4.0,1.0,0.0,0.0,0.0,0.0,0.0,0.0,0.0
1091,"2018","Himachal Pradesh","02","Solan","025","Solan","0",1.0,4.0,16.0,13.0,6.0,2.0,0.0,1.0,19.0,61.0,15.0,1.0,1.0,0.0,0.0,0.0,0.0,0.0,0.0,0.0
1092,"2018","Himachal Pradesh","02","Una","026","Una","0",4.0,2.0,15.0,37.0,23.0,15.0,0.0,2.0,16.0,34.0,28.0,7.0,3.0,0.0,0.0,0.0,0.0,0.0,0.0,0.0
1093,"2018","Himachal Pradesh","02","Shimla","023","Cyber","0",0.0,0.0,0.0,0.0,0.0,0.0,0.0,0.0,0.0,0.0,0.0,0.0,0.0,0.0,0.0,0.0,0.0,0.0,0.0,0.0
1094,"2018","Jammu And Kashmir","01","Anantnag","001","Anantnag","0",4.0,1.0,34.0,12.0,5.0,0.0,1.0,3.0,0.0,34.0,13.0,2.0,0.0,0.0,0.0,0.0,0.0,0.0,0.0,0.0
1095,"2018","Jammu And Kashmir","01","Pulwama","011","Awantipora","0",0.0,0.0,15.0,8.0,0.0,0.0,0.0,0.0,0.0,9.0,3.0,0.0,0.0,0.0,0.0,0.0,0.0,0.0,0.0,0.0
1096,"2018","Jammu And Kashmir","01","Bandipora","623","Bandipora","0",0.0,6.0,8.0,2.0,0.0,0.0,0.0,0.0,4.0,12.0,5.0,0.0,1.0,0.0,0.0,0.0,0.0,0.0,0.0,0.0
1097,"2018","Jammu And Kashmir","01","Baramulla","003","Baramulla","0",0.0,2.0,0.0,0.0,3.0,0.0,0.0,0.0,3.0,7.0,3.0,0.0,0.0,0.0,0.0,0.0,0.0,0.0,0.0,0.0
1098,"2018","Jammu And Kashmir","01","Budgam","002","Budgam","4",0.0,0.0,24.0,18.0,2.0,0.0,2.0,0.0,0.0,80.0,17.0,1.0,0.0,0.0,0.0,0.0,0.0,0.0,0.0,0.0
1099,"2018","Jammu And Kashmir","01","Jammu","005","Crime Jammu","0",0.0,0.0,0.0,0.0,0.0,0.0,0.0,0.0,0.0,0.0,0.0,0.0,0.0,0.0,0.0,0.0,0.0,0.0,0.0,0.0
1100,"2018","Jammu And Kashmir","01","Jammu","005","Crime Srinagar","0",0.0,0.0,0.0,0.0,0.0,0.0,0.0,0.0,0.0,0.0,0.0,0.0,0.0,0.0,0.0,0.0,0.0,0.0,0.0,0.0
1101,"2018","Jammu And Kashmir","01","Doda","004","Doda","0",0.0,3.0,7.0,11.0,1.0,0.0,0.0,0.0,4.0,27.0,23.0,1.0,0.0,0.0,0.0,0.0,0.0,0.0,0.0,0.0
1102,"2018","Jammu And Kashmir","01","Ganderbal","626","Ganderbal","0",1.0,3.0,14.0,6.0,0.0,3.0,0.0,0.0,13.0,41.0,11.0,0.0,1.0,0.0,0.0,0.0,0.0,0.0,0.0,0.0
1103,"2018","Jammu And Kashmir","01","Kupwara","008","Handwara","0",0.0,6.0,19.0,3.0,3.0,0.0,0.0,0.0,0.0,3.0,2.0,1.0,0.0,0.0,0.0,0.0,0.0,0.0,0.0,0.0
1104,"2018","Jammu And Kashmir","01","Jammu","005","Jammu","0",0.0,0.0,103.0,102.0,26.0,0.0,0.0,0.0,0.0,89.0,69.0,41.0,0.0,0.0,0.0,0.0,0.0,0.0,0.0,0.0
1105,"2018","Jammu And Kashmir","01","Kargil","006","Kargil","0",0.0,0.0,2.0,3.0,0.0,0.0,0.0,0.0,1.0,2.0,1.0,0.0,0.0,0.0,0.0,0.0,0.0,0.0,0.0,0.0
1106,"2018","Jammu And Kashmir","01","Kathua","007","Kathua","0",1.0,5.0,18.0,11.0,4.0,3.0,0.0,6.0,22.0,85.0,23.0,1.0,0.0,0.0,0.0,0.0,0.0,0.0,0.0,0.0
1107,"2018","Jammu And Kashmir","01","Kishtwar","620","Kishtwar","0",0.0,1.0,15.0,7.0,0.0,1.0,0.0,1.0,9.0,8.0,5.0,0.0,0.0,0.0,0.0,0.0,0.0,0.0,0.0,0.0
1108,"2018","Jammu And Kashmir","01","Kulgam","622","Kulgam","0",0.0,0.0,27.0,15.0,0.0,0.0,0.0,0.0,0.0,22.0,4.0,1.0,0.0,0.0,0.0,0.0,0.0,0.0,0.0,0.0
1109,"2018","Jammu And Kashmir","01","Kupwara","008","Kupwara","0",1.0,9.0,49.0,32.0,1.0,0.0,0.0,0.0,18.0,53.0,12.0,0.0,0.0,0.0,0.0,0.0,0.0,0.0,0.0,0.0
1110,"2018","Jammu And Kashmir","01","Leh Ladakh","009","Leh","0",0.0,0.0,2.0,5.0,1.0,0.0,0.0,0.0,0.0,2.0,3.0,0.0,0.0,0.0,0.0,0.0,0.0,0.0,0.0,0.0
1111,"2018","Jammu And Kashmir","01","Poonch","010","Poonch","0",0.0,1.0,9.0,6.0,2.0,1.0,0.0,0.0,1.0,53.0,4.0,0.0,0.0,0.0,0.0,0.0,0.0,0.0,0.0,0.0
1112,"2018","Jammu And Kashmir","01","Pulwama","011","Pulwama","0",0.0,0.0,31.0,7.0,0.0,0.0,0.0,0.0,0.0,6.0,3.0,2.0,1.0,0.0,0.0,0.0,0.0,0.0,0.0,0.0
1113,"2018","Jammu And Kashmir","01","Jammu","005","Railways Jammu","0",0.0,0.0,0.0,2.0,3.0,2.0,0.0,0.0,0.0,0.0,0.0,1.0,0.0,0.0,0.0,0.0,0.0,0.0,0.0,0.0
1114,"2018","Jammu And Kashmir","01","Jammu","005","Railways Kashmir","0",0.0,0.0,0.0,0.0,0.0,0.0,0.0,0.0,0.0,0.0,0.0,0.0,0.0,0.0,0.0,0.0,0.0,0.0,0.0,0.0
1115,"2018","Jammu And Kashmir","01","Reasi","627","Railways Katra","0",0.0,0.0,0.0,0.0,0.0,0.0,0.0,0.0,0.0,0.0,0.0,1.0,0.0,0.0,0.0,0.0,0.0,0.0,0.0,0.0
1116,"2018","Jammu And Kashmir","01","Rajouri","012","Rajouri","0",0.0,3.0,4.0,1.0,0.0,0.0,0.0,0.0,0.0,43.0,3.0,0.0,0.0,0.0,0.0,0.0,0.0,0.0,0.0,0.0
1117,"2018","Jammu And Kashmir","01","Ramban","621","Ramban","0",2.0,3.0,3.0,4.0,4.0,0.0,0.0,1.0,3.0,24.0,6.0,0.0,0.0,0.0,0.0,0.0,0.0,0.0,0.0,0.0
1118,"2018","Jammu And Kashmir","01","Reasi","627","Reasi","0",0.0,0.0,8.0,7.0,1.0,4.0,0.0,0.0,0.0,43.0,17.0,1.0,1.0,0.0,0.0,0.0,0.0,0.0,0.0,0.0
1119,"2018","Jammu And Kashmir","01","Samba","624","Samba","0",1.0,0.0,13.0,12.0,2.0,3.0,1.0,3.0,6.0,34.0,8.0,0.0,0.0,0.0,0.0,0.0,0.0,0.0,0.0,0.0
1120,"2018","Jammu And Kashmir","01","Shopian","625","Shopian","0",0.0,5.0,38.0,0.0,0.0,0.0,0.0,0.0,15.0,12.0,0.0,0.0,0.0,0.0,0.0,0.0,0.0,0.0,0.0,0.0
1121,"2018","Jammu And Kashmir","01","Baramulla","003","Sopore","0",4.0,3.0,16.0,11.0,0.0,0.0,0.0,0.0,0.0,15.0,2.0,0.0,0.0,0.0,0.0,0.0,0.0,0.0,0.0,0.0
1122,"2018","Jammu And Kashmir","01","Srinagar","013","Srinagar","0",9.0,12.0,31.0,61.0,5.0,0.0,0.0,21.0,52.0,3.0,32.0,0.0,0.0,0.0,0.0,0.0,0.0,0.0,0.0,0.0
1123,"2018","Jammu And Kashmir","01","Udhampur","014","Udhampur","0",0.0,4.0,47.0,31.0,4.0,2.0,0.0,0.0,10.0,82.0,18.0,1.0,1.0,0.0,0.0,0.0,0.0,0.0,0.0,0.0
1124,"2018","Jharkhand","20","Bokaro","322","Bokaro","0",3.0,4.0,0.0,0.0,0.0,0.0,0.0,0.0,16.0,0.0,0.0,0.0,0.0,0.0,0.0,0.0,0.0,0.0,0.0,0.0
1125,"2018","Jharkhand","20","West Singhbhum","343","Chaibasa","1",2.0,1.0,1.0,0.0,0.0,0.0,0.0,7.0,10.0,8.0,3.0,0.0,0.0,0.0,0.0,0.0,0.0,0.0,0.0,0.0
1126,"2018","Jharkhand","20","Chatra","323","Chatra","0",3.0,0.0,0.0,0.0,0.0,0.0,0.0,0.0,0.0,1.0,0.0,0.0,0.0,0.0,3.0,0.0,1.0,0.0,0.0,0.0
1127,"2018","Jharkhand","20","Deoghar","324","Deoghar","0",1.0,7.0,5.0,0.0,0.0,0.0,0.0,1.0,5.0,4.0,1.0,2.0,0.0,0.0,0.0,0.0,0.0,0.0,0.0,0.0
1128,"2018","Jharkhand","20","Dhanbad","325","Dhanbad","0",1.0,3.0,5.0,7.0,3.0,0.0,0.0,0.0,4.0,2.0,3.0,1.0,0.0,0.0,0.0,0.0,0.0,0.0,0.0,0.0
1129,"2018","Jharkhand","20","Dhanbad","325","Dhanbad Railway","0",0.0,0.0,4.0,0.0,0.0,1.0,0.0,0.0,1.0,0.0,0.0,0.0,2.0,0.0,0.0,0.0,0.0,0.0,0.0,0.0
1130,"2018","Jharkhand","20","Dumka","326","Dumka","0",0.0,7.0,8.0,5.0,3.0,0.0,0.0,0.0,4.0,6.0,2.0,1.0,6.0,0.0,0.0,0.0,0.0,0.0,0.0,0.0
1131,"2018","Jharkhand","20","Garhwa","328","Garhwa","0",3.0,2.0,1.0,0.0,1.0,0.0,0.0,0.0,2.0,2.0,5.0,0.0,0.0,0.0,0.0,0.0,0.0,0.0,0.0,0.0
1132,"2018","Jharkhand","20","Giridih","329","Giridih","1",4.0,8.0,2.0,4.0,5.0,2.0,0.0,1.0,8.0,10.0,2.0,1.0,2.0,0.0,0.0,0.0,0.0,0.0,0.0,0.0
1133,"2018","Jharkhand","20","Godda","330","Godda","0",0.0,0.0,0.0,0.0,0.0,0.0,0.0,1.0,3.0,0.0,0.0,0.0,0.0,0.0,0.0,0.0,0.0,0.0,0.0,0.0
1134,"2018","Jharkhand","20","Gumla","331","Gumla","0",3.0,1.0,1.0,1.0,0.0,0.0,0.0,5.0,21.0,2.0,0.0,0.0,0.0,0.0,0.0,0.0,0.0,0.0,0.0,0.0
1135,"2018","Jharkhand","20","Hazaribagh","332","Hazaribagh","0",12.0,6.0,5.0,3.0,4.0,3.0,0.0,7.0,17.0,11.0,5.0,2.0,1.0,0.0,0.0,0.0,0.0,0.0,0.0,0.0
1136,"2018","Jharkhand","20","East Singhbum","327","Jamshedpur","0",5.0,6.0,4.0,4.0,4.0,0.0,0.0,4.0,4.0,4.0,0.0,0.0,1.0,0.0,0.0,0.0,0.0,0.0,0.0,0.0
1137,"2018","Jharkhand","20","East Singhbum","327","Jamshedpur Railway","0",0.0,0.0,0.0,0.0,2.0,0.0,0.0,0.0,0.0,1.0,0.0,0.0,1.0,0.0,0.0,0.0,0.0,0.0,0.0,0.0
1138,"2018","Jharkhand","20","Jamtara","333","Jamtara","0",0.0,0.0,0.0,0.0,0.0,0.0,0.0,0.0,0.0,0.0,0.0,0.0,0.0,0.0,0.0,0.0,0.0,0.0,0.0,0.0
1139,"2018","Jharkhand","20","Khunti","606","Khunti","0",2.0,8.0,2.0,1.0,1.0,0.0,0.0,10.0,14.0,6.0,0.0,0.0,0.0,0.0,0.0,0.0,0.0,0.0,0.0,0.0
1140,"2018","Jharkhand","20","Koderma","334","Koderma","0",0.0,0.0,0.0,0.0,0.0,0.0,0.0,0.0,0.0,0.0,0.0,0.0,0.0,0.0,0.0,0.0,0.0,0.0,0.0,0.0
1141,"2018","Jharkhand","20","Latehar","335","Latehar","0",4.0,0.0,4.0,3.0,0.0,2.0,0.0,3.0,0.0,5.0,0.0,1.0,0.0,0.0,0.0,0.0,0.0,0.0,0.0,0.0
1142,"2018","Jharkhand","20","Lohardaga","336","Lohardagga","1",6.0,1.0,3.0,0.0,0.0,0.0,0.0,0.0,1.0,2.0,0.0,0.0,0.0,0.0,0.0,0.0,0.0,0.0,0.0,0.0
1143,"2018","Jharkhand","20","Pakur","337","Pakur","0",1.0,0.0,2.0,0.0,0.0,0.0,0.0,1.0,1.0,0.0,0.0,0.0,0.0,0.0,0.0,0.0,0.0,0.0,0.0,0.0
1144,"2018","Jharkhand","20","Palamu","338","Palamu","0",12.0,9.0,5.0,6.0,3.0,3.0,0.0,4.0,12.0,15.0,0.0,0.0,2.0,0.0,0.0,0.0,0.0,0.0,0.0,0.0
1145,"2018","Jharkhand","20","Ramgarh","607","Ramgarh","0",0.0,1.0,1.0,1.0,0.0,0.0,0.0,0.0,2.0,1.0,0.0,0.0,0.0,0.0,0.0,0.0,0.0,0.0,0.0,0.0
1146,"2018","Jharkhand","20","Ranchi","339","Ranchi","0",9.0,13.0,32.0,18.0,10.0,0.0,0.0,12.0,21.0,29.0,32.0,10.0,0.0,0.0,0.0,0.0,0.0,0.0,0.0,0.0
1147,"2018","Jharkhand","20","Sahebganj","340","Sahebganj","0",0.0,0.0,0.0,0.0,0.0,0.0,0.0,0.0,0.0,0.0,0.0,0.0,0.0,0.0,0.0,0.0,0.0,0.0,0.0,0.0
1148,"2018","Jharkhand","20","Saraikela Kharsawan","341","Saraikela","0",0.0,0.0,0.0,0.0,0.0,0.0,0.0,0.0,0.0,0.0,0.0,0.0,0.0,0.0,0.0,0.0,0.0,0.0,0.0,0.0
1149,"2018","Jharkhand","20","Simdega","342","Simdega","0",2.0,0.0,0.0,1.0,0.0,0.0,0.0,1.0,0.0,1.0,0.0,0.0,0.0,0.0,0.0,0.0,0.0,0.0,0.0,0.0
1150,"2018","Karnataka","29","Bagalkote","524","Bagalkot","1",1.0,0.0,15.0,12.0,3.0,5.0,0.0,0.0,0.0,74.0,11.0,2.0,0.0,0.0,0.0,0.0,0.0,0.0,0.0,0.0
1151,"2018","Karnataka","29","Bengaluru Urban","525","Bengaluru City","88",85.0,101.0,501.0,783.0,425.0,220.0,102.0,81.0,298.0,1877.0,716.0,183.0,125.0,0.0,0.0,0.0,0.0,0.0,0.0,0.0
1152,"2018","Karnataka","29","Bengaluru Urban","525","Bengaluru District","12",4.0,8.0,53.0,99.0,53.0,35.0,13.0,12.0,44.0,316.0,118.0,28.0,17.0,0.0,0.0,0.0,0.0,0.0,0.0,0.0
1153,"2018","Karnataka","29","Belagavi","527","Belagavi District","2",0.0,18.0,46.0,43.0,23.0,15.0,1.0,0.0,19.0,163.0,37.0,5.0,1.0,0.0,0.0,0.0,0.0,0.0,0.0,0.0
1154,"2018","Karnataka","29","Ballari","528","Ballari","4",12.0,3.0,41.0,45.0,2.0,7.0,2.0,5.0,5.0,119.0,17.0,9.0,1.0,0.0,0.0,0.0,0.0,0.0,0.0,0.0
1155,"2018","Karnataka","29","Bidar","529","Bidar","0",0.0,1.0,8.0,12.0,7.0,2.0,0.0,0.0,0.0,62.0,12.0,2.0,2.0,0.0,0.0,0.0,0.0,0.0,0.0,0.0
1156,"2018","Karnataka","29","Vijayapura","530","Vijayapura","0",3.0,12.0,37.0,19.0,10.0,8.0,1.0,8.0,0.0,94.0,8.0,3.0,5.0,0.0,0.0,0.0,0.0,0.0,0.0,0.0
1157,"2018","Karnataka","29","Chikkaballapura","630","Chikkaballapura","8",7.0,3.0,15.0,36.0,22.0,12.0,4.0,4.0,3.0,187.0,47.0,2.0,4.0,0.0,0.0,0.0,0.0,0.0,0.0,0.0
1158,"2018","Karnataka","29","Chamarajanagara","531","Chamarajnagar","1",3.0,1.0,12.0,11.0,12.0,10.0,3.0,2.0,2.0,66.0,22.0,4.0,2.0,0.0,0.0,0.0,0.0,0.0,0.0,0.0
1159,"2018","Karnataka","29","Chikkamagaluru","532","Chikkamagaluru","4",3.0,4.0,26.0,18.0,14.0,10.0,0.0,4.0,0.0,102.0,12.0,3.0,6.0,0.0,0.0,0.0,2.0,0.0,0.0,0.0
1160,"2018","Karnataka","29","Chitradurga","533","Chitradurga","0",0.0,1.0,29.0,31.0,20.0,9.0,1.0,0.0,0.0,121.0,47.0,8.0,10.0,0.0,0.0,0.0,0.0,0.0,0.0,0.0
1161,"2018","Karnataka","29","Dakshina Kannada","534","Dakshina Kannada","3",1.0,2.0,12.0,27.0,19.0,9.0,1.0,3.0,1.0,53.0,17.0,4.0,5.0,0.0,0.0,0.0,0.0,0.0,0.0,0.0
1162,"2018","Karnataka","29","Davangere","535","Davanagere","0",2.0,12.0,59.0,54.0,2.0,1.0,0.0,2.0,5.0,208.0,82.0,0.0,0.0,0.0,0.0,0.0,0.0,0.0,0.0,0.0
1163,"2018","Karnataka","29","Dharwad","536","Dharwad","0",0.0,0.0,7.0,18.0,8.0,2.0,0.0,0.0,0.0,46.0,7.0,1.0,2.0,0.0,0.0,0.0,0.0,0.0,0.0,0.0
1164,"2018","Karnataka","29","Gadag","537","Gadag","0",0.0,1.0,14.0,4.0,4.0,5.0,0.0,0.0,0.0,43.0,15.0,2.0,2.0,0.0,0.0,0.0,0.0,0.0,0.0,0.0
1165,"2018","Karnataka","29","Kalaburagi","538","Kalaburgi","0",0.0,0.0,23.0,16.0,6.0,7.0,0.0,0.0,0.0,77.0,9.0,0.0,2.0,0.0,0.0,0.0,0.0,0.0,0.0,0.0
1166,"2018","Karnataka","29","Hassan","539","Hassan","5",10.0,1.0,24.0,52.0,40.0,19.0,9.0,7.0,1.0,200.0,61.0,15.0,6.0,0.0,0.0,0.0,0.0,0.0,0.0,0.0
1167,"2018","Karnataka","29","Haveri","540","Haveri","0",0.0,10.0,9.0,24.0,12.0,8.0,0.0,0.0,9.0,90.0,28.0,2.0,1.0,0.0,0.0,0.0,0.0,0.0,0.0,0.0
1168,"2018","Karnataka","29","Dharwad","536","Hubballi Dharwad City","4",2.0,1.0,11.0,25.0,12.0,10.0,1.0,2.0,1.0,72.0,8.0,5.0,1.0,0.0,0.0,0.0,0.0,0.0,0.0,0.0
1169,"2018","Karnataka","29","Belagavi","527","K.G.F.","2",1.0,0.0,8.0,7.0,4.0,1.0,1.0,1.0,0.0,57.0,8.0,0.0,0.0,0.0,0.0,0.0,0.0,0.0,0.0,0.0
1170,"2018","Karnataka","29","Kodagu","541","Kodagu","0",2.0,9.0,9.0,33.0,25.0,12.0,0.0,2.0,29.0,51.0,24.0,8.0,6.0,0.0,0.0,0.0,0.0,0.0,0.0,0.0
1171,"2018","Karnataka","29","Kolar","542","Kolar","6",4.0,1.0,23.0,12.0,8.0,3.0,7.0,6.0,1.0,136.0,13.0,4.0,1.0,0.0,0.0,0.0,0.0,0.0,0.0,0.0
1172,"2018","Karnataka","29","Koppal","543","Koppal","0",0.0,0.0,11.0,16.0,5.0,3.0,0.0,0.0,0.0,56.0,7.0,2.0,2.0,0.0,0.0,0.0,0.0,0.0,0.0,0.0
1173,"2018","Karnataka","29","Mandya","544","Mandya","12",7.0,0.0,30.0,61.0,39.0,37.0,17.0,14.0,0.0,275.0,84.0,22.0,15.0,0.0,0.0,0.0,0.0,0.0,0.0,0.0
1174,"2018","Karnataka","29","Dakshina Kannada","534","Mangaluru City","2",0.0,0.0,56.0,46.0,9.0,9.0,0.0,2.0,1.0,69.0,17.0,1.0,3.0,0.0,0.0,0.0,0.0,0.0,0.0,0.0
1175,"2018","Karnataka","29","Mysuru","545","Mysuru City","7",9.0,39.0,74.0,61.0,29.0,28.0,8.0,7.0,59.0,198.0,36.0,11.0,17.0,0.0,0.0,0.0,0.0,0.0,0.0,0.0
1176,"2018","Karnataka","29","Mysuru","545","Mysuru District","0",0.0,25.0,114.0,53.0,3.0,0.0,0.0,0.0,21.0,300.0,22.0,0.0,0.0,0.0,0.0,0.0,0.0,0.0,0.0,0.0
1177,"2018","Karnataka","29","Raichur","546","Raichur","2",3.0,0.0,24.0,14.0,7.0,4.0,0.0,0.0,1.0,69.0,7.0,2.0,3.0,0.0,0.0,0.0,0.0,0.0,0.0,0.0
1178,"2018","Karnataka","29","Bengaluru Urban","525","K.Railways","3",1.0,1.0,1.0,3.0,1.0,4.0,0.0,0.0,0.0,9.0,1.0,0.0,1.0,0.0,0.0,0.0,0.0,0.0,0.0,0.0
1179,"2018","Karnataka","29","Ramanagara","631","Ramanagara","9",14.0,9.0,65.0,80.0,30.0,9.0,6.0,4.0,17.0,125.0,96.0,115.0,23.0,0.0,0.0,0.0,0.0,0.0,0.0,0.0
1180,"2018","Karnataka","29","Shivamogga","547","Shimoga","0",0.0,34.0,88.0,56.0,41.0,22.0,0.0,0.0,34.0,355.0,37.0,13.0,6.0,0.0,0.0,0.0,0.0,0.0,0.0,0.0
1181,"2018","Karnataka","29","Tumakuru","548","Tumakuru","6",5.0,0.0,43.0,45.0,26.0,24.0,17.0,8.0,0.0,276.0,21.0,9.0,4.0,0.0,0.0,0.0,0.0,0.0,0.0,0.0
1182,"2018","Karnataka","29","Udupi","549","Udupi","0",2.0,4.0,20.0,33.0,18.0,14.0,1.0,0.0,6.0,44.0,16.0,3.0,3.0,0.0,0.0,0.0,0.0,0.0,0.0,0.0
1183,"2018","Karnataka","29","Uttara Kannada","550","Uttara Kannada","5",0.0,0.0,17.0,36.0,28.0,6.0,5.0,2.0,1.0,86.0,36.0,6.0,1.0,0.0,0.0,0.0,0.0,0.0,0.0,0.0
1184,"2018","Karnataka","29","Yadgir","635","Yadgiri","0",0.0,5.0,7.0,7.0,4.0,0.0,0.0,1.0,1.0,27.0,3.0,0.0,2.0,0.0,0.0,0.0,0.0,0.0,0.0,0.0
1185,"2018","Karnataka","29","Belagavi","527","Belagavi City","0",0.0,4.0,19.0,25.0,11.0,12.0,0.0,0.0,10.0,55.0,7.0,1.0,0.0,0.0,0.0,0.0,0.0,0.0,0.0,0.0
1186,"2018","Kerala","32","Alappuzha","554","Alapuzha","8",5.0,21.0,88.0,60.0,49.0,17.0,6.0,4.0,41.0,415.0,63.0,19.0,17.0,0.0,0.0,0.0,0.0,0.0,0.0,0.0
1187,"2018","Kerala","32","Ernakulam","555","Ernakulam Commr.","6",6.0,23.0,62.0,55.0,35.0,21.0,7.0,9.0,38.0,262.0,45.0,68.0,14.0,0.0,0.0,0.0,0.0,0.0,0.0,0.0
1188,"2018","Kerala","32","Ernakulam","555","Ernakulam Rural","5",15.0,39.0,84.0,54.0,31.0,14.0,1.0,9.0,45.0,355.0,64.0,25.0,6.0,0.0,0.0,0.0,0.0,0.0,0.0,0.0
1189,"2018","Kerala","32","Idukki","556","Idukki","6",15.0,10.0,62.0,46.0,24.0,14.0,1.0,8.0,29.0,162.0,37.0,11.0,1.0,0.0,0.0,0.0,0.0,0.0,0.0,0.0
1190,"2018","Kerala","32","Kannur","557","Kannur","4",6.0,20.0,45.0,46.0,23.0,19.0,5.0,4.0,27.0,193.0,46.0,5.0,2.0,0.0,0.0,0.0,0.0,0.0,0.0,0.0
1191,"2018","Kerala","32","Kasaragod","558","Kasargod","0",15.0,13.0,23.0,33.0,19.0,11.0,0.0,7.0,30.0,99.0,31.0,1.0,2.0,0.0,0.0,0.0,0.0,0.0,0.0,0.0
1192,"2018","Kerala","32","Kollam","559","Kollam Commr.","12",12.0,48.0,27.0,32.0,57.0,25.0,9.0,18.0,41.0,363.0,103.0,21.0,5.0,0.0,0.0,0.0,0.0,0.0,0.0,0.0
1193,"2018","Kerala","32","Kollam","559","Kollam Rural","18",19.0,33.0,27.0,60.0,54.0,31.0,18.0,11.0,21.0,320.0,90.0,21.0,31.0,0.0,0.0,0.0,0.0,0.0,0.0,0.0
1194,"2018","Kerala","32","Kottayam","560","Kottayam","0",1.0,18.0,55.0,52.0,31.0,11.0,2.0,5.0,45.0,290.0,122.0,20.0,9.0,0.0,0.0,0.0,0.0,0.0,0.0,0.0
1195,"2018","Kerala","32","Kozhikode","561","Kozhikode Commr.","0",8.0,36.0,47.0,29.0,27.0,14.0,0.0,15.0,36.0,95.0,13.0,4.0,2.0,0.0,0.0,14.0,30.0,1.0,1.0,0.0
1196,"2018","Kerala","32","Kozhikode","561","Kozhikode Rural","2",12.0,37.0,61.0,42.0,30.0,13.0,5.0,4.0,33.0,275.0,35.0,8.0,2.0,0.0,0.0,0.0,0.0,0.0,0.0,0.0
1197,"2018","Kerala","32","Malappuram","562","Malappuram","9",25.0,53.0,84.0,59.0,25.0,14.0,5.0,11.0,55.0,273.0,28.0,0.0,1.0,0.0,0.0,0.0,0.0,0.0,0.0,0.0
1198,"2018","Kerala","32","Palakkad","563","Palakkad","17",21.0,30.0,28.0,81.0,67.0,35.0,21.0,21.0,44.0,299.0,132.0,18.0,10.0,0.0,0.0,0.0,0.0,0.0,0.0,0.0
1199,"2018","Kerala","32","Pathanamthitta","564","Pathanamthitta","3",19.0,12.0,23.0,20.0,18.0,37.0,6.0,8.0,22.0,212.0,45.0,14.0,3.0,0.0,0.0,0.0,0.0,0.0,0.0,0.0
1200,"2018","Kerala","32","Thiruvananthapuram","565","Railways","0",0.0,0.0,7.0,7.0,2.0,5.0,0.0,0.0,0.0,4.0,0.0,0.0,0.0,0.0,0.0,0.0,0.0,0.0,0.0,0.0
1201,"2018","Kerala","32","Thrissur","566","Thrissur Commr.","11",11.0,41.0,58.0,61.0,53.0,33.0,10.0,19.0,51.0,348.0,53.0,18.0,10.0,0.0,0.0,0.0,0.0,0.0,0.0,0.0
1202,"2018","Kerala","32","Thrissur","566","Thrissur Rural","7",10.0,30.0,42.0,43.0,45.0,21.0,3.0,16.0,47.0,275.0,52.0,12.0,8.0,0.0,0.0,0.0,0.0,0.0,0.0,0.0
1203,"2018","Kerala","32","Thiruvananthapuram","565","Trivandrum Commr.","3",12.0,22.0,45.0,36.0,26.0,22.0,8.0,11.0,48.0,264.0,25.0,8.0,9.0,0.0,0.0,0.0,0.0,0.0,0.0,0.0
1204,"2018","Kerala","32","Thiruvananthapuram","565","Trivandrum Rural","20",27.0,45.0,70.0,68.0,81.0,58.0,15.0,18.0,65.0,557.0,165.0,40.0,28.0,0.0,0.0,0.0,0.0,0.0,0.0,0.0
1205,"2018","Kerala","32","Wayanad","567","Wayanadu","3",1.0,5.0,14.0,15.0,10.0,10.0,5.0,8.0,16.0,57.0,24.0,5.0,0.0,0.0,0.0,0.0,0.0,0.0,0.0,0.0
1206,"2018","Kerala","32","Thiruvananthapuram","565","Crime Branch","0",0.0,0.0,0.0,1.0,1.0,1.0,0.0,0.0,0.0,1.0,1.0,1.0,0.0,0.0,0.0,0.0,0.0,0.0,0.0,0.0
1207,"2018","Madhya Pradesh","23","Agar Malwa","667","Agar","0",4.0,3.0,16.0,14.0,8.0,2.0,0.0,3.0,25.0,75.0,26.0,1.0,0.0,0.0,0.0,0.0,0.0,0.0,0.0,0.0
1208,"2018","Madhya Pradesh","23","Alirajpur","639","Alirajpur","2",2.0,3.0,10.0,10.0,6.0,0.0,0.0,10.0,65.0,192.0,58.0,8.0,0.0,0.0,0.0,0.0,0.0,0.0,0.0,0.0
1209,"2018","Madhya Pradesh","23","Anuppur","390","Anuppur","1",8.0,12.0,38.0,10.0,13.0,6.0,2.0,14.0,102.0,211.0,48.0,5.0,3.0,0.0,0.0,0.0,0.0,0.0,0.0,0.0
1210,"2018","Madhya Pradesh","23","Ashoknagar","391","Ashok Nagar","0",7.0,17.0,38.0,19.0,11.0,11.0,0.0,12.0,91.0,119.0,25.0,6.0,3.0,0.0,0.0,0.0,0.0,0.0,0.0,0.0
1211,"2018","Madhya Pradesh","23","Balaghat","392","Balaghat","0",13.0,17.0,99.0,64.0,29.0,23.0,0.0,5.0,118.0,498.0,73.0,15.0,7.0,0.0,0.0,0.0,0.0,0.0,0.0,0.0
1212,"2018","Madhya Pradesh","23","Barwani","393","Barwani","0",8.0,4.0,35.0,29.0,19.0,4.0,1.0,10.0,45.0,196.0,63.0,12.0,2.0,0.0,0.0,0.0,0.0,0.0,0.0,0.0
1213,"2018","Madhya Pradesh","23","Betul","394","Betul","6",29.0,25.0,96.0,108.0,49.0,24.0,7.0,34.0,182.0,461.0,166.0,22.0,7.0,0.0,0.0,0.0,0.0,0.0,0.0,0.0
1214,"2018","Madhya Pradesh","23","Bhind","395","Bhind","1",23.0,28.0,55.0,16.0,12.0,3.0,1.0,11.0,69.0,151.0,29.0,1.0,2.0,0.0,0.0,0.0,0.0,0.0,0.0,0.0
1215,"2018","Madhya Pradesh","23","Bhopal","396","Bhopal","4",108.0,92.0,273.0,287.0,149.0,43.0,1.0,72.0,210.0,661.0,329.0,58.0,22.0,0.0,0.0,0.0,0.0,0.0,0.0,0.0
1216,"2018","Madhya Pradesh","23","Bhopal","396","Bhopal Railway","2",4.0,2.0,25.0,12.0,12.0,12.0,0.0,2.0,12.0,37.0,12.0,0.0,2.0,0.0,0.0,0.0,0.0,0.0,0.0,0.0
1217,"2018","Madhya Pradesh","23","Burhanpur","397","Burhanpur","1",3.0,7.0,35.0,27.0,13.0,9.0,2.0,5.0,36.0,100.0,18.0,4.0,1.0,0.0,0.0,0.0,0.0,0.0,0.0,0.0
1218,"2018","Madhya Pradesh","23","Chhatarpur","398","Chhatarpur","1",32.0,31.0,84.0,45.0,28.0,6.0,0.0,42.0,142.0,247.0,92.0,21.0,2.0,0.0,0.0,0.0,0.0,0.0,0.0,0.0
1219,"2018","Madhya Pradesh","23","Chhindwara","399","Chhindwara","0",2.0,6.0,10.0,9.0,4.0,1.0,0.0,0.0,21.0,47.0,24.0,2.0,0.0,0.0,0.0,0.0,0.0,0.0,0.0,0.0
1220,"2018","Madhya Pradesh","23","Damoh","400","Damoh","0",18.0,17.0,54.0,53.0,28.0,15.0,1.0,18.0,93.0,206.0,119.0,13.0,2.0,0.0,0.0,0.0,0.0,0.0,0.0,0.0
1221,"2018","Madhya Pradesh","23","Datia","401","Datia","0",5.0,9.0,39.0,19.0,9.0,2.0,0.0,5.0,40.0,115.0,24.0,3.0,2.0,0.0,0.0,0.0,0.0,0.0,3.0,0.0
1222,"2018","Madhya Pradesh","23","Dewas","402","Dewas","0",5.0,27.0,1.0,0.0,0.0,0.0,0.0,76.0,22.0,0.0,0.0,0.0,0.0,0.0,0.0,0.0,0.0,0.0,0.0,0.0
1223,"2018","Madhya Pradesh","23","Dhar","403","Dhar","1",22.0,17.0,126.0,66.0,32.0,10.0,1.0,27.0,291.0,702.0,128.0,18.0,9.0,0.0,0.0,0.0,0.0,0.0,0.0,0.0
1224,"2018","Madhya Pradesh","23","Dindori","404","Dindori","0",5.0,8.0,12.0,25.0,12.0,3.0,1.0,12.0,57.0,114.0,47.0,5.0,0.0,0.0,0.0,0.0,0.0,0.0,0.0,0.0
1225,"2018","Madhya Pradesh","23","Guna","406","Guna","0",11.0,18.0,48.0,45.0,30.0,6.0,0.0,13.0,106.0,224.0,81.0,10.0,5.0,0.0,0.0,0.0,0.0,0.0,0.0,0.0
1226,"2018","Madhya Pradesh","23","Gwalior","407","Gwalior","4",72.0,77.0,334.0,194.0,66.0,31.0,0.0,43.0,173.0,582.0,157.0,21.0,16.0,0.0,0.0,0.0,0.0,0.0,0.0,0.0
1227,"2018","Madhya Pradesh","23","Harda","408","Harda","5",15.0,24.0,79.0,45.0,11.0,11.0,6.0,17.0,116.0,288.0,77.0,12.0,5.0,0.0,0.0,0.0,0.0,0.0,0.0,0.0
1228,"2018","Madhya Pradesh","23","Narmadapuram","409","Hoshangabad","0",28.0,24.0,131.0,78.0,39.0,27.0,0.0,19.0,145.0,450.0,78.0,9.0,8.0,0.0,0.0,0.0,0.0,0.0,0.0,0.0
1229,"2018","Madhya Pradesh","23","Indore","410","Indore","3",105.0,122.0,619.0,206.0,114.0,77.0,4.0,103.0,486.0,1497.0,276.0,43.0,49.0,0.0,0.0,0.0,0.0,0.0,0.0,0.0
1230,"2018","Madhya Pradesh","23","Indore","410","Indore Railway","0",0.0,1.0,6.0,1.0,1.0,0.0,0.0,0.0,1.0,10.0,6.0,1.0,1.0,0.0,0.0,0.0,0.0,0.0,0.0,0.0
1231,"2018","Madhya Pradesh","23","Jabalpur","411","Jabalpur","2",69.0,79.0,282.0,317.0,175.0,59.0,0.0,61.0,306.0,851.0,361.0,71.0,30.0,0.0,0.0,0.0,0.0,0.0,0.0,0.0
1232,"2018","Madhya Pradesh","23","Jabalpur","411","Jabalpur Railway","0",0.0,2.0,14.0,10.0,2.0,5.0,0.0,1.0,5.0,33.0,10.0,3.0,5.0,0.0,0.0,0.0,0.0,0.0,0.0,0.0
1233,"2018","Madhya Pradesh","23","Jhabua","412","Jhabua","2",9.0,7.0,43.0,13.0,6.0,2.0,0.0,41.0,157.0,345.0,59.0,2.0,1.0,0.0,0.0,0.0,0.0,0.0,0.0,0.0
1234,"2018","Madhya Pradesh","23","Katni","413","Katni","2",14.0,44.0,79.0,64.0,31.0,18.0,2.0,16.0,150.0,319.0,140.0,20.0,5.0,0.0,0.0,0.0,0.0,0.0,0.0,0.0
1235,"2018","Madhya Pradesh","23","Indore","410","Khandwa","0",5.0,13.0,70.0,36.0,23.0,18.0,1.0,13.0,136.0,397.0,85.0,12.0,2.0,0.0,0.0,0.0,0.0,0.0,0.0,0.0
1236,"2018","Madhya Pradesh","23","Khargone","414","Khargone","30",30.0,15.0,85.0,54.0,26.0,10.0,16.0,32.0,198.0,496.0,112.0,12.0,1.0,0.0,0.0,0.0,0.0,0.0,0.0,0.0
1237,"2018","Madhya Pradesh","23","Mandla","415","Mandla","1",11.0,8.0,33.0,33.0,17.0,4.0,9.0,13.0,88.0,158.0,75.0,21.0,4.0,0.0,0.0,0.0,0.0,0.0,0.0,0.0
1238,"2018","Madhya Pradesh","23","Mandsaur","416","Mandsaur","0",8.0,20.0,135.0,40.0,24.0,0.0,2.0,12.0,96.0,286.0,126.0,29.0,1.0,0.0,0.0,0.0,0.0,0.0,0.0,0.0
1239,"2018","Madhya Pradesh","23","Morena","417","Morena","1",23.0,35.0,48.0,51.0,28.0,7.0,0.0,8.0,67.0,127.0,77.0,13.0,7.0,0.0,0.0,0.0,0.0,0.0,0.0,0.0
1240,"2018","Madhya Pradesh","23","Narsinghpur","418","Narsinghpur","0",3.0,23.0,131.0,69.0,21.0,17.0,0.0,8.0,102.0,346.0,74.0,9.0,5.0,0.0,0.0,0.0,0.0,0.0,0.0,0.0
1241,"2018","Madhya Pradesh","23","Neemuch","419","Neemuch","0",1.0,1.0,55.0,28.0,9.0,2.0,0.0,4.0,31.0,224.0,28.0,5.0,1.0,0.0,0.0,0.0,0.0,0.0,0.0,0.0
1242,"2018","Madhya Pradesh","23","Panna","420","Panna","0",2.0,15.0,38.0,19.0,4.0,0.0,0.0,10.0,79.0,119.0,61.0,3.0,0.0,0.0,0.0,0.0,0.0,0.0,0.0,0.0
1243,"2018","Madhya Pradesh","23","Raisen","421","Raisen","23",0.0,28.0,52.0,75.0,65.0,25.0,15.0,91.0,93.0,160.0,130.0,91.0,74.0,0.0,0.0,0.0,0.0,0.0,0.0,0.0
1244,"2018","Madhya Pradesh","23","Rajgarh","422","Rajgarh","1",8.0,9.0,50.0,38.0,16.0,10.0,0.0,4.0,95.0,228.0,60.0,5.0,3.0,0.0,0.0,0.0,0.0,0.0,0.0,0.0
1245,"2018","Madhya Pradesh","23","Ratlam","423","Ratlam","0",7.0,16.0,116.0,99.0,39.0,2.0,0.0,15.0,196.0,407.0,196.0,86.0,3.0,0.0,0.0,0.0,0.0,0.0,0.0,0.0
1246,"2018","Madhya Pradesh","23","Rewa","424","Rewa","0",0.0,12.0,45.0,43.0,1.0,0.0,0.0,35.0,105.0,100.0,16.0,16.0,0.0,0.0,0.0,0.0,0.0,0.0,0.0,0.0
1247,"2018","Madhya Pradesh","23","Sagar","425","Sagar","1",24.0,73.0,231.0,105.0,38.0,33.0,2.0,21.0,274.0,653.0,116.0,19.0,8.0,0.0,0.0,0.0,0.0,0.0,0.0,0.0
1248,"2018","Madhya Pradesh","23","Satna","426","Satna","6",67.0,89.0,203.0,194.0,104.0,60.0,3.0,62.0,337.0,907.0,438.0,63.0,28.0,0.0,0.0,0.0,0.0,0.0,0.0,0.0
1249,"2018","Madhya Pradesh","23","Seoni","428","Seoni","0",5.0,17.0,91.0,42.0,16.0,7.0,2.0,31.0,116.0,388.0,49.0,9.0,6.0,0.0,0.0,0.0,0.0,0.0,0.0,0.0
1250,"2018","Madhya Pradesh","23","Shahdol","429","Shahdol","0",38.0,28.0,85.0,44.0,17.0,4.0,0.0,20.0,137.0,308.0,62.0,7.0,2.0,0.0,0.0,0.0,0.0,0.0,0.0,0.0
1251,"2018","Madhya Pradesh","23","Shajapur","430","Shajapur","0",4.0,9.0,45.0,20.0,13.0,7.0,0.0,4.0,59.0,183.0,36.0,11.0,4.0,0.0,0.0,0.0,0.0,0.0,0.0,0.0
1252,"2018","Madhya Pradesh","23","Sheopur","431","Sheopur","0",7.0,11.0,13.0,15.0,2.0,0.0,1.0,0.0,18.0,55.0,15.0,2.0,0.0,0.0,0.0,0.0,0.0,0.0,0.0,0.0
1253,"2018","Madhya Pradesh","23","Shivpuri","432","Shivpuri","1",21.0,23.0,43.0,48.0,25.0,13.0,0.0,10.0,98.0,166.0,115.0,17.0,3.0,0.0,0.0,0.0,0.0,0.0,0.0,0.0
1254,"2018","Madhya Pradesh","23","Sidhi","433","Sidhi","2",29.0,22.0,39.0,11.0,3.0,4.0,0.0,23.0,97.0,209.0,36.0,11.0,6.0,0.0,0.0,0.0,0.0,0.0,0.0,0.0
1255,"2018","Madhya Pradesh","23","Sehore","427","Sehore","2",17.0,26.0,71.0,67.0,35.0,16.0,5.0,16.0,100.0,260.0,101.0,10.0,0.0,0.0,0.0,0.0,0.0,0.0,0.0,0.0
1256,"2018","Madhya Pradesh","23","Singrauli","638","Singrauli","0",5.0,20.0,30.0,23.0,20.0,7.0,0.0,8.0,58.0,99.0,56.0,11.0,3.0,0.0,0.0,0.0,0.0,0.0,0.0,0.0
1257,"2018","Madhya Pradesh","23","Tikamgarh","434","Tikamgarh","1",25.0,13.0,38.0,25.0,8.0,3.0,0.0,26.0,137.0,139.0,52.0,4.0,2.0,0.0,0.0,0.0,0.0,0.0,0.0,0.0
1258,"2018","Madhya Pradesh","23","Ujjain","435","Ujjain","2",35.0,29.0,178.0,104.0,48.0,25.0,4.0,39.0,126.0,544.0,112.0,17.0,5.0,0.0,0.0,0.0,0.0,0.0,0.0,0.0
1259,"2018","Madhya Pradesh","23","Umaria","436","Umaria","0",12.0,7.0,27.0,30.0,6.0,0.0,0.0,12.0,51.0,76.0,57.0,19.0,0.0,0.0,0.0,0.0,0.0,0.0,0.0,0.0
1260,"2018","Madhya Pradesh","23","Vidisha","437","Vidisha","1",5.0,57.0,73.0,72.0,46.0,13.0,1.0,7.0,128.0,236.0,110.0,17.0,2.0,0.0,0.0,0.0,0.0,0.0,0.0,0.0
1261,"2018","Madhya Pradesh","23","Cyber Crime Cell","9999","Cyber Crime Cell","0",0.0,0.0,0.0,0.0,0.0,0.0,0.0,0.0,0.0,0.0,0.0,0.0,0.0,0.0,0.0,0.0,0.0,0.0,0.0,0.0
1262,"2018","Maharashtra","27","Cyber Crime Cell","466","Ahmednagar","43",20.0,3.0,259.0,270.0,152.0,59.0,35.0,17.0,2.0,754.0,350.0,60.0,29.0,0.0,0.0,0.0,0.0,0.0,0.0,0.0
1263,"2018","Maharashtra","27","Cyber Crime Cell","467","Akola","8",8.0,0.0,59.0,116.0,81.0,33.0,12.0,8.0,1.0,262.0,90.0,23.0,7.0,0.0,0.0,0.0,0.0,0.0,0.0,0.0
1264,"2018","Maharashtra","27","Cyber Border Range","468","Amravati Commr.","0",0.0,0.0,130.0,97.0,52.0,36.0,0.0,0.0,0.0,246.0,66.0,14.0,8.0,0.0,0.0,0.0,0.0,0.0,0.0,0.0
1265,"2018","Maharashtra","27","Cyber Crime Cell","468","Amravati Rural","1",1.0,0.0,59.0,108.0,83.0,31.0,2.0,2.0,0.0,361.0,135.0,28.0,12.0,0.0,0.0,0.0,0.0,0.0,0.0,0.0
1266,"2018","Maharashtra","27","Aurangabad","469","Aurangabad Commr.","0",0.0,0.0,210.0,233.0,108.0,36.0,0.0,1.0,0.0,364.0,193.0,34.0,16.0,0.0,0.0,0.0,0.0,0.0,0.0,0.0
1267,"2018","Maharashtra","27","Aurangabad","469","Aurangabad Rural","0",0.0,3.0,39.0,55.0,37.0,10.0,0.0,0.0,0.0,94.0,48.0,10.0,3.0,0.0,0.0,0.0,0.0,0.0,0.0,0.0
1268,"2018","Maharashtra","27","Beed","470","Beed","2",0.0,0.0,42.0,38.0,25.0,13.0,1.0,2.0,0.0,97.0,75.0,12.0,3.0,0.0,0.0,0.0,0.0,0.0,0.0,0.0
1269,"2018","Maharashtra","27","Bhandara","471","Bhandara","0",0.0,0.0,99.0,69.0,34.0,18.0,0.0,0.0,0.0,405.0,62.0,11.0,8.0,0.0,0.0,0.0,0.0,0.0,0.0,0.0
1270,"2018","Maharashtra","27","Buldhana","472","Buldhana","12",10.0,14.0,131.0,103.0,38.0,11.0,10.0,7.0,55.0,230.0,61.0,14.0,11.0,0.0,0.0,0.0,0.0,0.0,0.0,0.0
1271,"2018","Maharashtra","27","Chandrapur","473","Chandrapur","0",0.0,0.0,261.0,180.0,58.0,14.0,0.0,0.0,0.0,419.0,282.0,73.0,19.0,0.0,0.0,0.0,0.0,0.0,0.0,0.0
1272,"2018","Maharashtra","27","Dhule","474","Dhule","3",1.0,0.0,78.0,112.0,62.0,24.0,0.0,0.0,0.0,256.0,101.0,17.0,8.0,0.0,0.0,0.0,0.0,0.0,0.0,0.0
1273,"2018","Maharashtra","27","Gadchiroli","475","Gadchiroli","1",0.0,0.0,37.0,30.0,20.0,8.0,1.0,1.0,0.0,158.0,41.0,7.0,2.0,0.0,0.0,0.0,0.0,0.0,0.0,0.0
1274,"2018","Maharashtra","27","Gondia","476","Gondia","0",0.0,0.0,55.0,79.0,52.0,6.0,0.0,0.0,0.0,281.0,88.0,18.0,4.0,0.0,0.0,0.0,0.0,0.0,0.0,0.0
1275,"2018","Maharashtra","27","Hingoli","477","Hingoli","0",0.0,0.0,34.0,32.0,9.0,7.0,0.0,0.0,1.0,65.0,34.0,3.0,1.0,0.0,0.0,0.0,0.0,0.0,0.0,0.0
1276,"2018","Maharashtra","27","Jalgaon","478","Jalgaon","57",12.0,16.0,223.0,186.0,94.0,17.0,37.0,10.0,8.0,331.0,247.0,169.0,29.0,0.0,0.0,0.0,0.0,0.0,0.0,0.0
1277,"2018","Maharashtra","27","Jalna","479","Jalna","0",0.0,0.0,40.0,31.0,12.0,4.0,0.0,0.0,0.0,73.0,51.0,11.0,2.0,0.0,0.0,0.0,0.0,0.0,0.0,0.0
1278,"2018","Maharashtra","27","Kolhapur","480","Kolhapur","33",32.0,9.0,263.0,193.0,99.0,67.0,28.0,19.0,90.0,822.0,110.0,16.0,28.0,0.0,0.0,0.0,0.0,0.0,0.0,0.0
1279,"2018","Maharashtra","27","Latur","481","Latur","0",0.0,0.0,105.0,63.0,22.0,14.0,0.0,0.0,29.0,290.0,52.0,17.0,8.0,0.0,0.0,0.0,0.0,0.0,0.0,0.0
1280,"2018","Maharashtra","27","Mumbai","482","Mumbai Commr.","4",0.0,0.0,1460.0,1859.0,1010.0,450.0,1.0,0.0,0.0,2911.0,1620.0,405.0,264.0,0.0,0.0,0.0,0.0,0.0,0.0,0.0
1281,"2018","Maharashtra","27","Mumbai","482","Mumbai Railway","2",1.0,0.0,28.0,50.0,33.0,16.0,0.0,1.0,2.0,55.0,25.0,1.0,4.0,0.0,0.0,0.0,0.0,0.0,0.0,0.0
1282,"2018","Maharashtra","27","Nagpur","484","Nagpur Commr.","0",0.0,0.0,406.0,542.0,352.0,153.0,0.0,0.0,0.0,846.0,522.0,180.0,97.0,0.0,0.0,0.0,0.0,0.0,0.0,0.0
1283,"2018","Maharashtra","27","Nagpur","484","Nagpur Railway","0",0.0,0.0,11.0,11.0,2.0,2.0,0.0,0.0,0.0,12.0,0.0,2.0,0.0,0.0,0.0,0.0,0.0,0.0,0.0,0.0
1284,"2018","Maharashtra","27","Nagpur","484","Nagpur Rural","0",0.0,2.0,107.0,161.0,97.0,33.0,0.0,0.0,0.0,399.0,161.0,41.0,12.0,0.0,0.0,0.0,0.0,0.0,0.0,0.0
1285,"2018","Maharashtra","27","Nanded","485","Nanded","0",0.0,0.0,105.0,114.0,51.0,27.0,0.0,0.0,0.0,226.0,89.0,15.0,15.0,0.0,0.0,0.0,0.0,0.0,0.0,0.0
1286,"2018","Maharashtra","27","Nandurbar","486","Nandurbar","9",5.0,4.0,58.0,23.0,13.0,11.0,0.0,1.0,0.0,110.0,49.0,8.0,3.0,0.0,0.0,0.0,0.0,0.0,0.0,0.0
1287,"2018","Maharashtra","27","Nashik","487","Nasik Commr.","0",1.0,0.0,229.0,273.0,126.0,58.0,0.0,1.0,0.0,556.0,235.0,48.0,22.0,0.0,0.0,0.0,0.0,0.0,0.0,0.0
1288,"2018","Maharashtra","27","Nashik","487","Nasik Rural","2",12.0,25.0,180.0,245.0,80.0,70.0,3.0,3.0,241.0,201.0,372.0,116.0,75.0,0.0,0.0,0.0,0.0,0.0,0.0,0.0
1289,"2018","Maharashtra","27","Mumbai Suburban","483","Navi Mumbai","30",17.0,1.0,208.0,361.0,168.0,85.0,18.0,16.0,4.0,588.0,334.0,54.0,39.0,0.0,0.0,0.0,0.0,0.0,0.0,0.0
1290,"2018","Maharashtra","27","Osmanabad","488","Osmanabad","4",5.0,0.0,53.0,75.0,42.0,15.0,2.0,2.0,2.0,160.0,78.0,15.0,7.0,0.0,0.0,0.0,0.0,0.0,0.0,0.0
1291,"2018","Maharashtra","27","Palghar","665","Palghar","63",35.0,2.0,262.0,300.0,159.0,70.0,71.0,35.0,2.0,664.0,389.0,73.0,22.0,0.0,0.0,0.0,0.0,0.0,0.0,0.0
1292,"2018","Maharashtra","27","Parbhani","489","Parbhani","0",1.0,3.0,58.0,73.0,39.0,21.0,0.0,2.0,3.0,137.0,61.0,10.0,4.0,0.0,0.0,0.0,0.0,0.0,0.0,0.0
1293,"2018","Maharashtra","27","Pune","490","Pune Commr.","5",5.0,1.0,622.0,833.0,452.0,177.0,2.0,2.0,3.0,1457.0,802.0,163.0,75.0,0.0,0.0,0.0,0.0,0.0,0.0,0.0
1294,"2018","Maharashtra","27","Pune","490","Pune Railway","1",1.0,0.0,8.0,9.0,3.0,7.0,1.0,0.0,0.0,15.0,3.0,0.0,4.0,0.0,0.0,0.0,0.0,0.0,0.0,0.0
1295,"2018","Maharashtra","27","Pune","490","Pune Rural","45",24.0,10.0,269.0,422.0,229.0,90.0,21.0,30.0,0.0,901.0,468.0,87.0,39.0,0.0,0.0,0.0,0.0,0.0,0.0,0.0
1296,"2018","Maharashtra","27","Raigad","491","Raigad","7",8.0,4.0,102.0,104.0,46.0,22.0,5.0,9.0,25.0,259.0,44.0,14.0,9.0,0.0,0.0,0.0,0.0,0.0,0.0,0.0
1297,"2018","Maharashtra","27","Ratnagiri","492","Ratnagiri","4",5.0,3.0,35.0,78.0,48.0,28.0,10.0,7.0,7.0,174.0,94.0,26.0,10.0,0.0,0.0,0.0,0.0,0.0,0.0,0.0
1298,"2018","Maharashtra","27","Sangli","493","Sangli","15",19.0,2.0,146.0,202.0,129.0,41.0,8.0,11.0,0.0,489.0,238.0,44.0,13.0,0.0,0.0,0.0,0.0,0.0,0.0,0.0
1299,"2018","Maharashtra","27","Satara","494","Satara","8",10.0,0.0,110.0,176.0,111.0,56.0,5.0,8.0,1.0,613.0,265.0,51.0,30.0,0.0,0.0,0.0,0.0,0.0,0.0,0.0
1300,"2018","Maharashtra","27","Sindhudurg","495","Sindhudurg","6",5.0,1.0,15.0,37.0,25.0,15.0,1.0,2.0,0.0,71.0,29.0,2.0,6.0,0.0,0.0,0.0,0.0,0.0,0.0,0.0
1301,"2018","Maharashtra","27","Solapur","496","Solapur Commr.","11",6.0,2.0,70.0,97.0,55.0,29.0,4.0,8.0,6.0,216.0,95.0,28.0,10.0,0.0,0.0,0.0,0.0,0.0,0.0,0.0
1302,"2018","Maharashtra","27","Solapur","496","Solapur Rural","0",0.0,0.0,142.0,158.0,87.0,44.0,0.0,0.0,0.0,420.0,205.0,33.0,23.0,0.0,0.0,0.0,0.0,0.0,0.0,0.0
1303,"2018","Maharashtra","27","Thane","497","Thane Commr.","0",0.0,0.0,574.0,805.0,430.0,180.0,0.0,0.0,0.0,1452.0,656.0,160.0,84.0,0.0,0.0,0.0,0.0,0.0,0.0,0.0
1304,"2018","Maharashtra","27","Thane","497","Thane Rural","2",2.0,1.0,150.0,218.0,105.0,47.0,3.0,3.0,2.0,401.0,200.0,34.0,20.0,0.0,0.0,0.0,0.0,0.0,0.0,0.0
1305,"2018","Maharashtra","27","Wardha","498","Wardha","0",0.0,2.0,57.0,125.0,96.0,32.0,0.0,0.0,0.0,328.0,165.0,49.0,17.0,0.0,0.0,0.0,0.0,0.0,0.0,0.0
1306,"2018","Maharashtra","27","Washim","499","Washim","0",0.0,0.0,43.0,82.0,32.0,5.0,0.0,0.0,2.0,122.0,67.0,13.0,4.0,0.0,0.0,0.0,0.0,0.0,0.0,0.0
1307,"2018","Maharashtra","27","Yavatmal","500","Yavatmal","1",1.0,0.0,85.0,173.0,101.0,34.0,0.0,2.0,0.0,419.0,212.0,37.0,16.0,0.0,0.0,0.0,0.0,0.0,0.0,0.0
1308,"2018","Maharashtra","27","Pune","490","Pimpri Chinchwad City","0",0.0,0.0,74.0,135.0,49.0,276.0,0.0,0.0,0.0,210.0,101.0,0.0,5.0,0.0,0.0,0.0,0.0,0.0,0.0,0.0
1309,"2018","Maharashtra","27","Aurangabad","469","Aurangabad Railway","0",0.0,0.0,13.0,6.0,3.0,3.0,0.0,0.0,0.0,18.0,3.0,2.0,6.0,0.0,0.0,0.0,0.0,0.0,0.0,0.0
1310,"2018","Manipur","14","Bishnupur","252","Bishnupur","1",6.0,1.0,5.0,0.0,3.0,0.0,1.0,0.0,3.0,4.0,1.0,1.0,1.0,0.0,0.0,0.0,0.0,0.0,0.0,0.0
1311,"2018","Manipur","14","Chandel","253","Chandel","0",2.0,1.0,0.0,0.0,0.0,0.0,0.0,0.0,1.0,0.0,0.0,0.0,0.0,0.0,0.0,0.0,0.0,0.0,0.0,0.0
1312,"2018","Manipur","14","Churachandpur","254","Churachandpur","0",0.0,0.0,0.0,0.0,0.0,0.0,0.0,0.0,0.0,0.0,0.0,0.0,0.0,0.0,0.0,0.0,0.0,0.0,0.0,0.0
1313,"2018","Manipur","14","Imphal West","256","Cid","0",0.0,0.0,0.0,0.0,0.0,0.0,0.0,0.0,0.0,0.0,0.0,0.0,0.0,0.0,0.0,0.0,0.0,0.0,0.0,0.0
1314,"2018","Manipur","14","Imphal East","255","Imphal East","0",9.0,7.0,15.0,11.0,2.0,2.0,1.0,1.0,19.0,28.0,26.0,9.0,1.0,0.0,0.0,0.0,0.0,0.0,0.0,0.0
1315,"2018","Manipur","14","Imphal West","256","Imphal West","0",0.0,7.0,16.0,6.0,2.0,1.0,1.0,1.0,3.0,7.0,4.0,3.0,0.0,0.0,0.0,0.0,0.0,0.0,0.0,0.0
1316,"2018","Manipur","14","Senapati","257","Senapati","0",0.0,0.0,3.0,0.0,2.0,0.0,0.0,0.0,0.0,1.0,0.0,0.0,0.0,0.0,0.0,0.0,0.0,0.0,0.0,0.0
1317,"2018","Manipur","14","Tamenglong","258","Tamenglong","0",0.0,0.0,0.0,0.0,0.0,0.0,0.0,0.0,0.0,0.0,0.0,0.0,0.0,0.0,0.0,0.0,0.0,0.0,0.0,0.0
1318,"2018","Manipur","14","Thoubal","259","Thoubal","1",4.0,7.0,7.0,5.0,1.0,0.0,1.0,2.0,5.0,17.0,16.0,2.0,1.0,0.0,0.0,0.0,0.0,0.0,0.0,0.0
1319,"2018","Manipur","14","Ukhrul","260","Ukhrul","0",0.0,0.0,0.0,0.0,0.0,0.0,0.0,0.0,0.0,0.0,0.0,0.0,0.0,0.0,0.0,0.0,0.0,0.0,0.0,0.0
1320,"2018","Meghalaya","17","East Garo Hills","273","Garo Hills East","0",0.0,0.0,0.0,0.0,0.0,0.0,0.0,0.0,0.0,0.0,0.0,0.0,0.0,0.0,0.0,0.0,0.0,0.0,0.0,0.0
1321,"2018","Meghalaya","17","North Garo Hills","656","Garo Hills North","0",0.0,4.0,2.0,0.0,0.0,0.0,0.0,0.0,6.0,4.0,0.0,0.0,0.0,0.0,0.0,0.0,0.0,0.0,0.0,0.0
1322,"2018","Meghalaya","17","South Garo Hills","277","Garo Hills South","0",0.0,0.0,0.0,0.0,0.0,0.0,0.0,0.0,0.0,0.0,0.0,0.0,0.0,0.0,0.0,0.0,0.0,0.0,0.0,0.0
1323,"2018","Meghalaya","17","South West Garo Hills","663","Garo Hills South West","0",0.0,0.0,1.0,1.0,0.0,0.0,0.0,0.0,6.0,0.0,1.0,0.0,1.0,0.0,0.0,0.0,0.0,0.0,0.0,0.0
1324,"2018","Meghalaya","17","West Garo Hills","278","Garo Hills West","2",0.0,0.0,1.0,2.0,2.0,0.0,2.0,3.0,5.0,5.0,5.0,1.0,0.0,0.0,0.0,0.0,0.0,0.0,0.0,0.0
1325,"2018","Meghalaya","17","West Jaintia Hills","275","Jaintia Hills West","0",2.0,0.0,3.0,3.0,1.0,0.0,0.0,2.0,7.0,5.0,0.0,0.0,0.0,0.0,0.0,0.0,0.0,0.0,0.0,0.0
1326,"2018","Meghalaya","17","East Jaintia Hills","657","Jaintia Hills East","0",0.0,1.0,1.0,0.0,0.0,0.0,0.0,2.0,5.0,1.0,0.0,0.0,0.0,0.0,0.0,0.0,0.0,0.0,0.0,0.0
1327,"2018","Meghalaya","17","East Khasi Hills","274","Khasi Hills East","0",12.0,22.0,22.0,26.0,10.0,2.0,0.0,2.0,28.0,47.0,16.0,3.0,1.0,0.0,0.0,0.0,0.0,0.0,0.0,0.0
1328,"2018","Meghalaya","17","South West Khasi Hills","658","Khasi Hills South West","0",0.0,0.0,0.0,0.0,0.0,0.0,0.0,0.0,0.0,0.0,0.0,0.0,0.0,0.0,0.0,0.0,0.0,0.0,0.0,0.0
1329,"2018","Meghalaya","17","West Khasi Hills","279","Khasi Hills West","0",0.0,0.0,0.0,0.0,0.0,0.0,0.0,0.0,0.0,0.0,0.0,0.0,0.0,0.0,0.0,0.0,0.0,0.0,0.0,0.0
1330,"2018","Meghalaya","17","Ri Bhoi","276","Ri-Bhoi","1",1.0,3.0,1.0,2.0,2.0,0.0,0.0,1.0,1.0,3.0,2.0,0.0,1.0,0.0,0.0,0.0,0.0,0.0,0.0,0.0
1331,"2018","Meghalaya","17","East Khasi Hills","274","Cyber Cell","0",0.0,0.0,0.0,0.0,0.0,0.0,0.0,0.0,0.0,0.0,0.0,0.0,0.0,0.0,0.0,0.0,0.0,0.0,0.0,0.0
1332,"2018","Mizoram","15","Aizawl","261","Aizawl","0",0.0,0.0,0.0,0.0,0.0,0.0,0.0,0.0,0.0,0.0,0.0,0.0,0.0,0.0,0.0,0.0,0.0,0.0,0.0,0.0
1333,"2018","Mizoram","15","Champhai","262","Champhai","0",3.0,0.0,0.0,0.0,0.0,0.0,0.0,0.0,0.0,0.0,0.0,0.0,0.0,0.0,0.0,0.0,0.0,0.0,0.0,0.0
1334,"2018","Mizoram","15","Kolasib","263","Kolasib","0",0.0,0.0,0.0,0.0,0.0,0.0,0.0,0.0,0.0,0.0,0.0,0.0,0.0,0.0,0.0,0.0,0.0,0.0,0.0,0.0
1335,"2018","Mizoram","15","Lawngtlai","264","Lawngtlai","0",0.0,0.0,0.0,0.0,0.0,0.0,0.0,0.0,0.0,0.0,0.0,0.0,0.0,0.0,0.0,0.0,0.0,0.0,0.0,0.0
1336,"2018","Mizoram","15","Lunglei","265","Lunglei","0",0.0,0.0,0.0,0.0,0.0,0.0,0.0,0.0,0.0,0.0,0.0,0.0,0.0,0.0,0.0,0.0,0.0,0.0,0.0,0.0
1337,"2018","Mizoram","15","Mamit","266","Mamit","0",0.0,0.0,0.0,0.0,0.0,0.0,0.0,0.0,0.0,0.0,0.0,0.0,0.0,0.0,0.0,0.0,0.0,0.0,0.0,0.0
1338,"2018","Mizoram","15","Saiha","267","Saiha","0",0.0,0.0,0.0,0.0,0.0,0.0,0.0,0.0,0.0,0.0,0.0,0.0,0.0,0.0,0.0,0.0,0.0,0.0,0.0,0.0
1339,"2018","Mizoram","15","Serchhip","268","Serchhip","0",0.0,0.0,0.0,0.0,0.0,0.0,0.0,0.0,0.0,0.0,0.0,0.0,0.0,0.0,0.0,0.0,0.0,0.0,0.0,0.0
1340,"2018","Mizoram","15","Aizawl","261","Spl Narcotic","0",0.0,0.0,0.0,0.0,0.0,0.0,0.0,0.0,0.0,0.0,0.0,0.0,0.0,0.0,0.0,0.0,0.0,0.0,0.0,0.0
1341,"2018","Nagaland","13","Dimapur","244","Dimapur","0",8.0,9.0,7.0,10.0,4.0,0.0,1.0,10.0,16.0,8.0,2.0,1.0,0.0,0.0,0.0,0.0,0.0,0.0,0.0,0.0
1342,"2018","Nagaland","13","Kiphire","614","Kiphire","0",0.0,0.0,0.0,0.0,0.0,0.0,0.0,0.0,0.0,0.0,0.0,0.0,0.0,0.0,0.0,0.0,0.0,0.0,0.0,0.0
1343,"2018","Nagaland","13","Kohima","245","Kohima","0",8.0,13.0,0.0,1.0,0.0,0.0,0.0,14.0,16.0,11.0,3.0,1.0,0.0,0.0,0.0,0.0,0.0,0.0,0.0,0.0
1344,"2018","Nagaland","13","Longleng","615","Longleng","0",0.0,0.0,0.0,0.0,0.0,0.0,0.0,0.0,0.0,0.0,0.0,0.0,0.0,0.0,0.0,0.0,0.0,0.0,0.0,0.0
1345,"2018","Nagaland","13","Mokokchung","246","Mokokchung","0",0.0,0.0,0.0,0.0,0.0,0.0,0.0,0.0,0.0,0.0,0.0,0.0,0.0,0.0,0.0,0.0,0.0,0.0,0.0,0.0
1346,"2018","Nagaland","13","Mon","247","Mon","0",0.0,0.0,0.0,0.0,0.0,0.0,0.0,0.0,0.0,0.0,0.0,0.0,0.0,0.0,0.0,0.0,0.0,0.0,0.0,0.0
1347,"2018","Nagaland","13","Peren","613","Peren","0",0.0,0.0,0.0,0.0,0.0,0.0,0.0,0.0,0.0,0.0,0.0,0.0,0.0,0.0,0.0,0.0,0.0,0.0,0.0,0.0
1348,"2018","Nagaland","13","Phek","248","Phek","0",0.0,0.0,0.0,0.0,0.0,0.0,0.0,0.0,0.0,0.0,0.0,0.0,0.0,0.0,0.0,0.0,0.0,0.0,0.0,0.0
1349,"2018","Nagaland","13","Tuensang","249","Tuensang","0",0.0,0.0,0.0,0.0,0.0,0.0,0.0,0.0,0.0,0.0,0.0,0.0,0.0,0.0,0.0,0.0,0.0,0.0,0.0,0.0
1350,"2018","Nagaland","13","Wokha","250","Wokha","0",0.0,0.0,0.0,0.0,0.0,0.0,0.0,0.0,0.0,0.0,0.0,0.0,0.0,0.0,0.0,0.0,0.0,0.0,0.0,0.0
1351,"2018","Nagaland","13","Zunheboto","251","Zunheboto","0",0.0,0.0,0.0,0.0,0.0,0.0,0.0,0.0,0.0,0.0,0.0,0.0,0.0,0.0,0.0,0.0,0.0,0.0,0.0,0.0
1352,"2018","Odisha","21","Anugul","344","Angul","0",0.0,0.0,0.0,0.0,0.0,0.0,0.0,0.0,0.0,0.0,0.0,0.0,0.0,0.0,0.0,0.0,0.0,0.0,0.0,0.0
1353,"2018","Odisha","21","Baleshwar","346","Balasore","0",0.0,0.0,0.0,0.0,0.0,0.0,0.0,0.0,0.0,0.0,0.0,0.0,0.0,0.0,0.0,0.0,0.0,0.0,0.0,0.0
1354,"2018","Odisha","21","Bargarh","347","Baragarh","0",0.0,0.0,0.0,0.0,0.0,0.0,0.0,0.0,0.0,0.0,0.0,0.0,0.0,0.0,0.0,0.0,0.0,0.0,0.0,0.0
1355,"2018","Odisha","21","Baleshwar","346","Berhampur","0",0.0,0.0,0.0,0.0,0.0,0.0,0.0,0.0,0.0,0.0,0.0,0.0,0.0,0.0,0.0,0.0,0.0,0.0,0.0,0.0
1356,"2018","Odisha","21","Bhadrak","348","Bhadrak","0",0.0,0.0,0.0,0.0,0.0,0.0,0.0,0.0,0.0,0.0,0.0,0.0,0.0,0.0,0.0,0.0,0.0,0.0,0.0,0.0
1357,"2018","Odisha","21","Balangir","345","Bolangir","0",0.0,0.0,0.0,0.0,0.0,0.0,0.0,0.0,0.0,0.0,0.0,0.0,0.0,0.0,0.0,0.0,0.0,0.0,0.0,0.0
1358,"2018","Odisha","21","Boudh","349","Boudh","0",0.0,0.0,0.0,0.0,0.0,0.0,0.0,0.0,0.0,0.0,0.0,0.0,0.0,0.0,0.0,0.0,0.0,0.0,0.0,0.0
1359,"2018","Odisha","21","Cuttack","350","Cuttack","0",0.0,0.0,0.0,0.0,0.0,0.0,0.0,0.0,0.0,0.0,0.0,0.0,0.0,0.0,0.0,0.0,0.0,0.0,0.0,0.0
1360,"2018","Odisha","21","Khordha","362","Dcp Bbsr","0",0.0,0.0,0.0,0.0,0.0,0.0,0.0,0.0,0.0,0.0,0.0,0.0,0.0,0.0,0.0,0.0,0.0,0.0,0.0,0.0
1361,"2018","Odisha","21","Cuttack","350","Dcp Ctc","0",0.0,0.0,0.0,0.0,0.0,0.0,0.0,0.0,0.0,0.0,0.0,0.0,0.0,0.0,0.0,0.0,0.0,0.0,0.0,0.0
1362,"2018","Odisha","21","Deogarh","351","Deogarh","0",0.0,0.0,0.0,0.0,0.0,0.0,0.0,0.0,0.0,0.0,0.0,0.0,0.0,0.0,0.0,0.0,0.0,0.0,0.0,0.0
1363,"2018","Odisha","21","Dhenkanal","352","Dhenkanal","0",0.0,0.0,0.0,0.0,0.0,0.0,0.0,0.0,0.0,0.0,0.0,0.0,0.0,0.0,0.0,0.0,0.0,0.0,0.0,0.0
1364,"2018","Odisha","21","Gajapati","353","Gajapati","0",0.0,0.0,0.0,0.0,0.0,0.0,0.0,0.0,0.0,0.0,0.0,0.0,0.0,0.0,0.0,0.0,0.0,0.0,0.0,0.0
1365,"2018","Odisha","21","Ganjam","354","Ganjam","0",0.0,0.0,0.0,0.0,0.0,0.0,0.0,0.0,0.0,0.0,0.0,0.0,0.0,0.0,0.0,0.0,0.0,0.0,0.0,0.0
1366,"2018","Odisha","21","Jagatsinghapur","355","Jagatsinghpur","0",0.0,0.0,0.0,0.0,0.0,0.0,0.0,0.0,0.0,0.0,0.0,0.0,0.0,0.0,0.0,0.0,0.0,0.0,0.0,0.0
1367,"2018","Odisha","21","Jajapur","356","Jajpur","0",0.0,0.0,0.0,0.0,0.0,0.0,0.0,0.0,0.0,0.0,0.0,0.0,0.0,0.0,0.0,0.0,0.0,0.0,0.0,0.0
1368,"2018","Odisha","21","Jharsuguda","357","Jharsuguda","0",0.0,0.0,0.0,0.0,0.0,0.0,0.0,0.0,0.0,0.0,0.0,0.0,0.0,0.0,0.0,0.0,0.0,0.0,0.0,0.0
1369,"2018","Odisha","21","Kalahandi","358","Kalahandi","0",0.0,0.0,0.0,0.0,0.0,0.0,0.0,0.0,0.0,0.0,0.0,0.0,0.0,0.0,0.0,0.0,0.0,0.0,0.0,0.0
1370,"2018","Odisha","21","Kandhamal","359","Kandhamal","0",0.0,0.0,0.0,0.0,0.0,0.0,0.0,0.0,0.0,0.0,0.0,0.0,0.0,0.0,0.0,0.0,0.0,0.0,0.0,0.0
1371,"2018","Odisha","21","Kendrapara","360","Kendrapara","0",0.0,0.0,0.0,0.0,0.0,0.0,0.0,0.0,0.0,0.0,0.0,0.0,0.0,0.0,0.0,0.0,0.0,0.0,0.0,0.0
1372,"2018","Odisha","21","Kendujhar","361","Keonjhar","0",0.0,0.0,0.0,0.0,0.0,0.0,0.0,0.0,0.0,0.0,0.0,0.0,0.0,0.0,0.0,0.0,0.0,0.0,0.0,0.0
1373,"2018","Odisha","21","Khordha","362","Khurda","0",0.0,0.0,0.0,0.0,0.0,0.0,0.0,0.0,0.0,0.0,0.0,0.0,0.0,0.0,0.0,0.0,0.0,0.0,0.0,0.0
1374,"2018","Odisha","21","Koraput","363","Koraput","0",0.0,0.0,0.0,0.0,0.0,0.0,0.0,0.0,0.0,0.0,0.0,0.0,0.0,0.0,0.0,0.0,0.0,0.0,0.0,0.0
1375,"2018","Odisha","21","Malkangiri","364","Malkangiri","0",0.0,0.0,0.0,0.0,0.0,0.0,0.0,0.0,0.0,0.0,0.0,0.0,0.0,0.0,0.0,0.0,0.0,0.0,0.0,0.0
1376,"2018","Odisha","21","Mayurbhanj","365","Mayurbhanj","0",0.0,0.0,0.0,0.0,0.0,0.0,0.0,0.0,0.0,0.0,0.0,0.0,0.0,0.0,0.0,0.0,0.0,0.0,0.0,0.0
1377,"2018","Odisha","21","Nayagarh","367","Nayagarh","0",0.0,0.0,0.0,0.0,0.0,0.0,0.0,0.0,0.0,0.0,0.0,0.0,0.0,0.0,0.0,0.0,0.0,0.0,0.0,0.0
1378,"2018","Odisha","21","Nabarangpur","366","Nabarangpur","0",0.0,0.0,0.0,0.0,0.0,0.0,0.0,0.0,0.0,0.0,0.0,0.0,0.0,0.0,0.0,0.0,0.0,0.0,0.0,0.0
1379,"2018","Odisha","21","Nuapada","368","Nuapada","0",0.0,0.0,0.0,0.0,0.0,0.0,0.0,0.0,0.0,0.0,0.0,0.0,0.0,0.0,0.0,0.0,0.0,0.0,0.0,0.0
1380,"2018","Odisha","21","Puri","369","Puri","0",0.0,0.0,0.0,0.0,0.0,0.0,0.0,0.0,0.0,0.0,0.0,0.0,0.0,0.0,0.0,0.0,0.0,0.0,0.0,0.0
1381,"2018","Odisha","21","Rayagada","370","Rayagada","0",0.0,0.0,0.0,0.0,0.0,0.0,0.0,0.0,0.0,0.0,0.0,0.0,0.0,0.0,0.0,0.0,0.0,0.0,0.0,0.0
1382,"2018","Odisha","21","Sundargarh","373","Rourkela","0",0.0,0.0,0.0,0.0,0.0,0.0,0.0,0.0,0.0,0.0,0.0,0.0,0.0,0.0,0.0,0.0,0.0,0.0,0.0,0.0
1383,"2018","Odisha","21","Sambalpur","371","Sambalpur","0",0.0,0.0,0.0,0.0,0.0,0.0,0.0,0.0,0.0,0.0,0.0,0.0,0.0,0.0,0.0,0.0,0.0,0.0,0.0,0.0
1384,"2018","Odisha","21","Sonepur","372","Sonepur","0",0.0,0.0,0.0,0.0,0.0,0.0,0.0,0.0,0.0,0.0,0.0,0.0,0.0,0.0,0.0,0.0,0.0,0.0,0.0,0.0
1385,"2018","Odisha","21","Cuttack","350","Srp(Cuttack)","0",0.0,0.0,0.0,0.0,0.0,0.0,0.0,0.0,0.0,0.0,0.0,0.0,0.0,0.0,0.0,0.0,0.0,0.0,0.0,0.0
1386,"2018","Odisha","21","Sundargarh","373","Srp(Rourkela)","0",0.0,0.0,0.0,0.0,0.0,0.0,0.0,0.0,0.0,0.0,0.0,0.0,0.0,0.0,0.0,0.0,0.0,0.0,0.0,0.0
1387,"2018","Odisha","21","Sundargarh","373","Sundargarh","0",0.0,0.0,0.0,0.0,0.0,0.0,0.0,0.0,0.0,0.0,0.0,0.0,0.0,0.0,0.0,0.0,0.0,0.0,0.0,0.0
1388,"2018","Odisha","21","Cuttack","350","Cid Cb","32",278.0,141.0,1345.0,814.0,194.0,65.0,3.0,633.0,1239.0,5254.0,2141.0,847.0,76.0,0.0,0.0,0.0,0.0,0.0,0.0,0.0
1389,"2018","Punjab","03","Amritsar","027","Amritsar Rural","0",4.0,0.0,14.0,9.0,5.0,3.0,0.0,3.0,51.0,14.0,5.0,3.0,2.0,0.0,0.0,0.0,0.0,0.0,0.0,0.0
1390,"2018","Punjab","03","Barnala","605","Barnala","0",0.0,0.0,10.0,5.0,8.0,0.0,0.0,0.0,12.0,5.0,2.0,4.0,1.0,0.0,0.0,0.0,0.0,0.0,0.0,0.0
1391,"2018","Punjab","03","Gurdaspur","032","Batala","0",0.0,0.0,4.0,2.0,0.0,1.0,0.0,0.0,0.0,2.0,1.0,0.0,0.0,0.0,0.0,0.0,0.0,0.0,0.0,0.0
1392,"2018","Punjab","03","Bathinda","028","Bathinda","0",4.0,2.0,14.0,11.0,7.0,5.0,0.0,0.0,1.0,5.0,3.0,4.0,0.0,0.0,0.0,0.0,0.0,0.0,0.0,0.0
1393,"2018","Punjab","03","Amritsar","027","Cp Amritsar","1",7.0,5.0,57.0,37.0,7.0,10.0,4.0,10.0,47.0,49.0,14.0,8.0,3.0,0.0,0.0,0.0,0.0,0.0,0.0,0.0
1394,"2018","Punjab","03","Jalandhar","034","Cp Jalandhar","0",0.0,0.0,100.0,68.0,36.0,23.0,0.0,0.0,0.0,187.0,55.0,9.0,3.0,0.0,0.0,0.0,0.0,0.0,0.0,0.0
1395,"2018","Punjab","03","Ludhiana","036","Cp Ludhiana","10",64.0,42.0,58.0,45.0,11.0,6.0,6.0,47.0,58.0,99.0,18.0,1.0,0.0,0.0,0.0,0.0,0.0,0.0,0.0,0.0
1396,"2018","Punjab","03","Faridkot","029","Faridkot","0",5.0,1.0,8.0,8.0,4.0,0.0,0.0,8.0,12.0,4.0,1.0,0.0,2.0,0.0,0.0,0.0,0.0,0.0,0.0,0.0
1397,"2018","Punjab","03","Fatehgarh Sahib","030","Fatehgarh Sahib","0",3.0,2.0,15.0,14.0,4.0,8.0,0.0,1.0,3.0,16.0,7.0,2.0,3.0,0.0,0.0,0.0,0.0,0.0,0.0,0.0
1398,"2018","Punjab","03","Fazilka","651","Fazilka","0",1.0,2.0,21.0,13.0,8.0,1.0,0.0,1.0,4.0,19.0,5.0,3.0,0.0,0.0,0.0,0.0,0.0,0.0,0.0,0.0
1399,"2018","Punjab","03","Ferozepur","031","Ferozepur","0",2.0,2.0,30.0,19.0,18.0,10.0,0.0,1.0,37.0,28.0,6.0,4.0,2.0,0.0,0.0,0.0,0.0,0.0,0.0,0.0
1400,"2018","Punjab","03","Patiala","041","Grp","0",0.0,0.0,2.0,2.0,3.0,1.0,0.0,2.0,2.0,1.0,2.0,1.0,0.0,0.0,0.0,0.0,0.0,0.0,0.0,0.0
1401,"2018","Punjab","03","Gurdaspur","032","Gurdaspur","0",0.0,1.0,2.0,7.0,2.0,4.0,0.0,0.0,0.0,4.0,4.0,1.0,1.0,0.0,0.0,0.0,0.0,0.0,0.0,0.0
1402,"2018","Punjab","03","Hoshiarpur","033","Hoshiarpur","1",3.0,6.0,21.0,39.0,35.0,24.0,0.0,6.0,52.0,105.0,46.0,12.0,4.0,0.0,0.0,0.0,0.0,0.0,0.0,0.0
1403,"2018","Punjab","03","Jalandhar","034","Jalandhar Rural","4",7.0,7.0,29.0,22.0,16.0,9.0,4.0,7.0,8.0,71.0,22.0,7.0,2.0,0.0,0.0,0.0,0.0,0.0,0.0,0.0
1404,"2018","Punjab","03","Kapurthala","035","Kapurthala","0",3.0,2.0,12.0,7.0,5.0,4.0,0.0,0.0,0.0,9.0,4.0,4.0,1.0,0.0,0.0,0.0,0.0,0.0,0.0,0.0
1405,"2018","Punjab","03","Ludhiana","036","Khanna","2",0.0,0.0,20.0,18.0,16.0,6.0,1.0,0.0,2.0,12.0,10.0,5.0,2.0,0.0,0.0,0.0,0.0,0.0,0.0,0.0
1406,"2018","Punjab","03","Ludhiana","036","Ludhiana Rural","0",0.0,0.0,2.0,8.0,2.0,4.0,0.0,0.0,0.0,1.0,2.0,1.0,0.0,0.0,0.0,0.0,0.0,0.0,0.0,0.0
1407,"2018","Punjab","03","Mansa","037","Mansa","0",1.0,0.0,8.0,5.0,3.0,0.0,0.0,0.0,0.0,4.0,0.0,1.0,0.0,0.0,0.0,0.0,0.0,0.0,0.0,0.0
1408,"2018","Punjab","03","Moga","038","Moga","0",0.0,0.0,14.0,18.0,7.0,7.0,0.0,0.0,0.0,8.0,12.0,2.0,1.0,0.0,0.0,0.0,0.0,0.0,0.0,0.0
1409,"2018","Punjab","03","Sri Muktsar Sahib","039","Muktsar","2",2.0,2.0,27.0,18.0,10.0,2.0,1.0,1.0,1.0,19.0,6.0,2.0,1.0,0.0,0.0,0.0,0.0,0.0,0.0,0.0
1410,"2018","Punjab","03","Pathankot","662","Pathankot","0",0.0,0.0,6.0,3.0,2.0,1.0,0.0,2.0,0.0,9.0,3.0,1.0,1.0,0.0,0.0,0.0,0.0,0.0,0.0,0.0
1411,"2018","Punjab","03","Patiala","041","Patiala","4",6.0,3.0,26.0,28.0,18.0,10.0,2.0,4.0,8.0,33.0,13.0,4.0,2.0,0.0,0.0,0.0,0.0,0.0,0.0,0.0
1412,"2018","Punjab","03","Rupnagar","042","Ropar","0",3.0,2.0,4.0,2.0,2.0,1.0,0.0,2.0,6.0,4.0,1.0,0.0,2.0,0.0,0.0,0.0,0.0,0.0,0.0,0.0
1413,"2018","Punjab","03","Sangrur","043","Sangrur","1",1.0,5.0,6.0,4.0,3.0,2.0,2.0,0.0,52.0,15.0,4.0,2.0,1.0,0.0,0.0,0.0,0.0,0.0,0.0,0.0
1414,"2018","Punjab","03","S.A.S Nagar","608","Sas Nagar","0",5.0,12.0,23.0,16.0,15.0,5.0,0.0,1.0,6.0,40.0,13.0,1.0,2.0,0.0,0.0,0.0,0.0,0.0,0.0,0.0
1415,"2018","Punjab","03","Shahid Bhagat Singh Nagar","040","Sbs Nagar","0",1.0,2.0,5.0,11.0,3.0,4.0,0.0,0.0,4.0,19.0,9.0,1.0,2.0,0.0,0.0,0.0,0.0,0.0,0.0,0.0
1416,"2018","Punjab","03","Tarn Taran","609","Tarn Taran","0",1.0,5.0,7.0,8.0,4.0,6.0,0.0,0.0,2.0,9.0,3.0,2.0,1.0,0.0,0.0,0.0,0.0,0.0,0.0,0.0
1417,"2018","Punjab","03","S.A.S Nagar","608","Bureau Of Investigation","0",0.0,0.0,0.0,0.0,0.0,0.0,0.0,0.0,0.0,0.0,0.0,0.0,0.0,0.0,0.0,0.0,0.0,0.0,0.0,0.0
1418,"2018","Punjab","03","S.A.S Nagar","608","Intelligence Wing","0",0.0,0.0,0.0,0.0,0.0,0.0,0.0,0.0,0.0,0.0,0.0,0.0,0.0,0.0,0.0,0.0,0.0,0.0,0.0,0.0
1419,"2018","Punjab","03","S.A.S Nagar","608","Nri Wing","0",0.0,0.0,0.0,0.0,0.0,0.0,0.0,0.0,0.0,0.0,0.0,0.0,0.0,0.0,0.0,0.0,0.0,0.0,0.0,0.0
1420,"2018","Punjab","03","Amritsar","027","Special Task Force","0",0.0,0.0,0.0,0.0,0.0,0.0,0.0,0.0,0.0,0.0,0.0,0.0,0.0,0.0,0.0,0.0,0.0,0.0,0.0,0.0
1421,"2018","Rajasthan","08","Ajmer","086","Ajmer","0",6.0,14.0,66.0,55.0,15.0,3.0,1.0,7.0,27.0,265.0,41.0,8.0,2.0,0.0,0.0,3.0,0.0,0.0,0.0,0.0
1422,"2018","Rajasthan","08","Alwar","087","Alwar","0",18.0,38.0,65.0,78.0,31.0,8.0,0.0,25.0,117.0,227.0,110.0,12.0,4.0,0.0,0.0,0.0,0.0,0.0,0.0,0.0
1423,"2018","Rajasthan","08","Banswara","088","Banswara","0",3.0,3.0,26.0,11.0,11.0,2.0,1.0,3.0,8.0,118.0,48.0,16.0,0.0,0.0,0.0,0.0,0.0,0.0,0.0,0.0
1424,"2018","Rajasthan","08","Baran","089","Baran","0",2.0,1.0,41.0,21.0,7.0,2.0,0.0,2.0,46.0,212.0,45.0,4.0,3.0,0.0,0.0,0.0,0.0,0.0,0.0,0.0
1425,"2018","Rajasthan","08","Barmer","090","Barmer","0",5.0,5.0,26.0,18.0,3.0,5.0,0.0,3.0,26.0,88.0,15.0,0.0,0.0,0.0,0.0,0.0,0.0,0.0,0.0,0.0
1426,"2018","Rajasthan","08","Bharatpur","091","Bharatpur","1",6.0,11.0,27.0,14.0,9.0,8.0,0.0,2.0,6.0,79.0,25.0,9.0,2.0,0.0,0.0,0.0,0.0,0.0,0.0,0.0
1427,"2018","Rajasthan","08","Bhilwara","092","Bhilwara","1",8.0,13.0,81.0,47.0,18.0,12.0,1.0,14.0,155.0,470.0,76.0,5.0,5.0,0.0,0.0,0.0,0.0,0.0,0.0,0.0
1428,"2018","Rajasthan","08","Bikaner","093","Bikaner","0",5.0,0.0,4.0,0.0,0.0,0.0,0.0,0.0,0.0,45.0,21.0,0.0,0.0,0.0,0.0,0.0,0.0,0.0,0.0,0.0
1429,"2018","Rajasthan","08","Bundi","094","Bundi","2",1.0,3.0,32.0,19.0,9.0,5.0,1.0,7.0,68.0,243.0,46.0,2.0,2.0,0.0,0.0,0.0,0.0,0.0,0.0,0.0
1430,"2018","Rajasthan","08","Chittorgarh","095","Chittorgarh","0",2.0,5.0,82.0,27.0,23.0,3.0,0.0,1.0,69.0,395.0,91.0,9.0,5.0,0.0,0.0,0.0,0.0,0.0,0.0,0.0
1431,"2018","Rajasthan","08","Churu","096","Churu","0",1.0,12.0,44.0,22.0,2.0,0.0,0.0,14.0,29.0,169.0,33.0,12.0,0.0,0.0,0.0,0.0,0.0,0.0,0.0,0.0
1432,"2018","Rajasthan","08","Dausa","097","Dausa","0",2.0,12.0,24.0,13.0,7.0,2.0,0.0,2.0,7.0,58.0,23.0,5.0,0.0,0.0,0.0,0.0,0.0,0.0,0.0,0.0
1433,"2018","Rajasthan","08","Dholpur","098","Dholpur","6",1.0,2.0,16.0,3.0,4.0,2.0,0.0,1.0,4.0,37.0,12.0,3.0,0.0,0.0,0.0,0.0,0.0,0.0,0.0,0.0
1434,"2018","Rajasthan","08","Dungarpur","099","Dungarpur","0",1.0,1.0,33.0,7.0,3.0,0.0,0.0,4.0,31.0,198.0,37.0,4.0,0.0,0.0,0.0,0.0,0.0,0.0,0.0,0.0
1435,"2018","Rajasthan","08","Ajmer","086","Grp Ajmer","0",1.0,1.0,11.0,6.0,0.0,1.0,0.0,0.0,0.0,11.0,5.0,1.0,3.0,0.0,0.0,0.0,0.0,0.0,0.0,0.0
1436,"2018","Rajasthan","08","Jodhpur","107","Grp Jodhpur","0",0.0,0.0,5.0,1.0,2.0,0.0,1.0,0.0,0.0,4.0,0.0,0.0,0.0,0.0,0.0,0.0,0.0,0.0,0.0,0.0
1437,"2018","Rajasthan","08","Ganganagar","100","Ganganagar","0",1.0,13.0,92.0,55.0,11.0,3.0,0.0,2.0,23.0,341.0,33.0,4.0,0.0,0.0,0.0,0.0,0.0,0.0,0.0,0.0
1438,"2018","Rajasthan","08","Hanumangarh","101","Hanumangarh","0",0.0,7.0,50.0,40.0,16.0,9.0,0.0,7.0,31.0,192.0,58.0,6.0,0.0,0.0,0.0,0.0,0.0,0.0,0.0,0.0
1439,"2018","Rajasthan","08","Jaipur","102","Jaipur East","2",5.0,10.0,125.0,65.0,32.0,26.0,2.0,7.0,23.0,228.0,52.0,10.0,8.0,0.0,0.0,0.0,0.0,0.0,0.0,0.0
1440,"2018","Rajasthan","08","Jaipur","102","Jaipur North","0",13.0,10.0,68.0,48.0,16.0,12.0,1.0,6.0,50.0,224.0,36.0,2.0,2.0,0.0,0.0,0.0,0.0,0.0,0.0,0.0
1441,"2018","Rajasthan","08","Jaipur (Gramin)","783","Jaipur Rural","0",6.0,22.0,37.0,45.0,26.0,6.0,1.0,2.0,17.0,161.0,50.0,5.0,0.0,0.0,0.0,0.0,0.0,0.0,0.0,0.0
1442,"2018","Rajasthan","08","Jaipur","102","Jaipur South","0",6.0,14.0,81.0,36.0,7.0,8.0,0.0,4.0,39.0,153.0,37.0,4.0,3.0,0.0,0.0,0.0,0.0,0.0,0.0,0.0
1443,"2018","Rajasthan","08","Jaipur","102","Jaipur West","1",20.0,28.0,104.0,82.0,35.0,12.0,2.0,20.0,66.0,253.0,53.0,8.0,2.0,0.0,0.0,0.0,0.0,0.0,0.0,0.0
1444,"2018","Rajasthan","08","Jaisalmer","103","Jaisalmer","0",1.0,2.0,3.0,5.0,8.0,2.0,0.0,0.0,5.0,23.0,6.0,0.0,0.0,0.0,0.0,0.0,0.0,0.0,0.0,0.0
1445,"2018","Rajasthan","08","Jalore","104","Jalore","1",7.0,5.0,24.0,12.0,7.0,3.0,0.0,15.0,37.0,220.0,35.0,3.0,0.0,0.0,0.0,0.0,0.0,0.0,0.0,0.0
1446,"2018","Rajasthan","08","Jhalawar","105","Jhalawar","0",8.0,8.0,55.0,26.0,14.0,7.0,0.0,23.0,118.0,249.0,37.0,4.0,2.0,0.0,0.0,0.0,0.0,0.0,0.0,0.0
1447,"2018","Rajasthan","08","Jhunjhunu","106","Jhunjhunu","0",8.0,19.0,45.0,38.0,8.0,14.0,1.0,3.0,64.0,293.0,38.0,7.0,0.0,0.0,0.0,0.0,0.0,0.0,0.0,0.0
1448,"2018","Rajasthan","08","Jodhpur","107","Jodhpur East","0",6.0,9.0,38.0,53.0,12.0,5.0,0.0,5.0,28.0,134.0,34.0,3.0,2.0,0.0,0.0,0.0,0.0,0.0,0.0,0.0
1449,"2018","Rajasthan","08","Jodhpur","107","Jodhpur West","0",3.0,13.0,38.0,49.0,31.0,7.0,0.0,0.0,33.0,164.0,37.0,10.0,2.0,0.0,0.0,0.0,0.0,0.0,0.0,0.0
1450,"2018","Rajasthan","08","Jodhpur","107","Jodhpur Rural","0",2.0,5.0,28.0,10.0,4.0,1.0,0.0,9.0,23.0,112.0,12.0,1.0,0.0,0.0,0.0,0.0,0.0,0.0,0.0,0.0
1451,"2018","Rajasthan","08","Karauli","108","Karauli","0",1.0,0.0,13.0,15.0,6.0,0.0,0.0,0.0,4.0,40.0,16.0,0.0,0.0,0.0,0.0,0.0,0.0,0.0,0.0,0.0
1452,"2018","Rajasthan","08","Kota","109","Kota City","2",19.0,48.0,113.0,75.0,40.0,15.0,2.0,23.0,102.0,426.0,83.0,22.0,5.0,0.0,0.0,0.0,0.0,0.0,0.0,0.0
1453,"2018","Rajasthan","08","Kota","109","Kota Rural","1",0.0,8.0,18.0,16.0,9.0,4.0,0.0,2.0,48.0,229.0,24.0,5.0,1.0,0.0,0.0,0.0,0.0,0.0,0.0,0.0
1454,"2018","Rajasthan","08","Nagaur","110","Nagaur","1",12.0,14.0,54.0,45.0,10.0,4.0,0.0,23.0,70.0,290.0,74.0,13.0,2.0,0.0,0.0,0.0,0.0,0.0,0.0,0.0
1455,"2018","Rajasthan","08","Pali","111","Pali","19",15.0,3.0,50.0,33.0,14.0,3.0,18.0,8.0,0.0,468.0,63.0,10.0,5.0,0.0,0.0,0.0,0.0,0.0,0.0,0.0
1456,"2018","Rajasthan","08","Pratapgarh","629","Pratapgarh","0",1.0,2.0,12.0,13.0,6.0,4.0,0.0,45.0,15.0,121.0,34.0,2.0,1.0,0.0,0.0,0.0,0.0,0.0,0.0,0.0
1457,"2018","Rajasthan","08","Rajsamand","112","Rajsamand","1",3.0,3.0,42.0,21.0,4.0,7.0,0.0,14.0,65.0,384.0,36.0,4.0,3.0,0.0,0.0,0.0,0.0,0.0,0.0,0.0
1458,"2018","Rajasthan","08","Sawai Madhopur","113","Sawai Madhopur","0",8.0,10.0,20.0,10.0,5.0,2.0,0.0,4.0,6.0,77.0,14.0,4.0,1.0,0.0,0.0,0.0,0.0,0.0,0.0,0.0
1459,"2018","Rajasthan","08","Sikar","114","Sikar","0",10.0,23.0,70.0,39.0,14.0,3.0,0.0,2.0,43.0,345.0,33.0,4.0,0.0,0.0,0.0,0.0,0.0,0.0,0.0,0.0
1460,"2018","Rajasthan","08","Sirohi","115","Sirohi","0",0.0,3.0,24.0,15.0,9.0,5.0,0.0,3.0,22.0,191.0,22.0,2.0,0.0,0.0,0.0,0.0,0.0,0.0,0.0,0.0
1461,"2018","Rajasthan","08","Tonk","116","Tonk","0",1.0,3.0,29.0,20.0,4.0,4.0,0.0,1.0,4.0,184.0,23.0,4.0,3.0,0.0,0.0,0.0,0.0,0.0,0.0,0.0
1462,"2018","Rajasthan","08","Udaipur","117","Udaipur","0",3.0,4.0,103.0,60.0,33.0,12.0,0.0,4.0,24.0,463.0,144.0,32.0,0.0,0.0,0.0,0.0,0.0,0.0,0.0,0.0
1463,"2018","Rajasthan","08","Jaipur","102","Jaipur Metro","0",0.0,0.0,0.0,0.0,0.0,0.0,0.0,0.0,0.0,0.0,0.0,0.0,0.0,0.0,0.0,0.0,0.0,0.0,0.0,0.0
1464,"2018","Rajasthan","08","Jaipur","102","Scrb","0",0.0,0.0,0.0,0.0,0.0,0.0,0.0,0.0,0.0,0.0,0.0,0.0,0.0,0.0,0.0,0.0,0.0,0.0,0.0,0.0
1465,"2018","Rajasthan","08","Jaipur","102","Sog","0",0.0,0.0,0.0,0.0,0.0,0.0,0.0,0.0,0.0,0.0,0.0,0.0,0.0,0.0,0.0,0.0,0.0,0.0,0.0,0.0
1466,"2018","Rajasthan","08","Jaipur","102","Ssb","0",0.0,0.0,0.0,0.0,0.0,0.0,0.0,0.0,0.0,0.0,0.0,0.0,0.0,0.0,0.0,0.0,0.0,0.0,0.0,0.0
1467,"2018","Sikkim","11","Gangtok","225","East","1",9.0,8.0,13.0,5.0,3.0,0.0,0.0,8.0,14.0,25.0,6.0,0.0,0.0,0.0,0.0,0.0,0.0,0.0,0.0,0.0
1468,"2018","Sikkim","11","Mangan","226","North","0",1.0,3.0,0.0,2.0,0.0,0.0,0.0,0.0,0.0,2.0,0.0,0.0,0.0,0.0,0.0,0.0,0.0,0.0,0.0,0.0
1469,"2018","Sikkim","11","Namchi","227","South","0",0.0,7.0,16.0,11.0,0.0,0.0,0.0,0.0,0.0,0.0,0.0,0.0,0.0,0.0,0.0,0.0,0.0,0.0,0.0,0.0
1470,"2018","Sikkim","11","Gyalshing","228","West","0",0.0,1.0,7.0,8.0,4.0,0.0,0.0,0.0,2.0,12.0,9.0,2.0,1.0,0.0,0.0,0.0,0.0,0.0,0.0,0.0
1471,"2018","Tamil Nadu","33","Ariyalur","610","Ariyalur","6",5.0,3.0,7.0,6.0,2.0,4.0,4.0,2.0,23.0,60.0,11.0,4.0,0.0,0.0,0.0,0.0,0.0,0.0,0.0,0.0
1472,"2018","Tamil Nadu","33","Chennai","568","Chennai","38",99.0,144.0,160.0,370.0,325.0,242.0,32.0,74.0,469.0,868.0,406.0,124.0,130.0,0.0,0.0,0.0,0.0,0.0,0.0,0.0
1473,"2018","Tamil Nadu","33","Coimbatore","569","Coimbatore","0",0.0,14.0,31.0,25.0,15.0,10.0,0.0,10.0,57.0,48.0,50.0,44.0,22.0,0.0,0.0,0.0,0.0,0.0,1.0,0.0
1474,"2018","Tamil Nadu","33","Coimbatore","569","Coimbatore City","10",13.0,4.0,41.0,28.0,8.0,13.0,4.0,7.0,56.0,89.0,17.0,7.0,13.0,0.0,0.0,0.0,0.0,0.0,0.0,0.0
1475,"2018","Tamil Nadu","33","Cuddalore","570","Cuddalore","0",4.0,6.0,21.0,17.0,16.0,15.0,0.0,3.0,60.0,133.0,20.0,0.0,3.0,0.0,0.0,0.0,0.0,0.0,0.0,0.0
1476,"2018","Tamil Nadu","33","Dharmapuri","571","Dharmapuri","4",2.0,5.0,3.0,5.0,3.0,3.0,0.0,5.0,20.0,17.0,16.0,6.0,3.0,0.0,0.0,0.0,0.0,0.0,0.0,0.0
1477,"2018","Tamil Nadu","33","Dindigul","572","Dindigul","8",14.0,12.0,18.0,23.0,4.0,11.0,6.0,17.0,52.0,85.0,22.0,3.0,3.0,0.0,0.0,0.0,0.0,0.0,0.0,0.0
1478,"2018","Tamil Nadu","33","Erode","573","Erode","5",9.0,13.0,17.0,16.0,6.0,19.0,5.0,4.0,29.0,89.0,13.0,7.0,5.0,0.0,0.0,0.0,0.0,0.0,0.0,0.0
1479,"2018","Tamil Nadu","33","Kanchipuram","574","Kanchipuram","1",11.0,34.0,24.0,55.0,46.0,38.0,2.0,28.0,122.0,250.0,183.0,68.0,26.0,0.0,0.0,0.0,0.0,0.0,0.0,0.0
1480,"2018","Tamil Nadu","33","Kanniyakumari","575","Kanyakumari","12",9.0,32.0,169.0,198.0,123.0,43.0,7.0,9.0,18.0,141.0,31.0,5.0,11.0,0.0,0.0,0.0,0.0,0.0,0.0,0.0
1481,"2018","Tamil Nadu","33","Karur","576","Karur","0",5.0,2.0,6.0,3.0,2.0,2.0,0.0,2.0,44.0,43.0,4.0,2.0,3.0,0.0,0.0,0.0,0.0,0.0,0.0,0.0
1482,"2018","Tamil Nadu","33","Krishnagiri","577","Krishnagiri","5",9.0,8.0,13.0,26.0,16.0,11.0,5.0,6.0,36.0,105.0,23.0,10.0,3.0,0.0,0.0,0.0,0.0,0.0,0.0,0.0
1483,"2018","Tamil Nadu","33","Madurai","578","Madurai","13",21.0,12.0,44.0,25.0,13.0,11.0,8.0,23.0,65.0,185.0,29.0,13.0,9.0,0.0,0.0,0.0,0.0,0.0,0.0,0.0
1484,"2018","Tamil Nadu","33","Madurai","578","Madurai City","8",26.0,26.0,33.0,58.0,33.0,22.0,12.0,19.0,47.0,142.0,58.0,20.0,7.0,0.0,0.0,0.0,0.0,0.0,0.0,0.0
1485,"2018","Tamil Nadu","33","Nagapattinam","579","Nagapattinam","2",5.0,8.0,9.0,7.0,5.0,7.0,6.0,7.0,35.0,111.0,9.0,1.0,2.0,0.0,0.0,0.0,0.0,0.0,0.0,0.0
1486,"2018","Tamil Nadu","33","Namakkal","580","Namakkal","3",1.0,10.0,9.0,9.0,5.0,5.0,3.0,3.0,13.0,24.0,9.0,2.0,1.0,0.0,0.0,0.0,0.0,0.0,0.0,0.0
1487,"2018","Tamil Nadu","33","The Nilgiris","587","Nilgiris","0",3.0,5.0,3.0,2.0,4.0,2.0,0.0,3.0,14.0,23.0,2.0,0.0,1.0,0.0,0.0,0.0,0.0,0.0,0.0,0.0
1488,"2018","Tamil Nadu","33","Perambalur","581","Perambalur","1",4.0,4.0,13.0,8.0,1.0,2.0,5.0,6.0,54.0,84.0,9.0,1.0,0.0,0.0,0.0,0.0,0.0,0.0,0.0,0.0
1489,"2018","Tamil Nadu","33","Pudukkottai","582","Pudukottai","2",6.0,3.0,14.0,5.0,2.0,2.0,7.0,5.0,23.0,75.0,6.0,3.0,3.0,0.0,0.0,0.0,0.0,0.0,0.0,0.0
1490,"2018","Tamil Nadu","33","Ramanathapuram","583","Ramnathapuram","9",6.0,12.0,16.0,16.0,10.0,4.0,6.0,5.0,37.0,100.0,33.0,6.0,2.0,0.0,0.0,0.0,0.0,0.0,0.0,0.0
1491,"2018","Tamil Nadu","33","Chennai","568","Railway Chennai","0",2.0,3.0,3.0,7.0,8.0,3.0,0.0,1.0,2.0,4.0,6.0,4.0,2.0,0.0,0.0,0.0,0.0,0.0,0.0,0.0
1492,"2018","Tamil Nadu","33","Tiruchirappalli","591","Railway Trichy","0",0.0,0.0,0.0,3.0,3.0,0.0,0.0,0.0,0.0,0.0,4.0,0.0,1.0,0.0,0.0,0.0,0.0,0.0,0.0,0.0
1493,"2018","Tamil Nadu","33","Salem","584","Salem","5",9.0,13.0,19.0,20.0,10.0,15.0,10.0,13.0,79.0,102.0,34.0,4.0,5.0,0.0,0.0,0.0,0.0,0.0,0.0,0.0
1494,"2018","Tamil Nadu","33","Salem","584","Salem City","7",5.0,9.0,13.0,7.0,7.0,4.0,3.0,8.0,27.0,52.0,9.0,4.0,4.0,0.0,0.0,0.0,0.0,0.0,0.0,0.0
1495,"2018","Tamil Nadu","33","Sivaganga","585","Sivagangai","2",3.0,8.0,1.0,6.0,9.0,3.0,5.0,4.0,14.0,56.0,23.0,5.0,2.0,0.0,0.0,0.0,0.0,0.0,0.0,0.0
1496,"2018","Tamil Nadu","33","Thanjavur","586","Thanjavur","7",6.0,11.0,17.0,18.0,12.0,13.0,6.0,8.0,67.0,123.0,16.0,13.0,7.0,0.0,0.0,0.0,0.0,0.0,0.0,0.0
1497,"2018","Tamil Nadu","33","Theni","588","Theni","7",14.0,5.0,21.0,18.0,13.0,11.0,8.0,12.0,56.0,109.0,18.0,7.0,6.0,0.0,0.0,0.0,0.0,0.0,0.0,0.0
1498,"2018","Tamil Nadu","33","Tirunelveli","592","Thirunelveli","19",21.0,6.0,20.0,47.0,38.0,16.0,10.0,12.0,75.0,199.0,76.0,15.0,10.0,0.0,0.0,0.0,0.0,0.0,0.0,0.0
1499,"2018","Tamil Nadu","33","Tirunelveli","592","Thirunelveli City","3",7.0,6.0,9.0,13.0,5.0,7.0,2.0,4.0,10.0,53.0,6.0,2.0,5.0,0.0,0.0,0.0,0.0,0.0,0.0,0.0
1500,"2018","Tamil Nadu","33","Thiruvallur","589","Thiruvallur","13",13.0,17.0,64.0,32.0,23.0,14.0,3.0,31.0,106.0,384.0,36.0,11.0,12.0,0.0,0.0,0.0,0.0,0.0,0.0,0.0
1501,"2018","Tamil Nadu","33","Tiruvannamalai","593","Thiruvannamalai","9",14.0,16.0,23.0,18.0,11.0,16.0,10.0,11.0,92.0,200.0,18.0,7.0,4.0,0.0,0.0,0.0,0.0,0.0,0.0,0.0
1502,"2018","Tamil Nadu","33","Thiruvarur","590","Thiruvarur","1",5.0,5.0,6.0,2.0,4.0,1.0,1.0,1.0,12.0,35.0,7.0,6.0,1.0,0.0,0.0,0.0,0.0,0.0,0.0,0.0
1503,"2018","Tamil Nadu","33","Tuticorin","594","Thoothukudi","11",12.0,16.0,28.0,21.0,12.0,21.0,16.0,5.0,69.0,145.0,36.0,5.0,9.0,0.0,0.0,0.0,0.0,0.0,0.0,0.0
1504,"2018","Tamil Nadu","33","Tiruppur","634","Tiruppur","6",3.0,7.0,19.0,20.0,11.0,12.0,2.0,10.0,70.0,117.0,22.0,5.0,11.0,0.0,0.0,0.0,0.0,0.0,0.0,0.0
1505,"2018","Tamil Nadu","33","Tiruppur","634","Tiruppur City","8",11.0,5.0,27.0,29.0,20.0,7.0,2.0,6.0,85.0,149.0,15.0,5.0,10.0,0.0,0.0,0.0,0.0,0.0,0.0,0.0
1506,"2018","Tamil Nadu","33","Tiruchirappalli","591","Trichy","1",3.0,6.0,11.0,6.0,5.0,7.0,2.0,5.0,32.0,49.0,9.0,2.0,2.0,0.0,0.0,0.0,0.0,0.0,0.0,0.0
1507,"2018","Tamil Nadu","33","Tiruchirappalli","591","Trichy City","8",9.0,9.0,24.0,27.0,16.0,11.0,6.0,4.0,34.0,86.0,19.0,9.0,2.0,0.0,0.0,0.0,0.0,0.0,0.0,0.0
1508,"2018","Tamil Nadu","33","Vellore","595","Vellore","16",16.0,23.0,44.0,47.0,30.0,26.0,17.0,28.0,214.0,392.0,21.0,11.0,6.0,0.0,0.0,0.0,0.0,0.0,0.0,0.0
1509,"2018","Tamil Nadu","33","Villupuram","596","Villupuram","1",6.0,18.0,28.0,23.0,16.0,21.0,0.0,2.0,44.0,142.0,14.0,9.0,8.0,0.0,0.0,0.0,0.0,0.0,0.0,0.0
1510,"2018","Tamil Nadu","33","Virudhunagar","597","Virudhunagar","4",6.0,16.0,18.0,14.0,6.0,9.0,8.0,10.0,45.0,125.0,15.0,1.0,6.0,0.0,0.0,0.0,0.0,0.0,0.0,0.0
1511,"2018","Tamil Nadu","33","Chennai","568","Cyber Cell","0",0.0,0.0,0.0,0.0,0.0,0.0,0.0,0.0,0.0,0.0,0.0,0.0,0.0,0.0,0.0,0.0,0.0,0.0,0.0,0.0
1512,"2018","Tamil Nadu","33","Chennai","568","Other Units","0",0.0,0.0,0.0,0.0,0.0,0.0,0.0,0.0,0.0,0.0,0.0,0.0,0.0,0.0,0.0,0.0,0.0,0.0,0.0,0.0
1513,"2018","Telangana","36","Ranga Reddy","518","Cyberabad Commissionerate","35",89.0,132.0,312.0,391.0,252.0,115.0,47.0,57.0,139.0,730.0,649.0,180.0,59.0,0.0,0.0,0.0,0.0,0.0,0.0,0.0
1514,"2018","Telangana","36","Hyderabad","507","Hyderabad Commissionerate","41",109.0,133.0,207.0,366.0,251.0,128.0,27.0,63.0,295.0,745.0,365.0,105.0,58.0,0.0,0.0,0.0,0.0,1.0,0.0,0.0
1515,"2018","Telangana","36","Karimnagar","508","Karimnagar Commissionerate","3",5.0,12.0,21.0,32.0,22.0,9.0,6.0,4.0,55.0,127.0,36.0,11.0,5.0,0.0,0.0,0.0,0.0,0.0,0.0,0.0
1516,"2018","Telangana","36","Khammam","509","Khammam Commissionerate","3",5.0,2.0,45.0,30.0,17.0,15.0,2.0,4.0,0.0,194.0,30.0,2.0,3.0,0.0,0.0,0.0,0.0,0.0,0.0,0.0
1517,"2018","Telangana","36","Nizamabad","516","Nizamabad Commissionerate","9",18.0,22.0,49.0,35.0,12.0,17.0,10.0,15.0,59.0,203.0,23.0,11.0,4.0,0.0,0.0,0.0,0.0,0.0,0.0,0.0
1518,"2018","Telangana","36","Yadadri Bhuvanagiri","697","Rachakonda Commissionerate","36",108.0,99.0,195.0,270.0,124.0,60.0,38.0,28.0,129.0,648.0,198.0,66.0,31.0,0.0,0.0,0.0,0.0,0.0,0.0,0.0
1519,"2018","Telangana","36","Peddapalli","682","Ramagundam Commissionerate","0",6.0,6.0,32.0,42.0,23.0,6.0,0.0,3.0,90.0,201.0,46.0,7.0,2.0,0.0,0.0,0.0,0.0,0.0,0.0,0.0
1520,"2018","Telangana","36","Siddipet","692","Siddipet Commissionerate","7",6.0,6.0,19.0,24.0,3.0,6.0,3.0,3.0,54.0,94.0,22.0,2.0,5.0,0.0,0.0,0.0,0.0,0.0,0.0,0.0
1521,"2018","Telangana","36","Warangal","522","Warangal Commissionerate","12",15.0,17.0,35.0,49.0,33.0,12.0,6.0,14.0,87.0,252.0,79.0,12.0,5.0,0.0,0.0,0.0,0.0,0.0,0.0,0.0
1522,"2018","Telangana","36","Adilabad","501","Adilabad","3",7.0,8.0,16.0,7.0,4.0,8.0,0.0,1.0,16.0,59.0,7.0,1.0,2.0,0.0,0.0,0.0,0.0,0.0,0.0,0.0
1523,"2018","Telangana","36","Bhadradri Kothagudem","690","Bhadradri Kothagudem","2",6.0,5.0,13.0,28.0,10.0,7.0,8.0,3.0,3.0,96.0,46.0,7.0,2.0,0.0,0.0,0.0,0.0,0.0,0.0,0.0
1524,"2018","Telangana","36","Jagitial","681","Jagityal","4",5.0,4.0,11.0,14.0,12.0,2.0,6.0,1.0,30.0,83.0,40.0,8.0,4.0,0.0,0.0,0.0,0.0,0.0,0.0,0.0
1525,"2018","Telangana","36","Jayashankar Bhupalapally","687","Jayashankar Bhupalpalli","0",1.0,3.0,2.0,5.0,7.0,2.0,0.0,1.0,5.0,43.0,8.0,7.0,0.0,0.0,0.0,0.0,0.0,0.0,0.0,0.0
1526,"2018","Telangana","36","Jogulamba Gadwal","695","Jogulamba Gadwal","0",6.0,6.0,6.0,14.0,10.0,1.0,0.0,0.0,21.0,51.0,17.0,0.0,3.0,0.0,0.0,0.0,0.0,0.0,0.0,0.0
1527,"2018","Telangana","36","Kamareddy","685","Kamareddy","6",8.0,7.0,12.0,15.0,10.0,9.0,7.0,6.0,15.0,89.0,28.0,2.0,0.0,0.0,0.0,0.0,0.0,0.0,0.0,0.0
1528,"2018","Telangana","36","Kumuram Bheem Asifabad","699","Kumaram Bheem Asifabad","1",1.0,4.0,4.0,4.0,10.0,1.0,3.0,1.0,15.0,33.0,17.0,1.0,1.0,0.0,0.0,0.0,0.0,0.0,0.0,0.0
1529,"2018","Telangana","36","Mahabubabad","688","Mahabubabad","1",2.0,6.0,7.0,6.0,5.0,5.0,0.0,8.0,33.0,54.0,13.0,1.0,2.0,0.0,0.0,0.0,0.0,0.0,0.0,0.0
1530,"2018","Telangana","36","Mahabubnagar","512","Mahabubnagar","2",11.0,11.0,15.0,35.0,16.0,9.0,6.0,7.0,21.0,128.0,32.0,7.0,3.0,0.0,0.0,0.0,0.0,0.0,0.0,0.0
1531,"2018","Telangana","36","Medak","513","Medak","6",5.0,8.0,20.0,15.0,10.0,4.0,4.0,8.0,21.0,90.0,28.0,4.0,1.0,0.0,0.0,0.0,0.0,0.0,0.0,0.0
1532,"2018","Telangana","36","Nagarkurnool","694","Nagarkurnool","1",2.0,4.0,4.0,19.0,10.0,3.0,1.0,4.0,22.0,69.0,28.0,7.0,5.0,0.0,0.0,0.0,0.0,0.0,0.0,0.0
1533,"2018","Telangana","36","Nalgonda","514","Nalgonda","4",8.0,20.0,22.0,28.0,21.0,3.0,2.0,2.0,81.0,151.0,51.0,5.0,3.0,0.0,0.0,0.0,0.0,0.0,0.0,0.0
1534,"2018","Telangana","36","Nirmal","680","Nirmal","4",0.0,3.0,12.0,17.0,7.0,5.0,1.0,3.0,32.0,45.0,22.0,0.0,2.0,0.0,0.0,0.0,0.0,0.0,0.0,0.0
1535,"2018","Telangana","36","Rajanna Sircilla","683","Rajanna Siricilla","0",0.0,1.0,7.0,9.0,5.0,3.0,0.0,2.0,12.0,50.0,11.0,4.0,2.0,0.0,0.0,0.0,0.0,0.0,0.0,0.0
1536,"2018","Telangana","36","Sangareddy","691","Sangareddy","13",16.0,30.0,38.0,60.0,32.0,15.0,13.0,15.0,90.0,161.0,45.0,3.0,7.0,0.0,0.0,0.0,0.0,0.0,0.0,0.0
1537,"2018","Telangana","36","Suryapet","696","Suryapet","2",1.0,4.0,9.0,16.0,9.0,2.0,0.0,3.0,23.0,63.0,34.0,3.0,1.0,0.0,0.0,0.0,0.0,0.0,0.0,0.0
1538,"2018","Telangana","36","Vikarabad","698","Vikarabad","4",3.0,3.0,3.0,13.0,7.0,4.0,1.0,3.0,14.0,52.0,17.0,2.0,0.0,0.0,0.0,0.0,0.0,0.0,0.0,0.0
1539,"2018","Telangana","36","Wanaparthy","693","Wanaparthy","0",5.0,10.0,12.0,3.0,3.0,2.0,0.0,6.0,47.0,80.0,10.0,0.0,1.0,0.0,0.0,0.0,0.0,0.0,0.0,0.0
1540,"2018","Telangana","36","Hyderabad","507","Railway Police Secunderabad","1",1.0,6.0,3.0,10.0,5.0,1.0,0.0,0.0,4.0,6.0,2.0,2.0,0.0,0.0,0.0,0.0,0.0,0.0,0.0,0.0
1541,"2018","Tripura","16","Dhalai","269","Dhalai","0",0.0,2.0,15.0,13.0,3.0,1.0,0.0,0.0,8.0,36.0,9.0,6.0,0.0,0.0,0.0,0.0,0.0,0.0,0.0,0.0
1542,"2018","Tripura","16","Gomati","654","Gomati","1",2.0,0.0,15.0,19.0,4.0,1.0,0.0,4.0,9.0,62.0,19.0,1.0,0.0,0.0,0.0,0.0,0.0,0.0,0.0,0.0
1543,"2018","Tripura","16","West Tripura","272","Grp","0",0.0,0.0,0.0,0.0,0.0,0.0,0.0,0.0,0.0,0.0,0.0,0.0,0.0,0.0,0.0,0.0,0.0,0.0,0.0,0.0
1544,"2018","Tripura","16","Khowai","652","Kowai","2",0.0,0.0,7.0,20.0,6.0,0.0,0.0,1.0,2.0,32.0,22.0,0.0,0.0,0.0,0.0,0.0,0.0,0.0,0.0,0.0
1545,"2018","Tripura","16","North Tripura","270","North","0",1.0,0.0,16.0,13.0,4.0,0.0,0.0,0.0,16.0,47.0,5.0,0.0,0.0,0.0,0.0,0.0,0.0,0.0,0.0,0.0
1546,"2018","Tripura","16","Sepahijala","653","Sipahijala","0",0.0,1.0,32.0,19.0,5.0,2.0,0.0,0.0,12.0,93.0,15.0,4.0,1.0,0.0,0.0,0.0,0.0,0.0,0.0,0.0
1547,"2018","Tripura","16","South Tripura","271","South","0",1.0,5.0,17.0,16.0,3.0,2.0,0.0,1.0,27.0,57.0,17.0,1.0,0.0,0.0,0.0,0.0,0.0,0.0,0.0,0.0
1548,"2018","Tripura","16","Unakoti","655","Unakoti","1",1.0,2.0,26.0,13.0,0.0,3.0,0.0,2.0,7.0,109.0,27.0,0.0,2.0,0.0,0.0,0.0,0.0,0.0,0.0,0.0
1549,"2018","Tripura","16","West Tripura","272","West","3",10.0,9.0,54.0,100.0,43.0,14.0,2.0,5.0,45.0,201.0,143.0,25.0,11.0,0.0,0.0,0.0,0.0,0.0,0.0,0.0
1550,"2018","Uttar Pradesh","09","Agra","118","Agra","1",6.0,15.0,89.0,60.0,23.0,16.0,0.0,2.0,12.0,112.0,36.0,9.0,13.0,0.0,0.0,0.0,0.0,0.0,0.0,0.0
1551,"2018","Uttar Pradesh","09","Aligarh","119","Aligarh","2",2.0,6.0,8.0,45.0,20.0,6.0,1.0,1.0,9.0,45.0,15.0,3.0,2.0,0.0,0.0,0.0,0.0,0.0,0.0,0.0
1552,"2018","Uttar Pradesh","09","Prayagraj","120","Prayagraj","1",19.0,20.0,58.0,50.0,30.0,13.0,4.0,30.0,63.0,97.0,48.0,6.0,5.0,0.0,0.0,0.0,0.0,0.0,0.0,0.0
1553,"2018","Uttar Pradesh","09","Ambedkar Nagar","121","Ambedkar Nagar","0",4.0,2.0,6.0,9.0,2.0,2.0,0.0,3.0,10.0,40.0,5.0,1.0,1.0,0.0,0.0,0.0,0.0,0.0,0.0,0.0
1554,"2018","Uttar Pradesh","09","Amethi","640","Amethi","1",6.0,5.0,7.0,7.0,3.0,4.0,0.0,5.0,21.0,22.0,2.0,1.0,1.0,0.0,0.0,0.0,0.0,0.0,0.0,0.0
1555,"2018","Uttar Pradesh","09","Amroha","154","Amroha","0",0.0,4.0,0.0,0.0,0.0,0.0,0.0,0.0,2.0,0.0,0.0,0.0,0.0,0.0,0.0,0.0,0.0,0.0,0.0,0.0
1556,"2018","Uttar Pradesh","09","Auraiya","122","Auraiya","0",1.0,1.0,0.0,0.0,0.0,0.0,0.0,0.0,7.0,2.0,0.0,0.0,0.0,0.0,0.0,0.0,0.0,0.0,0.0,0.0
1557,"2018","Uttar Pradesh","09","Azamgarh","123","Azamgarh","0",4.0,2.0,28.0,34.0,15.0,7.0,0.0,9.0,12.0,97.0,39.0,9.0,5.0,0.0,0.0,0.0,0.0,0.0,0.0,0.0
1558,"2018","Uttar Pradesh","09","Budaun","133","Badaun","2",13.0,15.0,26.0,16.0,6.0,4.0,2.0,2.0,19.0,24.0,10.0,5.0,0.0,0.0,0.0,0.0,0.0,0.0,0.0,0.0
1559,"2018","Uttar Pradesh","09","Baghpat","124","Baghpat","0",9.0,3.0,39.0,28.0,24.0,2.0,0.0,5.0,11.0,51.0,31.0,6.0,2.0,0.0,0.0,0.0,0.0,0.0,0.0,0.0
1560,"2018","Uttar Pradesh","09","Bahraich","125","Bahraich","0",3.0,2.0,11.0,7.0,0.0,0.0,0.0,2.0,0.0,17.0,4.0,0.0,0.0,0.0,0.0,0.0,0.0,0.0,0.0,0.0
1561,"2018","Uttar Pradesh","09","Ballia","126","Ballia","0",10.0,5.0,12.0,6.0,6.0,13.0,0.0,2.0,10.0,36.0,3.0,3.0,2.0,0.0,0.0,0.0,0.0,0.0,0.0,0.0
1562,"2018","Uttar Pradesh","09","Balrampur","127","Balrampur","0",1.0,0.0,4.0,2.0,1.0,2.0,0.0,4.0,2.0,8.0,1.0,0.0,0.0,0.0,0.0,0.0,0.0,0.0,0.0,0.0
1563,"2018","Uttar Pradesh","09","Banda","128","Banda","1",1.0,2.0,11.0,3.0,3.0,3.0,0.0,0.0,20.0,13.0,2.0,1.0,1.0,0.0,0.0,0.0,0.0,0.0,0.0,0.0
1564,"2018","Uttar Pradesh","09","Barabanki","129","Barabanki","2",22.0,18.0,19.0,8.0,7.0,5.0,0.0,13.0,9.0,27.0,7.0,1.0,2.0,0.0,0.0,0.0,0.0,0.0,0.0,0.0
1565,"2018","Uttar Pradesh","09","Bareilly","130","Bareilly","0",0.0,0.0,0.0,0.0,0.0,0.0,0.0,0.0,0.0,0.0,0.0,0.0,0.0,0.0,0.0,0.0,0.0,0.0,0.0,0.0
1566,"2018","Uttar Pradesh","09","Basti","131","Basti","0",3.0,7.0,12.0,7.0,5.0,6.0,0.0,1.0,12.0,19.0,10.0,7.0,3.0,0.0,0.0,0.0,0.0,0.0,0.0,0.0
1567,"2018","Uttar Pradesh","09","Bijnor","132","Bijnor","0",13.0,3.0,26.0,17.0,22.0,3.0,0.0,2.0,8.0,66.0,15.0,7.0,0.0,0.0,0.0,0.0,0.0,0.0,0.0,0.0
1568,"2018","Uttar Pradesh","09","Bulandshahr","134","Bulandshahar","1",5.0,8.0,21.0,10.0,10.0,3.0,1.0,0.0,12.0,37.0,13.0,1.0,2.0,0.0,0.0,0.0,0.0,0.0,0.0,0.0
1569,"2018","Uttar Pradesh","09","Chandauli","135","Chandoli","0",0.0,6.0,14.0,10.0,7.0,4.0,0.0,6.0,18.0,20.0,14.0,3.0,0.0,0.0,0.0,0.0,0.0,0.0,0.0,0.0
1570,"2018","Uttar Pradesh","09","Chitrakoot","136","Chitrakoot","0",3.0,0.0,4.0,1.0,1.0,1.0,0.0,0.0,10.0,7.0,2.0,0.0,0.0,0.0,0.0,0.0,0.0,0.0,0.0,0.0
1571,"2018","Uttar Pradesh","09","Deoria","137","Deoria","0",4.0,3.0,4.0,4.0,5.0,1.0,0.0,6.0,21.0,9.0,4.0,4.0,0.0,0.0,0.0,0.0,0.0,0.0,0.0,0.0
1572,"2018","Uttar Pradesh","09","Etah","138","Etah","1",6.0,4.0,16.0,14.0,5.0,3.0,0.0,2.0,5.0,23.0,6.0,2.0,0.0,0.0,0.0,0.0,0.0,0.0,0.0,0.0
1573,"2018","Uttar Pradesh","09","Etawah","139","Etawah","0",0.0,1.0,0.0,0.0,0.0,3.0,0.0,0.0,1.0,2.0,0.0,0.0,0.0,0.0,0.0,0.0,0.0,0.0,0.0,0.0
1574,"2018","Uttar Pradesh","09","Ayodhya","140","Ayodhya","0",5.0,7.0,13.0,15.0,10.0,5.0,0.0,1.0,16.0,43.0,11.0,4.0,1.0,0.0,0.0,0.0,0.0,0.0,0.0,0.0
1575,"2018","Uttar Pradesh","09","Farrukhabad","141","Fatehgarh","0",3.0,6.0,9.0,15.0,4.0,5.0,0.0,3.0,1.0,15.0,7.0,1.0,1.0,0.0,0.0,0.0,0.0,0.0,0.0,0.0
1576,"2018","Uttar Pradesh","09","Fatehpur","142","Fatehpur","0",4.0,5.0,23.0,12.0,7.0,3.0,0.0,4.0,14.0,42.0,27.0,4.0,0.0,0.0,0.0,0.0,0.0,0.0,0.0,0.0
1577,"2018","Uttar Pradesh","09","Firozabad","143","Firozabad","0",6.0,5.0,12.0,9.0,6.0,6.0,0.0,2.0,18.0,26.0,10.0,2.0,1.0,0.0,0.0,0.0,0.0,0.0,0.0,0.0
1578,"2018","Uttar Pradesh","09","Lucknow","162","Grp","5",2.0,5.0,17.0,14.0,15.0,6.0,1.0,1.0,5.0,11.0,13.0,5.0,1.0,0.0,0.0,0.0,0.0,0.0,0.0,0.0
1579,"2018","Uttar Pradesh","09","Gautam Buddha Nagar","144","Gautambudh Nagar","2",26.0,13.0,79.0,60.0,34.0,6.0,1.0,19.0,51.0,101.0,45.0,5.0,7.0,0.0,0.0,0.0,0.0,0.0,0.0,0.0
1580,"2018","Uttar Pradesh","09","Ghaziabad","145","Ghaziabad","0",46.0,21.0,44.0,46.0,28.0,17.0,3.0,17.0,54.0,45.0,30.0,9.0,5.0,0.0,0.0,0.0,0.0,0.0,0.0,0.0
1581,"2018","Uttar Pradesh","09","Ghazipur","146","Ghazipur","0",4.0,1.0,21.0,14.0,8.0,5.0,6.0,27.0,52.0,12.0,3.0,2.0,0.0,0.0,0.0,0.0,0.0,0.0,0.0,0.0
1582,"2018","Uttar Pradesh","09","Gonda","147","Gonda","0",4.0,2.0,17.0,1.0,7.0,0.0,0.0,7.0,13.0,27.0,8.0,1.0,3.0,0.0,0.0,0.0,0.0,0.0,0.0,0.0
1583,"2018","Uttar Pradesh","09","Gorakhpur","148","Gorakhpur","0",4.0,0.0,9.0,14.0,8.0,5.0,0.0,4.0,3.0,10.0,9.0,2.0,0.0,0.0,0.0,0.0,0.0,0.0,0.0,0.0
1584,"2018","Uttar Pradesh","09","Hamirpur","149","Hamirpur","0",5.0,6.0,3.0,2.0,1.0,1.0,0.0,6.0,78.0,2.0,3.0,0.0,0.0,0.0,0.0,0.0,0.0,0.0,0.0,0.0
1585,"2018","Uttar Pradesh","09","Hapur","661","Hapur","0",8.0,4.0,28.0,23.0,20.0,4.0,0.0,10.0,21.0,47.0,27.0,3.0,3.0,0.0,0.0,0.0,0.0,0.0,0.0,0.0
1586,"2018","Uttar Pradesh","09","Hardoi","150","Hardoi","1",5.0,3.0,19.0,7.0,9.0,3.0,1.0,2.0,13.0,19.0,3.0,0.0,0.0,0.0,0.0,0.0,0.0,0.0,0.0,0.0
1587,"2018","Uttar Pradesh","09","Hathras","163","Hathras","0",0.0,7.0,8.0,11.0,4.0,1.0,0.0,2.0,8.0,17.0,14.0,0.0,0.0,0.0,0.0,0.0,0.0,0.0,0.0,0.0
1588,"2018","Uttar Pradesh","09","Jalaun","151","Jalaun","0",4.0,4.0,9.0,13.0,14.0,2.0,1.0,4.0,6.0,21.0,11.0,2.0,0.0,0.0,0.0,0.0,0.0,0.0,0.0,0.0
1589,"2018","Uttar Pradesh","09","Jaunpur","152","Jaunpur","2",4.0,3.0,14.0,14.0,7.0,2.0,0.0,1.0,27.0,22.0,8.0,1.0,2.0,0.0,0.0,0.0,0.0,0.0,0.0,0.0
1590,"2018","Uttar Pradesh","09","Jhansi","153","Jhansi","0",5.0,10.0,5.0,2.0,0.0,0.0,0.0,1.0,27.0,35.0,45.0,0.0,0.0,0.0,0.0,0.0,0.0,0.0,0.0,0.0
1591,"2018","Uttar Pradesh","09","Kannauj","155","Kannauj","1",5.0,1.0,18.0,7.0,3.0,1.0,0.0,2.0,16.0,23.0,5.0,0.0,0.0,0.0,0.0,0.0,0.0,0.0,0.0,0.0
1592,"2018","Uttar Pradesh","09","Kanpur Dehat","156","Kanpur Dehat","0",0.0,7.0,14.0,15.0,0.0,1.0,0.0,0.0,7.0,18.0,4.0,0.0,0.0,0.0,0.0,0.0,0.0,0.0,0.0,0.0
1593,"2018","Uttar Pradesh","09","Kanpur Nagar","157","Kanpur Nagar","0",34.0,39.0,52.0,46.0,40.0,5.0,0.0,19.0,39.0,79.0,37.0,9.0,5.0,0.0,0.0,0.0,0.0,0.0,0.0,0.0
1594,"2018","Uttar Pradesh","09","Kasganj","633","Kasganj","0",4.0,2.0,8.0,5.0,3.0,3.0,0.0,0.0,2.0,15.0,3.0,0.0,0.0,0.0,0.0,0.0,0.0,0.0,0.0,0.0
1595,"2018","Uttar Pradesh","09","Kaushambi","158","Kaushambi","0",13.0,27.0,0.0,0.0,0.0,0.0,0.0,53.0,39.0,0.0,0.0,0.0,0.0,0.0,0.0,0.0,0.0,0.0,0.0,0.0
1596,"2018","Uttar Pradesh","09","Kheri","159","Khiri","2",13.0,20.0,21.0,18.0,12.0,3.0,2.0,8.0,19.0,23.0,12.0,6.0,1.0,0.0,0.0,0.0,0.0,0.0,0.0,0.0
1597,"2018","Uttar Pradesh","09","Kushi Nagar","160","Kushi Nagar","0",6.0,1.0,0.0,0.0,0.0,1.0,0.0,0.0,9.0,1.0,1.0,0.0,0.0,0.0,0.0,0.0,0.0,0.0,0.0,0.0
1598,"2018","Uttar Pradesh","09","Lalitpur","161","Lalitpur","4",4.0,2.0,6.0,5.0,1.0,2.0,1.0,18.0,37.0,6.0,3.0,1.0,0.0,0.0,0.0,0.0,0.0,0.0,0.0,0.0
1599,"2018","Uttar Pradesh","09","Lucknow","162","Lucknow","6",143.0,124.0,276.0,288.0,149.0,56.0,11.0,89.0,210.0,279.0,191.0,48.0,22.0,0.0,0.0,0.0,0.0,0.0,0.0,0.0
1600,"2018","Uttar Pradesh","09","Maharajganj","164","Maharajganj","0",4.0,2.0,3.0,5.0,2.0,3.0,0.0,1.0,10.0,13.0,1.0,0.0,0.0,0.0,0.0,0.0,0.0,0.0,0.0,0.0
1601,"2018","Uttar Pradesh","09","Mahoba","165","Mahoba","0",7.0,14.0,0.0,0.0,0.0,0.0,0.0,0.0,0.0,0.0,0.0,0.0,0.0,0.0,0.0,0.0,0.0,0.0,0.0,0.0
1602,"2018","Uttar Pradesh","09","Mainpuri","166","Mainpuri","0",3.0,0.0,15.0,4.0,0.0,0.0,0.0,3.0,72.0,2.0,0.0,0.0,0.0,0.0,0.0,0.0,0.0,0.0,0.0,0.0
1603,"2018","Uttar Pradesh","09","Mathura","167","Mathura","0",0.0,11.0,6.0,0.0,0.0,0.0,0.0,0.0,8.0,8.0,0.0,0.0,0.0,0.0,0.0,0.0,0.0,0.0,0.0,0.0
1604,"2018","Uttar Pradesh","09","Mau","168","Mau","0",3.0,2.0,9.0,9.0,4.0,3.0,0.0,2.0,1.0,30.0,6.0,0.0,3.0,0.0,0.0,0.0,0.0,0.0,0.0,0.0
1605,"2018","Uttar Pradesh","09","Meerut","169","Meerut","0",2.0,5.0,50.0,25.0,25.0,14.0,0.0,1.0,3.0,66.0,19.0,3.0,2.0,0.0,0.0,0.0,0.0,0.0,0.0,0.0
1606,"2018","Uttar Pradesh","09","Mirzapur","170","Mirzapur","0",11.0,6.0,12.0,21.0,8.0,3.0,0.0,8.0,12.0,15.0,8.0,1.0,3.0,0.0,0.0,0.0,0.0,0.0,0.0,0.0
1607,"2018","Uttar Pradesh","09","Moradabad","171","Moradabad","0",0.0,5.0,0.0,0.0,0.0,0.0,0.0,0.0,80.0,0.0,0.0,0.0,0.0,0.0,0.0,0.0,0.0,0.0,0.0,0.0
1608,"2018","Uttar Pradesh","09","Muzaffarnagar","172","Muzaffarnagar","0",6.0,8.0,22.0,15.0,8.0,5.0,0.0,6.0,8.0,26.0,8.0,5.0,1.0,0.0,0.0,0.0,0.0,0.0,0.0,0.0
1609,"2018","Uttar Pradesh","09","Pilibhit","173","Pilibhit","0",1.0,3.0,23.0,18.0,12.0,6.0,0.0,0.0,7.0,24.0,9.0,5.0,3.0,0.0,0.0,0.0,0.0,0.0,0.0,0.0
1610,"2018","Uttar Pradesh","09","Pratapgarh","174","Pratapgarh","0",2.0,9.0,0.0,0.0,0.0,0.0,0.0,4.0,1.0,0.0,0.0,0.0,0.0,0.0,0.0,0.0,0.0,0.0,0.0,0.0
1611,"2018","Uttar Pradesh","09","Rae Bareli","175","Raibareilly","0",5.0,4.0,2.0,7.0,9.0,2.0,0.0,2.0,18.0,16.0,6.0,1.0,2.0,0.0,0.0,0.0,0.0,0.0,0.0,0.0
1612,"2018","Uttar Pradesh","09","Rampur","176","Rampur","0",1.0,17.0,2.0,3.0,0.0,0.0,0.0,13.0,37.0,148.0,18.0,0.0,0.0,0.0,0.0,0.0,0.0,0.0,0.0,0.0
1613,"2018","Uttar Pradesh","09","Saharanpur","177","Saharanpur","0",6.0,11.0,35.0,37.0,20.0,11.0,0.0,1.0,2.0,42.0,30.0,8.0,0.0,0.0,0.0,0.0,0.0,0.0,0.0,0.0
1614,"2018","Uttar Pradesh","09","Sambhal","659","Sambhal","1",3.0,2.0,20.0,8.0,8.0,1.0,0.0,1.0,5.0,14.0,8.0,1.0,1.0,0.0,0.0,0.0,0.0,0.0,0.0,0.0
1615,"2018","Uttar Pradesh","09","Sant Kabeer Nagar","178","Sant Kabirnagar","0",4.0,4.0,5.0,3.0,1.0,1.0,0.0,2.0,16.0,12.0,1.0,2.0,0.0,0.0,0.0,0.0,0.0,0.0,0.0,0.0
1616,"2018","Uttar Pradesh","09","Shahjahanpur","180","Shahjahanpur","0",6.0,3.0,13.0,22.0,7.0,3.0,2.0,0.0,7.0,23.0,13.0,8.0,0.0,0.0,0.0,0.0,0.0,0.0,0.0,0.0
1617,"2018","Uttar Pradesh","09","Shamli","660","Shamli","0",3.0,8.0,10.0,8.0,6.0,1.0,0.0,0.0,2.0,17.0,9.0,4.0,1.0,0.0,0.0,0.0,0.0,0.0,0.0,0.0
1618,"2018","Uttar Pradesh","09","Shravasti","181","Shrawasti","0",0.0,0.0,0.0,0.0,0.0,0.0,1.0,0.0,0.0,0.0,0.0,0.0,0.0,0.0,0.0,0.0,0.0,0.0,0.0,0.0
1619,"2018","Uttar Pradesh","09","Siddharth Nagar","182","Sidharthnagar","0",6.0,3.0,12.0,8.0,7.0,5.0,1.0,4.0,3.0,19.0,7.0,2.0,0.0,0.0,0.0,0.0,0.0,0.0,0.0,0.0
1620,"2018","Uttar Pradesh","09","Sitapur","183","Sitapur","0",21.0,20.0,30.0,25.0,13.0,3.0,0.0,6.0,23.0,47.0,46.0,4.0,1.0,0.0,0.0,0.0,0.0,0.0,0.0,0.0
1621,"2018","Uttar Pradesh","09","Sonbhadra","184","Sonbhadra","0",0.0,13.0,25.0,5.0,2.0,4.0,0.0,0.0,0.0,44.0,12.0,2.0,0.0,0.0,0.0,0.0,0.0,0.0,0.0,0.0
1622,"2018","Uttar Pradesh","09","Bhadohi","179","Bhadohi","0",21.0,11.0,4.0,0.0,4.0,0.0,0.0,7.0,6.0,10.0,6.0,3.0,0.0,0.0,0.0,0.0,0.0,0.0,0.0,0.0
1623,"2018","Uttar Pradesh","09","Sultanpur","185","Sultanpur","2",7.0,9.0,3.0,3.0,1.0,0.0,0.0,1.0,7.0,18.0,1.0,0.0,0.0,0.0,0.0,0.0,0.0,0.0,0.0,0.0
1624,"2018","Uttar Pradesh","09","Unnao","186","Unnao","2",8.0,9.0,23.0,10.0,7.0,7.0,0.0,3.0,18.0,52.0,5.0,1.0,1.0,0.0,0.0,0.0,0.0,0.0,0.0,0.0
1625,"2018","Uttar Pradesh","09","Varanasi","187","Varanasi","1",24.0,18.0,58.0,41.0,22.0,13.0,0.0,13.0,28.0,62.0,35.0,9.0,4.0,0.0,0.0,0.0,0.0,0.0,0.0,0.0
1626,"2018","Uttarakhand","05","Almora","045","Almora","0",0.0,0.0,0.0,0.0,0.0,0.0,0.0,0.0,0.0,0.0,0.0,0.0,0.0,0.0,0.0,0.0,0.0,0.0,0.0,0.0
1627,"2018","Uttarakhand","05","Bageshwar","046","Bageshwar","0",0.0,0.0,0.0,0.0,0.0,0.0,0.0,0.0,0.0,0.0,0.0,0.0,0.0,0.0,0.0,0.0,0.0,0.0,0.0,0.0
1628,"2018","Uttarakhand","05","Chamoli","047","Chamoli","0",0.0,0.0,0.0,0.0,0.0,0.0,0.0,0.0,0.0,0.0,0.0,0.0,0.0,0.0,0.0,0.0,0.0,0.0,0.0,0.0
1629,"2018","Uttarakhand","05","Champawat","048","Champawat","0",0.0,0.0,0.0,0.0,0.0,0.0,0.0,0.0,0.0,0.0,0.0,0.0,0.0,0.0,0.0,0.0,0.0,0.0,0.0,0.0
1630,"2018","Uttarakhand","05","Dehradun","049","Dehradun","0",0.0,0.0,0.0,0.0,0.0,0.0,0.0,0.0,0.0,0.0,0.0,0.0,0.0,0.0,0.0,0.0,0.0,0.0,0.0,0.0
1631,"2018","Uttarakhand","05","Haridwar","050","Haridwar","0",0.0,0.0,0.0,0.0,0.0,0.0,0.0,0.0,0.0,0.0,0.0,0.0,0.0,0.0,0.0,0.0,0.0,0.0,0.0,0.0
1632,"2018","Uttarakhand","05","Nainital","051","Nainital","0",0.0,0.0,0.0,0.0,0.0,0.0,0.0,0.0,0.0,0.0,0.0,0.0,0.0,0.0,0.0,0.0,0.0,0.0,0.0,0.0
1633,"2018","Uttarakhand","05","Pauri Garhwal","052","Pauri Garhwal","0",0.0,0.0,0.0,0.0,0.0,0.0,0.0,0.0,0.0,0.0,0.0,0.0,0.0,0.0,0.0,0.0,0.0,0.0,0.0,0.0
1634,"2018","Uttarakhand","05","Pithoragarh","053","Pithoragarh","0",0.0,6.0,4.0,2.0,2.0,3.0,0.0,0.0,9.0,15.0,4.0,0.0,2.0,0.0,0.0,0.0,0.0,0.0,0.0,0.0
1635,"2018","Uttarakhand","05","Rudra Prayag","054","Rudra Prayag","0",0.0,0.0,0.0,0.0,0.0,0.0,0.0,0.0,0.0,0.0,0.0,0.0,0.0,0.0,0.0,0.0,0.0,0.0,0.0,0.0
1636,"2018","Uttarakhand","05","Tehri Garhwal","055","Tehri Garhwal","30",94.0,167.0,179.0,315.0,199.0,94.0,14.0,74.0,239.0,465.0,296.0,80.0,19.0,0.0,0.0,0.0,0.0,0.0,0.0,0.0
1637,"2018","Uttarakhand","05","Udam Singh Nagar","056","Udhamsingh Nagar","0",0.0,0.0,0.0,0.0,0.0,0.0,0.0,0.0,0.0,0.0,0.0,0.0,0.0,0.0,0.0,0.0,0.0,0.0,0.0,0.0
1638,"2018","Uttarakhand","05","Uttar Kashi","057","Uttarkashi","0",0.0,0.0,0.0,0.0,0.0,0.0,0.0,0.0,0.0,0.0,0.0,0.0,0.0,0.0,0.0,0.0,0.0,0.0,0.0,0.0
1639,"2018","Uttarakhand","05","Dehradun","049","Grp","0",0.0,0.0,0.0,0.0,0.0,0.0,0.0,0.0,0.0,0.0,0.0,0.0,0.0,0.0,0.0,0.0,0.0,0.0,0.0,0.0
1640,"2018","West Bengal","19","Alipurduar","664","Alipurduar","0",9.0,17.0,76.0,131.0,52.0,14.0,1.0,8.0,139.0,284.0,229.0,50.0,9.0,0.0,0.0,0.0,0.0,0.0,0.0,0.0
1641,"2018","West Bengal","19","Paschim Bardhaman","704","Asansol-Durgapur Pc","2",13.0,22.0,145.0,167.0,118.0,56.0,3.0,9.0,61.0,366.0,189.0,46.0,23.0,0.0,0.0,0.0,0.0,0.0,0.0,0.0
1642,"2018","West Bengal","19","Bankura","305","Bankura","1",10.0,19.0,96.0,131.0,77.0,39.0,0.0,7.0,84.0,364.0,157.0,42.0,20.0,0.0,0.0,0.0,0.0,0.0,0.0,0.0
1643,"2018","West Bengal","19","24 Paraganas North","303","Barrackpur Pc","2",53.0,84.0,276.0,439.0,353.0,170.0,1.0,90.0,380.0,710.0,419.0,152.0,85.0,0.0,0.0,0.0,0.0,0.0,0.0,0.0
1644,"2018","West Bengal","19","24 Paraganas North","303","Bidhannagar Pc","1",9.0,19.0,68.0,136.0,88.0,58.0,0.0,18.0,112.0,245.0,154.0,37.0,21.0,0.0,0.0,0.0,0.0,0.0,0.0,0.0
1645,"2018","West Bengal","19","Birbhum","307","Birbhum","0",5.0,5.0,68.0,89.0,49.0,22.0,0.0,5.0,42.0,211.0,119.0,23.0,5.0,0.0,0.0,0.0,0.0,0.0,0.0,0.0
1646,"2018","West Bengal","19","Coochbehar","308","Coochbehar","0",18.0,22.0,121.0,154.0,71.0,21.0,2.0,31.0,151.0,533.0,334.0,67.0,8.0,0.0,0.0,0.0,0.0,0.0,0.0,0.0
1647,"2018","West Bengal","19","Dinajpur Dakshin","310","Dakshin Dinajpur","2",13.0,23.0,116.0,72.0,52.0,24.0,1.0,16.0,184.0,580.0,115.0,14.0,3.0,0.0,0.0,0.0,0.0,0.0,0.0,0.0
1648,"2018","West Bengal","19","Darjeeling","309","Darjeeling","0",4.0,6.0,22.0,53.0,29.0,12.0,0.0,3.0,31.0,129.0,123.0,15.0,2.0,0.0,0.0,0.0,0.0,0.0,0.0,0.0
1649,"2018","West Bengal","19","Hooghly","312","Hooghly Rural Police","2",11.0,23.0,96.0,180.0,84.0,38.0,1.0,21.0,213.0,441.0,222.0,53.0,21.0,0.0,0.0,0.0,0.0,0.0,0.0,0.0
1650,"2018","West Bengal","19","Howrah","313","Howrah Grp","3",1.0,4.0,28.0,16.0,13.0,9.0,0.0,0.0,4.0,16.0,3.0,4.0,1.0,0.0,0.0,0.0,0.0,0.0,0.0,0.0
1651,"2018","West Bengal","19","Howrah","313","Howrah Pc","7",43.0,58.0,279.0,202.0,115.0,82.0,8.0,24.0,129.0,484.0,137.0,47.0,47.0,0.0,0.0,0.0,0.0,0.0,0.0,0.0
1652,"2018","West Bengal","19","Howrah","313","Howrah Rural","0",25.0,19.0,120.0,180.0,125.0,56.0,0.0,21.0,265.0,483.0,261.0,50.0,26.0,0.0,0.0,0.0,0.0,0.0,0.0,0.0
1653,"2018","West Bengal","19","Jalpaiguri","314","Jalpaiguri","1",10.0,13.0,113.0,139.0,60.0,23.0,1.0,4.0,83.0,448.0,234.0,31.0,15.0,0.0,0.0,0.0,0.0,0.0,0.0,0.0
1654,"2018","West Bengal","19","Jhargram","703","Jhargram","0",0.0,6.0,37.0,27.0,7.0,17.0,0.0,4.0,47.0,136.0,30.0,10.0,12.0,0.0,0.0,0.0,0.0,0.0,0.0,0.0
1655,"2018","West Bengal","19","Medinipur West","318","Kharagpur Grp","0",0.0,1.0,4.0,3.0,1.0,1.0,0.0,0.0,0.0,1.0,0.0,0.0,0.0,0.0,0.0,0.0,0.0,0.0,0.0,0.0
1656,"2018","West Bengal","19","Kolkata","315","Kolkata","15",119.0,189.0,458.0,657.0,577.0,324.0,25.0,90.0,551.0,942.0,577.0,235.0,164.0,0.0,0.0,0.0,0.0,0.0,0.0,0.0
1657,"2018","West Bengal","19","Maldah","316","Malda","4",37.0,46.0,153.0,178.0,80.0,38.0,5.0,26.0,196.0,516.0,285.0,45.0,10.0,0.0,0.0,0.0,0.0,0.0,0.0,0.0
1658,"2018","West Bengal","19","Murshidabad","319","Murshidabad","2",14.0,16.0,223.0,274.0,91.0,34.0,0.0,8.0,30.0,996.0,668.0,63.0,31.0,0.0,0.0,0.0,0.0,0.0,0.0,0.0
1659,"2018","West Bengal","19","Nadia","320","Nadia","5",27.0,50.0,253.0,333.0,215.0,75.0,5.0,32.0,355.0,1156.0,760.0,116.0,44.0,0.0,0.0,0.0,0.0,0.0,0.0,0.0
1660,"2018","West Bengal","19","Medinipur West","318","Paschim Medinipur","1",11.0,40.0,132.0,182.0,141.0,38.0,1.0,16.0,333.0,609.0,237.0,44.0,20.0,0.0,0.0,0.0,0.0,0.0,0.0,0.0
1661,"2018","West Bengal","19","Medinipur East","317","Purab Medinipur","1",17.0,18.0,117.0,85.0,53.0,25.0,2.0,12.0,244.0,549.0,116.0,34.0,17.0,0.0,0.0,0.0,0.0,0.0,0.0,0.0
1662,"2018","West Bengal","19","Purulia","321","Purulia","0",3.0,3.0,74.0,45.0,23.0,7.0,0.0,4.0,18.0,203.0,26.0,12.0,10.0,0.0,0.0,0.0,0.0,0.0,0.0,0.0
1663,"2018","West Bengal","19","Kolkata","315","Sealdah Grp","0",3.0,0.0,7.0,3.0,3.0,1.0,0.0,1.0,5.0,16.0,1.0,2.0,3.0,0.0,0.0,0.0,0.0,0.0,0.0,0.0
1664,"2018","West Bengal","19","Darjeeling","309","Siliguri Grp","0",0.0,0.0,2.0,3.0,0.0,1.0,0.0,0.0,0.0,2.0,1.0,0.0,0.0,0.0,0.0,0.0,0.0,0.0,0.0,0.0
1665,"2018","West Bengal","19","Darjeeling","309","Siliguri Pc","5",28.0,35.0,130.0,195.0,81.0,37.0,4.0,22.0,229.0,386.0,252.0,50.0,15.0,0.0,0.0,0.0,0.0,0.0,0.0,0.0
1666,"2018","West Bengal","19","Dinajpur Uttar","311","Uttar Dinajpur","2",6.0,18.0,82.0,62.0,42.0,4.0,0.0,4.0,39.0,330.0,150.0,18.0,6.0,0.0,0.0,0.0,0.0,0.0,0.0,0.0
1667,"2018","West Bengal","19","24 Paraganas South","304","Baruipur Police","3",27.0,41.0,116.0,206.0,88.0,59.0,3.0,45.0,256.0,446.0,268.0,59.0,56.0,0.0,0.0,0.0,0.0,0.0,0.0,0.0
1668,"2018","West Bengal","19","Hooghly","312","Chandannagar Pc","0",15.0,11.0,87.0,114.0,104.0,59.0,0.0,11.0,75.0,243.0,137.0,58.0,26.0,0.0,0.0,0.0,0.0,0.0,0.0,0.0
1669,"2018","West Bengal","19","24 Paraganas South","304","Diamond Harbour Police","3",40.0,44.0,142.0,213.0,134.0,53.0,4.0,37.0,311.0,538.0,320.0,87.0,34.0,0.0,0.0,0.0,0.0,0.0,0.0,0.0
1670,"2018","West Bengal","19","Kalimpong","702","Kalimpong","1",2.0,7.0,9.0,23.0,9.0,2.0,0.0,1.0,18.0,41.0,58.0,4.0,0.0,0.0,0.0,0.0,0.0,0.0,0.0,0.0
1671,"2018","West Bengal","19","Purba Bardhaman","306","Purba Bardhaman","1",13.0,26.0,101.0,164.0,100.0,29.0,2.0,27.0,252.0,417.0,246.0,44.0,19.0,0.0,0.0,0.0,0.0,0.0,0.0,0.0
1672,"2018","West Bengal","19","24 Paraganas South","304","Sundarban Police","2",6.0,14.0,55.0,71.0,45.0,17.0,1.0,11.0,52.0,314.0,162.0,40.0,10.0,0.0,0.0,0.0,0.0,0.0,0.0,0.0
1673,"2018","West Bengal","19","24 Paraganas North","303","Barasat","1",29.0,87.0,198.0,303.0,189.0,85.0,0.0,45.0,562.0,875.0,576.0,121.0,57.0,0.0,0.0,0.0,0.0,0.0,0.0,0.0
1674,"2018","West Bengal","19","24 Paraganas North","303","Basirhat","0",11.0,21.0,86.0,127.0,73.0,13.0,0.0,17.0,308.0,399.0,268.0,55.0,9.0,0.0,0.0,0.0,0.0,0.0,0.0,0.0
1675,"2018","Andaman And Nicobar Islands","35","South Andamans","602","South Andaman","4",2.0,4.0,32.0,29.0,15.0,3.0,0.0,4.0,34.0,41.0,18.0,1.0,2.0,0.0,0.0,0.0,0.0,0.0,0.0,0.0
1676,"2018","Andaman And Nicobar Islands","35","North And Middle Andaman","632","North And Middle Andaman","0",0.0,0.0,0.0,0.0,0.0,0.0,0.0,0.0,0.0,0.0,0.0,0.0,0.0,0.0,0.0,0.0,0.0,0.0,0.0,0.0
1677,"2018","Andaman And Nicobar Islands","35","Nicobars","603","Nicobar","0",0.0,0.0,0.0,0.0,0.0,0.0,0.0,0.0,0.0,0.0,0.0,0.0,0.0,0.0,0.0,0.0,0.0,0.0,0.0,0.0
1678,"2018","Chandigarh","04","Chandigarh","044","Chandigarh","6",39.0,42.0,64.0,60.0,19.0,10.0,2.0,18.0,127.0,141.0,52.0,10.0,4.0,0.0,0.0,0.0,0.0,0.0,0.0,0.0
1679,"2018","The Dadra And Nagar Haveli And Daman And Diu","38","Dadra And Nagar Haveli","465","Dadra And Nagar Haveli","0",0.0,0.0,8.0,4.0,0.0,2.0,0.0,0.0,0.0,40.0,4.0,1.0,1.0,0.0,0.0,0.0,0.0,0.0,0.0,0.0
1680,"2018","The Dadra And Nagar Haveli And Daman And Diu","38","Daman","463","Daman","0",4.0,3.0,17.0,8.0,5.0,1.0,0.0,4.0,14.0,51.0,8.0,0.0,0.0,0.0,0.0,0.0,0.0,0.0,0.0,0.0
1681,"2018","The Dadra And Nagar Haveli And Daman And Diu","38","Diu","464","Diu","0",0.0,0.0,4.0,4.0,1.0,0.0,0.0,0.0,0.0,2.0,1.0,0.0,0.0,0.0,0.0,0.0,0.0,0.0,0.0,0.0
1682,"2018","Delhi","07","Central","077","Central","13",67.0,42.0,134.0,140.0,76.0,25.0,18.0,48.0,108.0,202.0,81.0,37.0,17.0,0.0,0.0,0.0,0.0,0.0,0.0,0.0
1683,"2018","Delhi","07","North West","082","Crime Branch","0",0.0,0.0,0.0,0.0,0.0,0.0,0.0,0.0,0.0,0.0,0.0,0.0,0.0,0.0,0.0,0.0,0.0,0.0,0.0,0.0
1684,"2018","Delhi","07","East","078","East","7",75.0,69.0,278.0,137.0,49.0,37.0,5.0,56.0,188.0,448.0,69.0,25.0,24.0,0.0,0.0,0.0,0.0,0.0,0.0,0.0
1685,"2018","Delhi","07","New Delhi","079","Eow","0",0.0,0.0,0.0,0.0,0.0,0.0,0.0,0.0,0.0,0.0,0.0,0.0,0.0,0.0,0.0,0.0,0.0,0.0,0.0,0.0
1686,"2018","Delhi","07","New Delhi","079","Igi Airport","0",0.0,0.0,7.0,3.0,0.0,0.0,0.0,0.0,0.0,5.0,0.0,2.0,0.0,0.0,0.0,0.0,0.0,0.0,0.0,0.0
1687,"2018","Delhi","07","North West","082","Metro","0",0.0,1.0,13.0,6.0,4.0,2.0,1.0,0.0,1.0,8.0,7.0,1.0,3.0,0.0,0.0,0.0,0.0,0.0,0.0,0.0
1688,"2018","Delhi","07","New Delhi","079","New Delhi","1",14.0,36.0,32.0,19.0,22.0,13.0,1.0,7.0,17.0,37.0,5.0,3.0,3.0,0.0,0.0,0.0,0.0,0.0,0.0,0.0
1689,"2018","Delhi","07","North","080","North","7",70.0,49.0,146.0,171.0,71.0,36.0,13.0,58.0,76.0,188.0,103.0,28.0,12.0,0.0,0.0,0.0,0.0,0.0,0.0,0.0
1690,"2018","Delhi","07","North East","081","North-East","8",144.0,107.0,486.0,183.0,89.0,48.0,7.0,70.0,277.0,823.0,108.0,28.0,20.0,0.0,0.0,0.0,0.0,0.0,0.0,0.0
1691,"2018","Delhi","07","North West","082","North-West","19",90.0,102.0,282.0,222.0,101.0,37.0,13.0,142.0,285.0,452.0,302.0,36.0,27.0,0.0,0.0,0.0,0.0,0.0,0.0,0.0
1692,"2018","Delhi","07","North West","082","Outer","11",108.0,98.0,380.0,362.0,151.0,79.0,6.0,89.0,386.0,805.0,320.0,37.0,43.0,0.0,0.0,0.0,0.0,0.0,0.0,0.0
1693,"2018","Delhi","07","New Delhi","079","Railway","8",3.0,5.0,36.0,17.0,11.0,19.0,4.0,4.0,5.0,46.0,6.0,4.0,8.0,0.0,0.0,0.0,0.0,0.0,0.0,0.0
1694,"2018","Delhi","07","South","083","South","35",98.0,85.0,218.0,250.0,163.0,54.0,30.0,100.0,232.0,472.0,236.0,45.0,26.0,0.0,0.0,0.0,0.0,0.0,0.0,0.0
1695,"2018","Delhi","07","South East","670","South-East","4",81.0,118.0,266.0,186.0,82.0,41.0,6.0,57.0,279.0,518.0,180.0,42.0,21.0,0.0,0.0,0.0,0.0,0.0,0.0,0.0
1696,"2018","Delhi","07","South West","084","South-West","11",64.0,77.0,131.0,159.0,113.0,46.0,15.0,55.0,177.0,289.0,157.0,54.0,16.0,0.0,0.0,0.0,0.0,0.0,0.0,0.0
1697,"2018","Delhi","07","North West","082","Spl Cell","0",0.0,0.0,0.0,0.0,0.0,0.0,0.0,0.0,0.0,0.0,0.0,0.0,0.0,0.0,0.0,0.0,0.0,0.0,0.0,0.0
1698,"2018","Delhi","07","New Delhi","079","Spuwac","0",0.0,0.0,0.0,0.0,0.0,0.0,0.0,0.0,0.0,0.0,0.0,0.0,0.0,0.0,0.0,0.0,0.0,0.0,0.0,0.0
1699,"2018","Delhi","07","New Delhi","079","Vigilance","0",0.0,0.0,0.0,0.0,0.0,0.0,0.0,0.0,0.0,0.0,0.0,0.0,0.0,0.0,0.0,0.0,0.0,0.0,0.0,0.0
1700,"2018","Delhi","07","West","085","West","2",52.0,48.0,152.0,191.0,134.0,50.0,4.0,50.0,181.0,343.0,150.0,41.0,23.0,0.0,0.0,0.0,0.0,0.0,0.0,0.0
1701,"2018","Delhi","07","North West","082","Rohini","64",105.0,142.0,332.0,228.0,163.0,68.0,57.0,122.0,313.0,626.0,298.0,42.0,16.0,0.0,0.0,0.0,0.0,0.0,0.0,0.0
1702,"2018","Delhi","07","Shahdara","671","Shahdara","3",55.0,49.0,250.0,149.0,82.0,37.0,3.0,40.0,135.0,351.0,68.0,24.0,17.0,0.0,0.0,0.0,0.0,0.0,0.0,0.0
1703,"2018","Delhi","07","South West","084","Dwarka","5",60.0,118.0,189.0,295.0,136.0,71.0,2.0,58.0,310.0,417.0,245.0,41.0,30.0,0.0,0.0,0.0,0.0,0.0,0.0,0.0
1704,"2018","Lakshadweep","31","Lakshadweep District","553","Lakshadweep","0",0.0,0.0,0.0,1.0,3.0,0.0,0.0,0.0,0.0,0.0,0.0,0.0,0.0,0.0,0.0,0.0,0.0,0.0,0.0,0.0
1705,"2018","Puducherry","34","Karaikal","598","Karaikal","0",0.0,0.0,0.0,0.0,0.0,0.0,0.0,0.0,0.0,0.0,0.0,0.0,0.0,0.0,0.0,0.0,0.0,0.0,0.0,0.0
1706,"2018","Puducherry","34","Pondicherry","600","Puducherry","0",4.0,11.0,20.0,20.0,24.0,16.0,2.0,4.0,28.0,93.0,12.0,4.0,11.0,0.0,0.0,0.0,0.0,0.0,0.0,0.0
1707,"2019","Andhra Pradesh","28","Anantapur","502","Anantapur","2",22.0,36.0,93.0,61.0,26.0,17.0,1.0,22.0,257.0,415.0,58.0,5.0,8.0,0.0,0.0,0.0,0.0,0.0,0.0,0.0
1708,"2019","Andhra Pradesh","28","Chittoor","503","Chittoor","15",13.0,16.0,29.0,14.0,10.0,2.0,33.0,6.0,112.0,132.0,24.0,9.0,3.0,0.0,0.0,0.0,0.0,0.0,0.0,0.0
1709,"2019","Andhra Pradesh","28","Y.S.R.","504","Cuddapah","2",19.0,31.0,26.0,35.0,44.0,6.0,9.0,31.0,136.0,98.0,126.0,72.0,3.0,0.0,0.0,0.0,0.0,0.0,0.0,0.0
1710,"2019","Andhra Pradesh","28","East Godavari","505","East Godavari","2",6.0,19.0,69.0,70.0,31.0,18.0,6.0,16.0,80.0,205.0,39.0,6.0,7.0,1.0,0.0,8.0,0.0,0.0,0.0,0.0
1711,"2019","Andhra Pradesh","28","Anantapur","502","Guntakal Railway","0",1.0,0.0,2.0,1.0,0.0,2.0,0.0,0.0,0.0,2.0,0.0,0.0,2.0,0.0,0.0,0.0,0.0,0.0,0.0,0.0
1712,"2019","Andhra Pradesh","28","Guntur","506","Guntur","15",29.0,41.0,49.0,76.0,46.0,23.0,13.0,26.0,74.0,230.0,72.0,15.0,10.0,0.0,0.0,0.0,0.0,0.0,0.0,0.0
1713,"2019","Andhra Pradesh","28","Guntur","506","Guntur Urban","0",22.0,21.0,59.0,51.0,25.0,24.0,2.0,5.0,39.0,205.0,31.0,4.0,7.0,0.0,0.0,0.0,0.0,0.0,0.0,0.0
1714,"2019","Andhra Pradesh","28","Krishna","510","Krishna","5",8.0,0.0,66.0,60.0,32.0,11.0,9.0,18.0,0.0,193.0,48.0,9.0,5.0,0.0,0.0,0.0,0.0,0.0,0.0,0.0
1715,"2019","Andhra Pradesh","28","Kurnool","511","Kurnool","3",12.0,28.0,67.0,42.0,35.0,18.0,10.0,44.0,120.0,80.0,135.0,90.0,25.0,0.0,0.0,0.0,0.0,0.0,0.0,0.0
1716,"2019","Andhra Pradesh","28","Spsr Nellore","515","Nellore","1",16.0,19.0,35.0,34.0,21.0,15.0,1.0,18.0,92.0,159.0,54.0,14.0,7.0,0.0,0.0,0.0,0.0,0.0,0.0,0.0
1717,"2019","Andhra Pradesh","28","Prakasam","517","Prakasham","7",30.0,19.0,47.0,34.0,27.0,12.0,5.0,22.0,69.0,199.0,40.0,5.0,4.0,0.0,0.0,0.0,0.0,0.0,0.0,0.0
1718,"2019","Andhra Pradesh","28","East Godavari","505","Rajahmundry","5",14.0,14.0,66.0,55.0,29.0,13.0,1.0,10.0,40.0,142.0,23.0,9.0,8.0,0.0,0.0,0.0,0.0,0.0,0.0,0.0
1719,"2019","Andhra Pradesh","28","Srikakulam","519","Srikakulam","6",15.0,12.0,25.0,21.0,10.0,21.0,1.0,7.0,44.0,147.0,24.0,5.0,3.0,0.0,0.0,0.0,0.0,0.0,0.0,0.0
1720,"2019","Andhra Pradesh","28","Tirupati","752","Tirupathi Urban","2",3.0,9.0,63.0,36.0,19.0,0.0,1.0,23.0,44.0,36.0,119.0,37.0,0.0,0.0,0.0,0.0,0.0,0.0,0.0,0.0
1721,"2019","Andhra Pradesh","28","Ntr","749","Vijayawada City","13",46.0,49.0,96.0,119.0,59.0,28.0,22.0,29.0,121.0,263.0,58.0,17.0,11.0,0.0,0.0,0.0,0.0,0.0,0.0,0.0
1722,"2019","Andhra Pradesh","28","Ntr","749","Vijayawada Railway","1",0.0,4.0,2.0,9.0,5.0,5.0,0.0,2.0,0.0,2.0,6.0,1.0,1.0,0.0,0.0,0.0,0.0,0.0,0.0,0.0
1723,"2019","Andhra Pradesh","28","Visakhapatanam","520","Visakha Rural","0",15.0,13.0,49.0,27.0,20.0,13.0,8.0,5.0,18.0,123.0,23.0,3.0,7.0,0.0,0.0,0.0,0.0,0.0,0.0,0.0
1724,"2019","Andhra Pradesh","28","Visakhapatanam","520","Visakhapatnam","4",9.0,7.0,131.0,88.0,47.0,24.0,3.0,4.0,19.0,323.0,80.0,9.0,14.0,0.0,0.0,0.0,0.0,0.0,0.0,0.0
1725,"2019","Andhra Pradesh","28","Vizianagaram","521","Vizianagaram","7",6.0,11.0,33.0,28.0,17.0,7.0,7.0,13.0,62.0,141.0,20.0,5.0,2.0,0.0,0.0,0.0,0.0,0.0,0.0,0.0
1726,"2019","Andhra Pradesh","28","West Godavari","523","West Godavari","22",35.0,27.0,91.0,103.0,48.0,30.0,26.0,36.0,106.0,305.0,109.0,23.0,14.0,0.0,0.0,0.0,0.0,0.0,0.0,0.0
1727,"2019","Arunachal Pradesh","12","Anjaw","628","Anjaw","0",0.0,0.0,0.0,0.0,0.0,0.0,0.0,0.0,0.0,0.0,0.0,0.0,0.0,0.0,0.0,0.0,0.0,0.0,0.0,0.0
1728,"2019","Arunachal Pradesh","12","Changlang","229","Changlang","0",2.0,1.0,2.0,1.0,0.0,0.0,0.0,2.0,5.0,2.0,0.0,0.0,0.0,0.0,0.0,0.0,0.0,0.0,0.0,0.0
1729,"2019","Arunachal Pradesh","12","Papum Pare","237","Crime Branch","0",0.0,0.0,0.0,0.0,0.0,0.0,0.0,0.0,0.0,0.0,0.0,0.0,0.0,0.0,0.0,0.0,0.0,0.0,0.0,0.0
1730,"2019","Arunachal Pradesh","12","Dibang Valley","230","Dibang Valley","0",0.0,0.0,0.0,0.0,0.0,0.0,0.0,0.0,0.0,0.0,0.0,0.0,0.0,0.0,0.0,0.0,0.0,0.0,0.0,0.0
1731,"2019","Arunachal Pradesh","12","East Kameng","231","Kameng East","0",0.0,0.0,0.0,0.0,0.0,0.0,0.0,0.0,0.0,0.0,0.0,0.0,0.0,0.0,0.0,0.0,0.0,0.0,0.0,0.0
1732,"2019","Arunachal Pradesh","12","West Kameng","242","Kameng West","0",0.0,0.0,0.0,0.0,0.0,0.0,0.0,2.0,0.0,0.0,0.0,0.0,0.0,0.0,0.0,0.0,0.0,0.0,0.0,0.0
1733,"2019","Arunachal Pradesh","12","Kurung Kumey","233","Kurung Kumey","0",0.0,0.0,0.0,0.0,0.0,0.0,0.0,0.0,0.0,0.0,0.0,0.0,0.0,0.0,0.0,0.0,0.0,0.0,0.0,0.0
1734,"2019","Arunachal Pradesh","12","Lohit","234","Lohit","0",0.0,0.0,0.0,0.0,0.0,0.0,0.0,0.0,0.0,0.0,0.0,0.0,0.0,0.0,0.0,0.0,0.0,0.0,0.0,0.0
1735,"2019","Arunachal Pradesh","12","Longding","666","Longding","0",0.0,0.0,0.0,0.0,0.0,0.0,0.0,0.0,0.0,0.0,0.0,0.0,0.0,0.0,0.0,0.0,0.0,0.0,0.0,0.0
1736,"2019","Arunachal Pradesh","12","Lower Dibang Valley","235","Lower Dibang Valley","0",0.0,0.0,0.0,0.0,0.0,0.0,0.0,0.0,0.0,0.0,0.0,0.0,0.0,0.0,0.0,0.0,0.0,0.0,0.0,0.0
1737,"2019","Arunachal Pradesh","12","Papum Pare","237","Papum Pare Rural","0",1.0,6.0,1.0,0.0,0.0,0.0,0.0,0.0,0.0,0.0,0.0,0.0,0.0,0.0,0.0,0.0,0.0,0.0,0.0,0.0
1738,"2019","Arunachal Pradesh","12","East Siang","232","Siang East","0",0.0,0.0,0.0,0.0,0.0,0.0,0.0,0.0,0.0,0.0,0.0,0.0,0.0,0.0,0.0,0.0,0.0,0.0,0.0,0.0
1739,"2019","Arunachal Pradesh","12","Upper Siang","240","Siang Upper","0",0.0,0.0,0.0,0.0,0.0,0.0,0.0,0.0,0.0,0.0,0.0,0.0,0.0,0.0,0.0,0.0,0.0,0.0,0.0,0.0
1740,"2019","Arunachal Pradesh","12","West Siang","243","Siang West","0",0.0,0.0,0.0,0.0,0.0,0.0,0.0,0.0,0.0,0.0,0.0,0.0,0.0,0.0,0.0,0.0,0.0,0.0,0.0,0.0
1741,"2019","Arunachal Pradesh","12","Lower Subansiri","236","Subansiri Lower","0",0.0,0.0,0.0,0.0,0.0,0.0,0.0,0.0,0.0,0.0,0.0,0.0,0.0,0.0,0.0,0.0,0.0,0.0,0.0,0.0
1742,"2019","Arunachal Pradesh","12","Upper Subansiri","241","Subansiri Upper","0",0.0,0.0,0.0,0.0,0.0,0.0,0.0,0.0,0.0,0.0,0.0,0.0,0.0,0.0,0.0,0.0,0.0,0.0,0.0,0.0
1743,"2019","Arunachal Pradesh","12","Tawang","238","Tawang","0",0.0,0.0,0.0,0.0,0.0,0.0,0.0,0.0,0.0,0.0,0.0,0.0,0.0,0.0,0.0,0.0,0.0,0.0,0.0,0.0
1744,"2019","Arunachal Pradesh","12","Tirap","239","Tirap","0",0.0,0.0,0.0,0.0,0.0,0.0,0.0,0.0,0.0,0.0,0.0,0.0,0.0,0.0,0.0,0.0,0.0,0.0,0.0,0.0
1745,"2019","Arunachal Pradesh","12","Namsai","678","Namsai","0",0.0,0.0,0.0,0.0,0.0,0.0,0.0,0.0,0.0,0.0,0.0,0.0,0.0,0.0,0.0,0.0,0.0,0.0,0.0,0.0
1746,"2019","Arunachal Pradesh","12","Siang","679","Siang","0",0.0,0.0,0.0,0.0,0.0,0.0,0.0,0.0,0.0,0.0,0.0,0.0,0.0,0.0,0.0,0.0,0.0,0.0,0.0,0.0
1747,"2019","Arunachal Pradesh","12","Kamle","718","Kamle","0",0.0,0.0,0.0,0.0,0.0,0.0,0.0,0.0,0.0,0.0,0.0,0.0,0.0,0.0,0.0,0.0,0.0,0.0,0.0,0.0
1748,"2019","Arunachal Pradesh","12","Kra Daadi","677","Kra Dadi","0",0.0,0.0,0.0,0.0,0.0,0.0,0.0,0.0,0.0,0.0,0.0,0.0,0.0,0.0,0.0,0.0,0.0,0.0,0.0,0.0
1749,"2019","Arunachal Pradesh","12","Lower Siang","719","Lower Siang","0",0.0,0.0,0.0,0.0,0.0,0.0,0.0,0.0,0.0,0.0,0.0,0.0,0.0,0.0,0.0,0.0,0.0,0.0,0.0,0.0
1750,"2019","Arunachal Pradesh","12","Leparada","724","Leparada","0",0.0,0.0,0.0,0.0,0.0,0.0,0.0,0.0,0.0,0.0,0.0,0.0,0.0,0.0,0.0,0.0,0.0,0.0,0.0,0.0
1751,"2019","Arunachal Pradesh","12","Shi Yomi","725","Shiyomi","0",0.0,0.0,0.0,0.0,0.0,0.0,0.0,0.0,0.0,0.0,0.0,0.0,0.0,0.0,0.0,0.0,0.0,0.0,0.0,0.0
1752,"2019","Arunachal Pradesh","12","Pakke Kessang","723","Pakkessang","0",0.0,0.0,0.0,0.0,0.0,0.0,0.0,0.0,0.0,0.0,0.0,0.0,0.0,0.0,0.0,0.0,0.0,0.0,0.0,0.0
1753,"2019","Assam","18","Kamrup Metro","618","Bieo","0",0.0,0.0,0.0,0.0,0.0,0.0,0.0,0.0,0.0,0.0,0.0,0.0,0.0,0.0,0.0,0.0,0.0,0.0,0.0,0.0
1754,"2019","Assam","18","Barpeta","280","Barpeta","0",0.0,4.0,5.0,2.0,1.0,0.0,0.0,0.0,3.0,7.0,6.0,0.0,0.0,0.0,0.0,0.0,0.0,0.0,0.0,0.0
1755,"2019","Assam","18","Baksa","616","Baksa","0",11.0,6.0,13.0,14.0,5.0,2.0,0.0,5.0,28.0,116.0,33.0,7.0,1.0,0.0,0.0,0.0,0.0,0.0,0.0,0.0
1756,"2019","Assam","18","Bongaigaon","281","Bongaigaon","0",12.0,12.0,14.0,11.0,4.0,3.0,2.0,6.0,62.0,84.0,64.0,2.0,0.0,0.0,0.0,0.0,0.0,0.0,0.0,0.0
1757,"2019","Assam","18","Kamrup Metro","618","Cid","0",0.0,0.0,0.0,0.0,0.0,0.0,0.0,0.0,0.0,0.0,0.0,0.0,0.0,0.0,0.0,0.0,0.0,0.0,0.0,0.0
1758,"2019","Assam","18","Cachar","282","Cachar","3",15.0,185.0,255.0,35.0,14.0,0.0,2.0,18.0,22.0,135.0,25.0,1.0,0.0,0.0,0.0,0.0,0.0,0.0,0.0,0.0
1759,"2019","Assam","18","Chirang","612","Chirang","0",2.0,1.0,7.0,7.0,5.0,0.0,1.0,2.0,6.0,47.0,17.0,0.0,0.0,0.0,0.0,0.0,0.0,0.0,0.0,0.0
1760,"2019","Assam","18","Darrang","283","Darrang","0",0.0,2.0,12.0,8.0,2.0,0.0,0.0,0.0,6.0,32.0,22.0,0.0,0.0,0.0,0.0,0.0,0.0,0.0,0.0,0.0
1761,"2019","Assam","18","Dhemaji","284","Dhemaji","0",12.0,20.0,109.0,44.0,2.0,2.0,0.0,4.0,6.0,65.0,24.0,11.0,0.0,0.0,0.0,0.0,0.0,0.0,0.0,0.0
1762,"2019","Assam","18","Dhubri","285","Dhubri","1",4.0,12.0,24.0,17.0,9.0,8.0,4.0,4.0,94.0,93.0,48.0,6.0,1.0,0.0,0.0,0.0,0.0,0.0,0.0,0.0
1763,"2019","Assam","18","Dibrugarh","286","Dibrugarh","0",2.0,0.0,0.0,0.0,0.0,0.0,0.0,6.0,4.0,0.0,0.0,0.0,0.0,0.0,0.0,0.0,0.0,0.0,0.0,0.0
1764,"2019","Assam","18","Kamrup Metro","618","Grp","0",0.0,0.0,0.0,0.0,0.0,0.0,0.0,0.0,0.0,0.0,0.0,0.0,0.0,0.0,0.0,0.0,0.0,0.0,0.0,0.0
1765,"2019","Assam","18","Goalpara","287","Goalpara","0",0.0,0.0,0.0,0.0,0.0,0.0,0.0,0.0,0.0,0.0,0.0,0.0,0.0,0.0,0.0,0.0,0.0,0.0,0.0,0.0
1766,"2019","Assam","18","Golaghat","288","Golaghat","0",0.0,0.0,0.0,25.0,0.0,0.0,0.0,0.0,0.0,0.0,52.0,0.0,0.0,0.0,0.0,0.0,0.0,0.0,0.0,0.0
1767,"2019","Assam","18","Kamrup Metro","618","Guwahati City","0",26.0,59.0,142.0,182.0,98.0,32.0,2.0,22.0,74.0,381.0,214.0,43.0,6.0,0.0,0.0,0.0,0.0,0.0,0.0,0.0
1768,"2019","Assam","18","Hailakandi","289","Hailakandi","0",5.0,6.0,8.0,15.0,0.0,0.0,0.0,3.0,40.0,55.0,69.0,0.0,0.0,0.0,0.0,0.0,0.0,0.0,0.0,0.0
1769,"2019","Assam","18","West Karbi Anglong","710","Hamren","0",0.0,0.0,0.0,0.0,0.0,0.0,0.0,0.0,0.0,0.0,0.0,0.0,0.0,0.0,0.0,0.0,0.0,0.0,0.0,0.0
1770,"2019","Assam","18","Jorhat","290","Jorhat","0",20.0,9.0,0.0,0.0,0.0,0.0,2.0,2.0,6.0,0.0,0.0,0.0,0.0,0.0,0.0,0.0,0.0,0.0,0.0,0.0
1771,"2019","Assam","18","Kamrup","291","Kamrup","1",1.0,11.0,52.0,28.0,11.0,4.0,0.0,4.0,20.0,156.0,45.0,15.0,3.0,0.0,0.0,0.0,0.0,0.0,0.0,0.0
1772,"2019","Assam","18","Karbi Anglong","292","Karbi Anglong","0",0.0,0.0,0.0,0.0,0.0,0.0,0.0,0.0,0.0,0.0,0.0,0.0,0.0,0.0,0.0,0.0,0.0,0.0,0.0,0.0
1773,"2019","Assam","18","Karimganj","293","Karimganj","0",0.0,0.0,0.0,0.0,0.0,0.0,0.0,0.0,0.0,0.0,0.0,0.0,0.0,0.0,0.0,0.0,0.0,0.0,0.0,0.0
1774,"2019","Assam","18","Kokrajhar","294","Kokrajhar","0",0.0,0.0,0.0,0.0,0.0,0.0,0.0,0.0,0.0,0.0,0.0,0.0,0.0,0.0,0.0,0.0,0.0,0.0,0.0,0.0
1775,"2019","Assam","18","Lakhimpur","295","Lakhimpur","0",9.0,10.0,32.0,15.0,9.0,1.0,2.0,5.0,67.0,19.0,5.0,2.0,0.0,0.0,0.0,0.0,0.0,0.0,0.0,0.0
1776,"2019","Assam","18","Marigaon","296","Morigaon","0",0.0,0.0,0.0,0.0,0.0,0.0,0.0,0.0,0.0,100.0,0.0,0.0,0.0,0.0,0.0,0.0,0.0,0.0,0.0,0.0
1777,"2019","Assam","18","Dima Hasao","299","Dima Hasao","0",2.0,0.0,3.0,4.0,1.0,1.0,0.0,0.0,4.0,19.0,5.0,1.0,0.0,0.0,0.0,0.0,0.0,0.0,0.0,0.0
1778,"2019","Assam","18","Nagaon","297","Nagaon","0",0.0,0.0,0.0,0.0,0.0,0.0,0.0,0.0,0.0,0.0,0.0,0.0,0.0,0.0,0.0,0.0,0.0,0.0,0.0,0.0
1779,"2019","Assam","18","Nalbari","298","Nalbari","0",0.0,0.0,0.0,0.0,0.0,0.0,0.0,0.0,0.0,0.0,0.0,0.0,0.0,0.0,0.0,0.0,0.0,0.0,0.0,0.0
1780,"2019","Assam","18","Kamrup Metro","618","Rpo","0",0.0,0.0,0.0,0.0,0.0,0.0,0.0,0.0,0.0,0.0,0.0,0.0,0.0,0.0,0.0,0.0,0.0,0.0,0.0,0.0
1781,"2019","Assam","18","Kamrup Metro","618","Sou","0",0.0,0.0,0.0,0.0,0.0,0.0,0.0,0.0,0.0,0.0,0.0,0.0,0.0,0.0,0.0,0.0,0.0,0.0,0.0,0.0
1782,"2019","Assam","18","Kamrup Metro","618","Stf","0",0.0,0.0,0.0,0.0,0.0,0.0,0.0,0.0,0.0,0.0,0.0,0.0,0.0,0.0,0.0,0.0,0.0,0.0,0.0,0.0
1783,"2019","Assam","18","Sivasagar","300","Sibsagar","0",5.0,4.0,4.0,0.0,0.0,0.0,0.0,5.0,8.0,6.0,0.0,0.0,0.0,0.0,0.0,0.0,0.0,0.0,0.0,0.0
1784,"2019","Assam","18","Sonitpur","301","Sonitpur","0",8.0,14.0,2.0,6.0,0.0,0.0,2.0,13.0,157.0,80.0,32.0,3.0,1.0,0.0,0.0,0.0,0.0,0.0,0.0,0.0
1785,"2019","Assam","18","Tinsukia","302","Tinsukia","0",2.0,10.0,0.0,23.0,4.0,1.0,0.0,0.0,5.0,21.0,56.0,6.0,0.0,0.0,0.0,0.0,0.0,0.0,0.0,0.0
1786,"2019","Assam","18","Udalguri","617","Udalguri","0",0.0,0.0,0.0,0.0,0.0,0.0,0.0,0.0,0.0,0.0,0.0,0.0,0.0,0.0,0.0,0.0,0.0,0.0,0.0,0.0
1787,"2019","Assam","18","Tinsukia","302","Sadia","0",0.0,0.0,2.0,3.0,3.0,0.0,0.0,0.0,2.0,15.0,9.0,1.0,0.0,0.0,0.0,0.0,0.0,0.0,0.0,0.0
1788,"2019","Assam","18","Majuli","706","Majuli","0",0.0,0.0,4.0,1.0,0.0,0.0,0.0,0.0,0.0,6.0,1.0,0.0,0.0,0.0,0.0,0.0,0.0,0.0,0.0,0.0
1789,"2019","Assam","18","Biswanath","705","Biswanath","0",0.0,0.0,0.0,0.0,0.0,0.0,0.0,0.0,0.0,0.0,0.0,0.0,0.0,0.0,0.0,0.0,0.0,0.0,0.0,0.0
1790,"2019","Assam","18","Hojai","709","Hojai","0",18.0,18.0,22.0,17.0,10.0,9.0,0.0,27.0,74.0,79.0,46.0,6.0,0.0,0.0,0.0,0.0,0.0,0.0,0.0,0.0
1791,"2019","Assam","18","South Salmara Mancachar","707","South Salmara","0",6.0,0.0,3.0,4.0,2.0,0.0,0.0,1.0,12.0,28.0,8.0,0.0,0.0,0.0,0.0,0.0,0.0,0.0,0.0,0.0
1792,"2019","Assam","18","Charaideo","708","Charaideo","0",3.0,2.0,1.0,5.0,3.0,2.0,0.0,1.0,12.0,11.0,19.0,2.0,0.0,0.0,0.0,0.0,0.0,0.0,0.0,0.0
1793,"2019","Bihar","10","Araria","188","Araria","2",4.0,10.0,13.0,6.0,1.0,1.0,0.0,14.0,102.0,32.0,28.0,1.0,1.0,0.0,0.0,0.0,0.0,0.0,0.0,0.0
1794,"2019","Bihar","10","Arwal","611","Arwal","0",3.0,2.0,0.0,1.0,0.0,0.0,1.0,6.0,18.0,10.0,4.0,0.0,0.0,0.0,0.0,0.0,0.0,0.0,0.0,0.0
1795,"2019","Bihar","10","Aurangabad","189","Aurangabad","0",7.0,16.0,8.0,6.0,0.0,0.0,0.0,2.0,26.0,21.0,2.0,1.0,0.0,0.0,0.0,0.0,0.0,0.0,0.0,0.0
1796,"2019","Bihar","10","Pashchim Champaran","211","Bagaha","1",4.0,2.0,2.0,1.0,0.0,0.0,0.0,12.0,54.0,8.0,11.0,0.0,0.0,0.0,0.0,0.0,0.0,0.0,0.0,0.0
1797,"2019","Bihar","10","Banka","190","Banka","2",8.0,12.0,5.0,2.0,2.0,1.0,1.0,24.0,94.0,46.0,12.0,3.0,1.0,0.0,0.0,0.0,0.0,0.0,0.0,0.0
1798,"2019","Bihar","10","Begusarai","191","Begusarai","0",9.0,3.0,1.0,4.0,0.0,0.0,0.0,48.0,81.0,7.0,0.0,0.0,0.0,0.0,0.0,0.0,0.0,0.0,0.0,0.0
1799,"2019","Bihar","10","Pashchim Champaran","211","Bettiah","0",51.0,98.0,31.0,5.0,0.0,0.0,0.0,8.0,5.0,0.0,2.0,1.0,0.0,0.0,0.0,0.0,0.0,0.0,0.0,0.0
1800,"2019","Bihar","10","Kaimur (Bhabua)","200","Bhabhua","1",4.0,16.0,10.0,2.0,2.0,0.0,0.0,21.0,74.0,26.0,7.0,1.0,0.0,0.0,0.0,0.0,0.0,0.0,0.0,0.0
1801,"2019","Bihar","10","Bhagalpur","192","Bhagalpur","1",17.0,18.0,10.0,12.0,7.0,0.0,1.0,42.0,181.0,71.0,24.0,3.0,1.0,0.0,0.0,0.0,0.0,0.0,0.0,0.0
1802,"2019","Bihar","10","Bhojpur","193","Bhojpur","4",9.0,13.0,4.0,4.0,2.0,5.0,1.0,40.0,83.0,32.0,11.0,1.0,1.0,0.0,0.0,0.0,0.0,0.0,0.0,0.0
1803,"2019","Bihar","10","Buxar","194","Buxar","2",16.0,7.0,2.0,4.0,3.0,2.0,1.0,17.0,67.0,32.0,19.0,2.0,1.0,0.0,0.0,0.0,0.0,0.0,0.0,0.0
1804,"2019","Bihar","10","Darbhanga","195","Darbhanga","6",15.0,5.0,6.0,0.0,0.0,0.0,4.0,30.0,130.0,42.0,4.0,0.0,0.0,0.0,0.0,0.0,0.0,0.0,0.0,0.0
1805,"2019","Bihar","10","Gaya","196","Gaya","9",36.0,30.0,21.0,15.0,5.0,1.0,6.0,47.0,196.0,72.0,20.0,6.0,1.0,0.0,0.0,0.0,0.0,0.0,0.0,0.0
1806,"2019","Bihar","10","Gopalganj","197","Gopalganj","1",7.0,5.0,5.0,5.0,4.0,1.0,0.0,25.0,95.0,20.0,13.0,0.0,0.0,0.0,0.0,0.0,0.0,0.0,0.0,0.0
1807,"2019","Bihar","10","Munger","207","Jamalpur Railway","0",1.0,3.0,0.0,0.0,0.0,0.0,0.0,0.0,0.0,0.0,0.0,0.0,0.0,0.0,0.0,0.0,0.0,0.0,0.0,0.0
1808,"2019","Bihar","10","Jamui","198","Jamui","0",10.0,9.0,2.0,9.0,2.0,1.0,0.0,29.0,56.0,17.0,8.0,0.0,0.0,0.0,0.0,0.0,0.0,0.0,0.0,0.0
1809,"2019","Bihar","10","Jehanabad","199","Jehanabad","0",10.0,7.0,9.0,3.0,2.0,1.0,0.0,22.0,53.0,16.0,1.0,2.0,0.0,0.0,0.0,0.0,0.0,0.0,0.0,0.0
1810,"2019","Bihar","10","Katihar","201","Katihar","1",7.0,7.0,4.0,9.0,2.0,1.0,3.0,24.0,140.0,60.0,5.0,2.0,0.0,0.0,0.0,0.0,0.0,0.0,0.0,0.0
1811,"2019","Bihar","10","Katihar","201","Katihar Railway","1",0.0,1.0,1.0,0.0,1.0,0.0,0.0,0.0,0.0,0.0,0.0,0.0,1.0,0.0,0.0,0.0,0.0,0.0,0.0,0.0
1812,"2019","Bihar","10","Khagaria","202","Khagaria","3",14.0,7.0,4.0,3.0,3.0,0.0,1.0,21.0,80.0,37.0,18.0,0.0,0.0,0.0,0.0,0.0,0.0,0.0,0.0,0.0
1813,"2019","Bihar","10","Kishanganj","203","Kishanganj","0",1.0,2.0,3.0,5.0,0.0,0.0,0.0,10.0,31.0,20.0,10.0,0.0,0.0,0.0,0.0,0.0,0.0,0.0,0.0,0.0
1814,"2019","Bihar","10","Lakhisarai","204","Lakhisarai","0",10.0,6.0,3.0,2.0,2.0,1.0,15.0,38.0,12.0,6.0,0.0,1.0,0.0,0.0,0.0,0.0,0.0,0.0,0.0,0.0
1815,"2019","Bihar","10","Madhepura","205","Madhepura","0",14.0,14.0,5.0,7.0,3.0,0.0,1.0,20.0,92.0,38.0,24.0,2.0,0.0,0.0,0.0,0.0,0.0,0.0,0.0,0.0
1816,"2019","Bihar","10","Madhubani","206","Madhubani","0",3.0,0.0,2.0,0.0,0.0,0.0,0.0,4.0,15.0,2.0,1.0,0.0,0.0,0.0,0.0,0.0,0.0,0.0,0.0,0.0
1817,"2019","Bihar","10","Purbi Champaran","213","Motihari","3",25.0,15.0,5.0,8.0,4.0,3.0,4.0,83.0,229.0,71.0,33.0,1.0,0.0,0.0,0.0,0.0,0.0,0.0,0.0,0.0
1818,"2019","Bihar","10","Munger","207","Munger","2",15.0,11.0,15.0,5.0,2.0,1.0,2.0,32.0,98.0,44.0,10.0,0.0,0.0,0.0,0.0,0.0,0.0,0.0,0.0,0.0
1819,"2019","Bihar","10","Muzaffarpur","208","Muzaffarpur","19",30.0,35.0,29.0,20.0,9.0,7.0,8.0,69.0,301.0,193.0,46.0,2.0,0.0,0.0,0.0,0.0,0.0,0.0,0.0,0.0
1820,"2019","Bihar","10","Muzaffarpur","208","Muzaffarpur Railway","0",0.0,0.0,0.0,0.0,0.0,0.0,0.0,0.0,2.0,0.0,0.0,0.0,0.0,0.0,0.0,0.0,0.0,0.0,0.0,0.0
1821,"2019","Bihar","10","Nalanda","209","Nalanda","2",52.0,23.0,14.0,16.0,7.0,5.0,0.0,53.0,191.0,70.0,24.0,6.0,2.0,0.0,0.0,0.0,0.0,0.0,0.0,0.0
1822,"2019","Bihar","10","Bhagalpur","192","Naugachia","0",9.0,0.0,8.0,0.0,0.0,0.0,0.0,10.0,64.0,13.0,0.0,0.0,0.0,0.0,0.0,0.0,0.0,0.0,0.0,0.0
1823,"2019","Bihar","10","Nawada","210","Nawadah","6",3.0,33.0,20.0,4.0,0.0,0.0,2.0,36.0,99.0,56.0,6.0,0.0,0.0,0.0,0.0,0.0,0.0,0.0,0.0,0.0
1824,"2019","Bihar","10","Patna","212","Patna","11",87.0,81.0,56.0,59.0,26.0,9.0,4.0,177.0,508.0,273.0,82.0,12.0,5.0,0.0,0.0,0.0,0.0,0.0,0.0,0.0
1825,"2019","Bihar","10","Patna","212","Patna Railway","1",0.0,0.0,1.0,3.0,0.0,2.0,2.0,0.0,0.0,11.0,1.0,2.0,0.0,0.0,0.0,0.0,0.0,0.0,0.0,0.0
1826,"2019","Bihar","10","Purnia","214","Purnea","0",22.0,16.0,13.0,7.0,1.0,0.0,0.0,37.0,124.0,59.0,5.0,2.0,0.0,0.0,0.0,0.0,0.0,0.0,0.0,0.0
1827,"2019","Bihar","10","Rohtas","215","Rohtas","2",16.0,18.0,16.0,12.0,5.0,1.0,3.0,45.0,121.0,62.0,13.0,0.0,2.0,0.0,0.0,0.0,0.0,0.0,0.0,0.0
1828,"2019","Bihar","10","Saharsa","216","Saharsa","0",4.0,6.0,9.0,6.0,4.0,0.0,0.0,14.0,47.0,31.0,18.0,2.0,0.0,0.0,0.0,0.0,0.0,0.0,0.0,0.0
1829,"2019","Bihar","10","Samastipur","217","Samastipur","4",15.0,7.0,5.0,9.0,8.0,0.0,0.0,31.0,169.0,62.0,26.0,1.0,1.0,0.0,0.0,0.0,0.0,0.0,0.0,0.0
1830,"2019","Bihar","10","Saran","218","Saran","4",30.0,21.0,24.0,16.0,15.0,2.0,2.0,80.0,208.0,106.0,35.0,6.0,1.0,0.0,0.0,0.0,0.0,0.0,0.0,0.0
1831,"2019","Bihar","10","Sheikhpura","219","Sheikhpura","0",0.0,3.0,4.0,3.0,1.0,0.0,0.0,13.0,12.0,8.0,6.0,1.0,0.0,0.0,0.0,0.0,0.0,0.0,0.0,0.0
1832,"2019","Bihar","10","Sheohar","220","Sheohar","0",1.0,3.0,3.0,1.0,0.0,0.0,0.0,7.0,29.0,6.0,1.0,0.0,0.0,0.0,0.0,0.0,0.0,0.0,0.0,0.0
1833,"2019","Bihar","10","Sitamarhi","221","Sitamarhi","7",25.0,15.0,14.0,2.0,2.0,1.0,2.0,47.0,196.0,63.0,17.0,2.0,1.0,0.0,0.0,0.0,0.0,0.0,0.0,0.0
1834,"2019","Bihar","10","Siwan","222","Siwan","3",21.0,10.0,3.0,1.0,3.0,0.0,1.0,46.0,127.0,36.0,3.0,1.0,0.0,0.0,0.0,0.0,0.0,0.0,0.0,0.0
1835,"2019","Bihar","10","Supaul","223","Supaul","0",3.0,6.0,5.0,1.0,0.0,1.0,2.0,33.0,75.0,33.0,8.0,1.0,0.0,0.0,0.0,0.0,0.0,0.0,0.0,0.0
1836,"2019","Bihar","10","Vaishali","224","Vaishali","14",21.0,17.0,17.0,5.0,3.0,2.0,17.0,26.0,223.0,39.0,23.0,2.0,0.0,0.0,0.0,0.0,0.0,0.0,0.0,0.0
1837,"2019","Bihar","10","Patna","212","Economic Offences Unit","0",0.0,0.0,0.0,0.0,0.0,0.0,0.0,0.0,0.0,0.0,0.0,0.0,0.0,0.0,0.0,0.0,0.0,0.0,0.0,0.0
1838,"2019","Bihar","10","Patna","212","Anti Terrorist Squad","0",0.0,0.0,0.0,0.0,0.0,0.0,0.0,0.0,0.0,0.0,0.0,0.0,0.0,0.0,0.0,0.0,0.0,0.0,0.0,0.0
1839,"2019","Chhattisgarh","22","Balod","646","Balod","0",3.0,8.0,48.0,18.0,9.0,9.0,1.0,6.0,70.0,253.0,43.0,6.0,3.0,0.0,0.0,0.0,0.0,0.0,0.0,0.0
1840,"2019","Chhattisgarh","22","Baloda Bazar","644","Balodbazar","0",5.0,16.0,70.0,28.0,15.0,13.0,0.0,8.0,151.0,438.0,79.0,8.0,4.0,0.0,0.0,0.0,0.0,0.0,0.0,0.0
1841,"2019","Chhattisgarh","22","Balrampur","649","Balrampur","0",2.0,6.0,14.0,16.0,3.0,2.0,1.0,4.0,41.0,74.0,27.0,2.0,1.0,0.0,0.0,0.0,0.0,0.0,0.0,0.0
1842,"2019","Chhattisgarh","22","Bemetara","650","Bemetra","2",1.0,7.0,42.0,12.0,6.0,2.0,0.0,4.0,73.0,193.0,19.0,2.0,2.0,0.0,0.0,0.0,0.0,0.0,0.0,0.0
1843,"2019","Chhattisgarh","22","Bilaspur","375","Bilaspur","1",16.0,29.0,98.0,102.0,42.0,29.0,1.0,62.0,273.0,474.0,227.0,29.0,9.0,0.0,0.0,0.0,0.0,0.0,0.0,0.0
1844,"2019","Chhattisgarh","22","Bijapur","636","Bizapur","0",2.0,2.0,7.0,4.0,0.0,0.0,0.0,1.0,9.0,25.0,4.0,0.0,1.0,0.0,0.0,0.0,0.0,0.0,0.0,0.0
1845,"2019","Chhattisgarh","22","Dantewada","376","Dantewara","0",4.0,4.0,10.0,6.0,3.0,2.0,0.0,4.0,4.0,34.0,3.0,0.0,1.0,0.0,0.0,0.0,0.0,0.0,0.0,0.0
1846,"2019","Chhattisgarh","22","Dhamtari","377","Dhamtari","0",4.0,9.0,54.0,21.0,15.0,12.0,0.0,2.0,50.0,235.0,45.0,3.0,5.0,0.0,0.0,0.0,0.0,0.0,0.0,0.0
1847,"2019","Chhattisgarh","22","Durg","378","Durg","1",21.0,40.0,196.0,103.0,70.0,30.0,0.0,19.0,193.0,623.0,145.0,27.0,13.0,0.0,0.0,0.0,0.0,0.0,0.0,0.0
1848,"2019","Chhattisgarh","22","Gariyaband","645","Gariyaband","0",0.0,0.0,24.0,13.0,1.0,1.0,0.0,2.0,47.0,136.0,17.0,3.0,0.0,0.0,0.0,0.0,0.0,0.0,0.0,0.0
1849,"2019","Chhattisgarh","22","Raipur","387","Grp Raipur","0",0.0,0.0,3.0,8.0,5.0,0.0,0.0,0.0,1.0,13.0,4.0,0.0,0.0,0.0,0.0,0.0,0.0,0.0,0.0,0.0
1850,"2019","Chhattisgarh","22","Bastar","374","Jagdalpur","1",0.0,4.0,29.0,8.0,21.0,2.0,0.0,7.0,64.0,120.0,23.0,1.0,2.0,0.0,0.0,0.0,0.0,0.0,0.0,0.0
1851,"2019","Chhattisgarh","22","Janjgir-Champa","379","Janjgir","0",12.0,16.0,60.0,69.0,30.0,10.0,0.0,11.0,137.0,250.0,180.0,72.0,17.0,0.0,0.0,0.0,0.0,0.0,0.0,0.0
1852,"2019","Chhattisgarh","22","Jashpur","380","Jashpur","0",6.0,9.0,25.0,16.0,6.0,7.0,0.0,3.0,48.0,101.0,35.0,5.0,1.0,0.0,0.0,0.0,0.0,0.0,0.0,0.0
1853,"2019","Chhattisgarh","22","Kabirdham","382","Kabirdham","0",4.0,13.0,44.0,19.0,11.0,6.0,0.0,3.0,69.0,166.0,38.0,12.0,0.0,0.0,0.0,0.0,0.0,0.0,0.0,0.0
1854,"2019","Chhattisgarh","22","Kanker","381","Kanker","0",2.0,10.0,31.0,14.0,6.0,1.0,0.0,6.0,42.0,52.0,27.0,4.0,2.0,0.0,0.0,0.0,0.0,0.0,0.0,0.0
1855,"2019","Chhattisgarh","22","Kondagaon","643","Kondagaon","0",1.0,0.0,13.0,10.0,6.0,0.0,0.0,2.0,13.0,66.0,14.0,4.0,1.0,0.0,0.0,0.0,0.0,0.0,0.0,0.0
1856,"2019","Chhattisgarh","22","Korba","383","Korba","0",10.0,22.0,43.0,65.0,26.0,6.0,0.0,6.0,106.0,201.0,123.0,22.0,4.0,0.0,0.0,0.0,0.0,0.0,0.0,0.0
1857,"2019","Chhattisgarh","22","Korea","384","Koriya","0",0.0,9.0,22.0,34.0,28.0,2.0,0.0,21.0,42.0,143.0,52.0,38.0,13.0,0.0,0.0,0.0,0.0,0.0,0.0,0.0
1858,"2019","Chhattisgarh","22","Mahasamund","385","Mahasamund","0",1.0,16.0,36.0,30.0,21.0,5.0,1.0,3.0,53.0,213.0,93.0,7.0,4.0,0.0,0.0,0.0,0.0,0.0,0.0,0.0
1859,"2019","Chhattisgarh","22","Mungeli","647","Mungali","1",7.0,6.0,34.0,13.0,9.0,9.0,0.0,3.0,84.0,156.0,25.0,4.0,2.0,0.0,0.0,0.0,0.0,0.0,0.0,0.0
1860,"2019","Chhattisgarh","22","Narayanpur","637","Narayanpur","0",1.0,1.0,1.0,1.0,3.0,0.0,0.0,3.0,10.0,18.0,2.0,0.0,0.0,0.0,0.0,0.0,0.0,0.0,0.0,0.0
1861,"2019","Chhattisgarh","22","Raigarh","386","Raigarh","1",18.0,20.0,63.0,84.0,39.0,17.0,1.0,23.0,152.0,353.0,170.0,29.0,8.0,0.0,0.0,0.0,0.0,0.0,0.0,0.0
1862,"2019","Chhattisgarh","22","Raipur","387","Raipur","0",46.0,64.0,210.0,266.0,140.0,68.0,0.0,29.0,356.0,853.0,445.0,80.0,29.0,0.0,0.0,0.0,0.0,0.0,0.0,0.0
1863,"2019","Chhattisgarh","22","Rajnandgaon","388","Rajnandgaon","0",11.0,10.0,117.0,55.0,35.0,20.0,2.0,6.0,118.0,491.0,82.0,19.0,5.0,0.0,0.0,0.0,0.0,0.0,0.0,0.0
1864,"2019","Chhattisgarh","22","Surguja","389","Sarguja","0",3.0,14.0,17.0,43.0,18.0,5.0,0.0,14.0,71.0,118.0,83.0,23.0,9.0,0.0,0.0,0.0,0.0,0.0,0.0,0.0
1865,"2019","Chhattisgarh","22","Sukma","642","Sukma","0",3.0,3.0,4.0,1.0,2.0,0.0,0.0,0.0,10.0,17.0,3.0,1.0,0.0,0.0,0.0,0.0,0.0,0.0,0.0,0.0
1866,"2019","Chhattisgarh","22","Surajpur","648","Surajpur","0",1.0,8.0,22.0,16.0,10.0,5.0,0.0,3.0,57.0,119.0,18.0,3.0,1.0,0.0,0.0,0.0,0.0,0.0,0.0,0.0
1867,"2019","Goa","30","North Goa","551","North Goa","1",1.0,1.0,45.0,54.0,32.0,17.0,4.0,3.0,0.0,88.0,22.0,8.0,6.0,0.0,0.0,0.0,0.0,0.0,0.0,0.0
1868,"2019","Goa","30","South Goa","552","South Goa","1",2.0,1.0,50.0,49.0,42.0,16.0,2.0,1.0,14.0,106.0,26.0,8.0,7.0,0.0,0.0,0.0,0.0,0.0,0.0,0.0
1869,"2019","Goa","30","North Goa","551","Cid","0",0.0,0.0,2.0,2.0,1.0,1.0,0.0,0.0,0.0,2.0,0.0,0.0,0.0,0.0,0.0,0.0,0.0,0.0,0.0,0.0
1870,"2019","Gujarat","24","Ahmadabad","438","Ahmedabad City","6",26.0,52.0,456.0,342.0,129.0,54.0,4.0,40.0,281.0,1501.0,258.0,40.0,25.0,0.0,0.0,0.0,16.0,5.0,0.0,0.0
1871,"2019","Gujarat","24","Ahmadabad","438","Ahmedabad Rural","3",1.0,0.0,26.0,31.0,12.0,6.0,5.0,1.0,0.0,72.0,17.0,2.0,1.0,0.0,0.0,0.0,0.0,0.0,0.0,0.0
1872,"2019","Gujarat","24","Amreli","439","Amreli","0",0.0,0.0,8.0,11.0,3.0,1.0,0.0,0.0,0.0,130.0,16.0,0.0,0.0,0.0,0.0,0.0,0.0,0.0,0.0,0.0
1873,"2019","Gujarat","24","Anand","440","Anand","0",0.0,0.0,64.0,46.0,33.0,3.0,0.0,0.0,0.0,169.0,127.0,43.0,6.0,0.0,0.0,0.0,0.0,0.0,0.0,0.0
1874,"2019","Gujarat","24","Arvalli","672","Arvalli","0",0.0,0.0,12.0,21.0,2.0,0.0,0.0,0.0,0.0,52.0,32.0,1.0,0.0,0.0,0.0,0.0,0.0,0.0,0.0,0.0
1875,"2019","Gujarat","24","Banas Kantha","441","Banaskantha","0",0.0,1.0,56.0,28.0,15.0,3.0,0.0,0.0,2.0,192.0,19.0,0.0,1.0,0.0,0.0,0.0,0.0,0.0,0.0,0.0
1876,"2019","Gujarat","24","Bharuch","442","Bharuch","10",8.0,0.0,42.0,32.0,20.0,10.0,5.0,10.0,1.0,178.0,29.0,5.0,2.0,0.0,0.0,0.0,0.0,0.0,0.0,0.0
1877,"2019","Gujarat","24","Bhavnagar","443","Bhavnagar","1",0.0,0.0,32.0,24.0,2.0,5.0,0.0,0.0,21.0,126.0,40.0,0.0,0.0,0.0,0.0,0.0,0.0,0.0,0.0,0.0
1878,"2019","Gujarat","24","Botad","676","Botad","0",0.0,5.0,6.0,3.0,1.0,0.0,0.0,1.0,14.0,20.0,2.0,0.0,0.0,0.0,0.0,0.0,0.0,0.0,0.0,0.0
1879,"2019","Gujarat","24","Chhotaudepur","668","Chhotaudepur","0",2.0,0.0,5.0,3.0,4.0,1.0,1.0,0.0,0.0,10.0,2.0,1.0,2.0,0.0,0.0,0.0,0.0,0.0,0.0,0.0
1880,"2019","Gujarat","24","Gandhinagar","446","Cid Crime","0",0.0,0.0,0.0,0.0,0.0,0.0,0.0,0.0,0.0,0.0,0.0,0.0,0.0,0.0,0.0,0.0,0.0,0.0,0.0,0.0
1881,"2019","Gujarat","24","Dohad","445","Dahod","0",3.0,1.0,14.0,0.0,0.0,0.0,0.0,9.0,92.0,44.0,0.0,1.0,0.0,0.0,0.0,0.0,0.0,0.0,0.0,0.0
1882,"2019","Gujarat","24","Dang","444","Dang","0",0.0,0.0,0.0,0.0,0.0,0.0,0.0,0.0,0.0,0.0,0.0,0.0,0.0,0.0,0.0,0.0,0.0,0.0,0.0,0.0
1883,"2019","Gujarat","24","Devbhumi Dwarka","674","Devbhumi Dwarka","0",1.0,0.0,12.0,7.0,3.0,3.0,0.0,3.0,15.0,51.0,8.0,1.0,2.0,0.0,0.0,0.0,0.0,0.0,0.0,0.0
1884,"2019","Gujarat","24","Gandhinagar","446","Gandhinagar","4",11.0,1.0,67.0,44.0,22.0,7.0,5.0,5.0,0.0,251.0,27.0,7.0,4.0,0.0,0.0,0.0,0.0,0.0,0.0,0.0
1885,"2019","Gujarat","24","Gir Somnath","675","Gir Somnath","2",0.0,0.0,5.0,6.0,4.0,1.0,0.0,10.0,28.0,32.0,3.0,1.0,2.0,0.0,0.0,0.0,0.0,0.0,0.0,0.0
1886,"2019","Gujarat","24","Jamnagar","447","Jamnagar","5",3.0,0.0,52.0,19.0,5.0,0.0,7.0,0.0,1.0,85.0,65.0,12.0,0.0,0.0,0.0,0.0,0.0,0.0,0.0,0.0
1887,"2019","Gujarat","24","Junagadh","448","Junagadh","0",3.0,1.0,6.0,16.0,9.0,1.0,1.0,7.0,61.0,16.0,7.0,0.0,1.0,0.0,0.0,0.0,0.0,0.0,0.0,0.0
1888,"2019","Gujarat","24","Kachchh","449","Kachchh East(G)","0",0.0,0.0,107.0,23.0,28.0,8.0,0.0,0.0,1.0,41.0,29.0,8.0,4.0,0.0,0.0,0.0,0.0,0.0,0.0,0.0
1889,"2019","Gujarat","24","Kachchh","449","Kachchh West(B)","0",3.0,3.0,35.0,25.0,4.0,2.0,0.0,4.0,16.0,133.0,21.0,2.0,1.0,0.0,0.0,0.0,0.0,0.0,0.0,0.0
1890,"2019","Gujarat","24","Kheda","450","Kheda","3",1.0,1.0,26.0,16.0,12.0,4.0,0.0,1.0,4.0,85.0,29.0,5.0,1.0,0.0,0.0,0.0,0.0,0.0,0.0,0.0
1891,"2019","Gujarat","24","Mahisagar","669","Mahisagar","0",2.0,0.0,9.0,6.0,1.0,2.0,2.0,0.0,1.0,23.0,9.0,1.0,0.0,0.0,0.0,0.0,0.0,0.0,0.0,0.0
1892,"2019","Gujarat","24","Mahesana","451","Mehsana","0",0.0,0.0,71.0,37.0,25.0,14.0,0.0,1.0,5.0,372.0,64.0,8.0,3.0,0.0,0.0,0.0,0.0,0.0,0.0,0.0
1893,"2019","Gujarat","24","Morbi","673","Morbi","0",0.0,0.0,7.0,9.0,5.0,1.0,0.0,0.0,0.0,45.0,36.0,7.0,2.0,0.0,0.0,0.0,0.0,0.0,0.0,0.0
1894,"2019","Gujarat","24","Narmada","452","Narmada","0",0.0,0.0,5.0,4.0,2.0,0.0,0.0,0.0,0.0,7.0,4.0,0.0,0.0,0.0,0.0,0.0,0.0,0.0,0.0,0.0
1895,"2019","Gujarat","24","Navsari","453","Navsari","2",1.0,0.0,12.0,31.0,23.0,13.0,1.0,3.0,0.0,68.0,39.0,10.0,7.0,0.0,0.0,0.0,0.0,0.0,0.0,0.0
1896,"2019","Gujarat","24","Panch Mahals","454","Panchmahal","2",2.0,0.0,35.0,18.0,8.0,4.0,4.0,1.0,0.0,67.0,13.0,2.0,2.0,0.0,0.0,0.0,0.0,0.0,0.0,0.0
1897,"2019","Gujarat","24","Patan","455","Patan","2",0.0,0.0,32.0,15.0,3.0,3.0,1.0,0.0,1.0,146.0,29.0,2.0,0.0,0.0,0.0,0.0,0.0,0.0,0.0,0.0
1898,"2019","Gujarat","24","Porbandar","456","Porbandar","2",1.0,0.0,7.0,9.0,2.0,2.0,1.0,2.0,0.0,34.0,7.0,1.0,0.0,0.0,0.0,0.0,0.0,0.0,0.0,0.0
1899,"2019","Gujarat","24","Rajkot","457","Rajkot City","0",0.0,0.0,87.0,119.0,44.0,12.0,0.0,0.0,0.0,207.0,161.0,37.0,9.0,0.0,0.0,0.0,0.0,0.0,0.0,0.0
1900,"2019","Gujarat","24","Rajkot","457","Rajkot Rural","12",7.0,3.0,34.0,20.0,8.0,7.0,4.0,3.0,1.0,213.0,30.0,4.0,1.0,0.0,0.0,0.0,0.0,0.0,0.0,0.0
1901,"2019","Gujarat","24","Sabar Kantha","458","Sabarkantha","1",1.0,1.0,33.0,16.0,9.0,5.0,0.0,0.0,23.0,125.0,17.0,2.0,1.0,0.0,0.0,0.0,0.0,0.0,0.0,0.0
1902,"2019","Gujarat","24","Surat","459","Surat City","61",65.0,26.0,441.0,363.0,209.0,60.0,47.0,73.0,84.0,1024.0,387.0,156.0,26.0,0.0,0.0,0.0,0.0,0.0,0.0,0.0
1903,"2019","Gujarat","24","Surat","459","Surat Rural","4",5.0,0.0,34.0,38.0,11.0,3.0,4.0,5.0,0.0,71.0,17.0,2.0,1.0,0.0,0.0,0.0,0.0,0.0,0.0,0.0
1904,"2019","Gujarat","24","Surendranagar","460","Surendranagar","0",0.0,0.0,11.0,9.0,4.0,3.0,0.0,0.0,0.0,38.0,4.0,3.0,0.0,0.0,0.0,0.0,0.0,0.0,0.0,0.0
1905,"2019","Gujarat","24","Tapi","641","Tapi","3",0.0,0.0,7.0,7.0,3.0,5.0,3.0,1.0,0.0,15.0,10.0,0.0,2.0,0.0,0.0,0.0,0.0,0.0,0.0,0.0
1906,"2019","Gujarat","24","Vadodara","461","Vadodara City","0",10.0,13.0,74.0,101.0,86.0,37.0,0.0,8.0,98.0,228.0,110.0,27.0,10.0,0.0,0.0,0.0,0.0,0.0,0.0,0.0
1907,"2019","Gujarat","24","Vadodara","461","Vadodara Rural","0",0.0,0.0,20.0,11.0,12.0,0.0,0.0,0.0,0.0,35.0,10.0,1.0,1.0,0.0,0.0,0.0,0.0,0.0,0.0,0.0
1908,"2019","Gujarat","24","Valsad","462","Valsad","7",1.0,0.0,28.0,25.0,16.0,14.0,5.0,3.0,1.0,84.0,18.0,6.0,5.0,0.0,0.0,0.0,0.0,0.0,0.0,0.0
1909,"2019","Gujarat","24","Ahmadabad","438","W.Rly Ahmedabad","0",0.0,0.0,3.0,1.0,1.0,0.0,0.0,0.0,0.0,4.0,1.0,1.0,0.0,0.0,0.0,0.0,0.0,0.0,0.0,0.0
1910,"2019","Gujarat","24","Vadodara","461","W.Rly Vadodara","0",0.0,0.0,7.0,1.0,4.0,5.0,2.0,0.0,0.0,8.0,2.0,2.0,0.0,0.0,0.0,0.0,0.0,0.0,0.0,0.0
1911,"2019","Haryana","06","Ambala","058","Ambala","0",2.0,20.0,110.0,70.0,40.0,0.0,0.0,1.0,18.0,90.0,51.0,40.0,0.0,0.0,0.0,0.0,0.0,0.0,0.0,0.0
1912,"2019","Haryana","06","Bhiwani","059","Bhiwani","12",22.0,15.0,30.0,36.0,28.0,9.0,15.0,5.0,35.0,166.0,84.0,9.0,2.0,0.0,0.0,0.0,0.0,0.0,0.0,0.0
1913,"2019","Haryana","06","Faridabad","060","Faridabad","21",39.0,36.0,252.0,102.0,46.0,24.0,14.0,34.0,40.0,550.0,110.0,15.0,8.0,0.0,0.0,0.0,0.0,0.0,0.0,0.0
1914,"2019","Haryana","06","Fatehabad","061","Fatehabad","18",15.0,5.0,36.0,40.0,17.0,10.0,22.0,16.0,18.0,188.0,103.0,13.0,2.0,0.0,0.0,0.0,0.0,0.0,0.0,0.0
1915,"2019","Haryana","06","Ambala","058","Grp","2",4.0,0.0,9.0,13.0,7.0,4.0,1.0,3.0,0.0,16.0,4.0,0.0,0.0,0.0,0.0,0.0,0.0,0.0,0.0,0.0
1916,"2019","Haryana","06","Gurugram","062","Gurugram","1",15.0,32.0,67.0,65.0,40.0,10.0,2.0,26.0,129.0,166.0,63.0,9.0,4.0,0.0,0.0,0.0,0.0,0.0,0.0,0.0
1917,"2019","Haryana","06","Hisar","063","Hissar","0",1.0,16.0,52.0,36.0,21.0,9.0,0.0,2.0,44.0,243.0,40.0,1.0,1.0,0.0,0.0,0.0,0.0,0.0,0.0,0.0
1918,"2019","Haryana","06","Jhajjar","064","Jhajjar","210",0.0,22.0,30.0,86.0,66.0,6.0,268.0,0.0,20.0,17.0,156.0,64.0,11.0,0.0,0.0,0.0,0.0,0.0,0.0,0.0
1919,"2019","Haryana","06","Jind","065","Jind","0",6.0,19.0,52.0,42.0,17.0,6.0,1.0,9.0,58.0,209.0,87.0,23.0,8.0,0.0,0.0,0.0,0.0,0.0,0.0,0.0
1920,"2019","Haryana","06","Kaithal","066","Kaithal","5",11.0,18.0,31.0,34.0,25.0,6.0,8.0,11.0,6.0,77.0,35.0,7.0,2.0,0.0,0.0,0.0,0.0,0.0,0.0,0.0
1921,"2019","Haryana","06","Karnal","067","Karnal","0",11.0,16.0,28.0,24.0,20.0,7.0,0.0,1.0,15.0,36.0,31.0,10.0,3.0,0.0,0.0,0.0,0.0,0.0,0.0,0.0
1922,"2019","Haryana","06","Kurukshetra","068","Kurukshetra","2",2.0,3.0,151.0,48.0,5.0,1.0,2.0,3.0,21.0,222.0,52.0,7.0,2.0,0.0,0.0,0.0,0.0,0.0,0.0,0.0
1923,"2019","Haryana","06","Mahendragarh","069","Mahendergarh","0",7.0,15.0,29.0,18.0,20.0,1.0,1.0,7.0,54.0,111.0,17.0,3.0,0.0,0.0,0.0,0.0,0.0,0.0,0.0,0.0
1924,"2019","Haryana","06","Nuh","604","Nuh","1",9.0,4.0,27.0,4.0,5.0,0.0,1.0,1.0,15.0,40.0,14.0,0.0,0.0,0.0,0.0,0.0,0.0,0.0,0.0,0.0
1925,"2019","Haryana","06","Palwal","619","Palwal","3",16.0,31.0,38.0,29.0,8.0,6.0,5.0,13.0,52.0,125.0,28.0,5.0,0.0,0.0,0.0,0.0,0.0,0.0,0.0,0.0
1926,"2019","Haryana","06","Panchkula","070","Panchkula","9",32.0,17.0,69.0,34.0,13.0,2.0,5.0,36.0,63.0,187.0,62.0,12.0,1.0,0.0,0.0,0.0,0.0,0.0,0.0,0.0
1927,"2019","Haryana","06","Panipat","071","Panipat","17",43.0,55.0,122.0,124.0,69.0,21.0,15.0,40.0,204.0,348.0,140.0,26.0,2.0,0.0,0.0,0.0,0.0,0.0,0.0,0.0
1928,"2019","Haryana","06","Rewari","072","Rewari","6",16.0,20.0,66.0,37.0,24.0,13.0,5.0,10.0,59.0,228.0,51.0,3.0,4.0,0.0,0.0,0.0,0.0,0.0,0.0,0.0
1929,"2019","Haryana","06","Rohtak","073","Rohtak","0",20.0,34.0,122.0,91.0,41.0,10.0,1.0,6.0,49.0,278.0,84.0,5.0,5.0,0.0,0.0,0.0,0.0,0.0,0.0,0.0
1930,"2019","Haryana","06","Sirsa","074","Sirsa","0",7.0,12.0,51.0,36.0,13.0,7.0,0.0,11.0,58.0,240.0,59.0,5.0,1.0,0.0,0.0,0.0,0.0,0.0,0.0,0.0
1931,"2019","Haryana","06","Sonipat","075","Sonipat","2",13.0,46.0,52.0,64.0,54.0,11.0,1.0,7.0,57.0,170.0,167.0,20.0,2.0,0.0,0.0,0.0,0.0,0.0,0.0,0.0
1932,"2019","Haryana","06","Yamunanagar","076","Yamunanagar","10",14.0,22.0,83.0,60.0,30.0,9.0,6.0,16.0,47.0,190.0,59.0,8.0,7.0,0.0,0.0,0.0,0.0,0.0,0.0,0.0
1933,"2019","Haryana","06","Gurugram","062","Irrigation And Power","0",0.0,0.0,0.0,0.0,0.0,0.0,0.0,0.0,0.0,0.0,0.0,0.0,0.0,0.0,0.0,0.0,0.0,0.0,0.0,0.0
1934,"2019","Haryana","06","Charki Dadri","701","Charkhi Dadri","0",2.0,2.0,17.0,14.0,8.0,2.0,0.0,0.0,5.0,71.0,20.0,0.0,0.0,0.0,0.0,0.0,0.0,0.0,0.0,0.0
1935,"2019","Haryana","06","Hisar","063","Hansi","0",2.0,11.0,17.0,8.0,6.0,4.0,0.0,1.0,17.0,92.0,10.0,5.0,1.0,0.0,0.0,0.0,0.0,0.0,0.0,0.0
1936,"2019","Himachal Pradesh","02","Solan","025","Baddi","0",1.0,1.0,27.0,20.0,11.0,6.0,1.0,8.0,9.0,114.0,17.0,1.0,2.0,0.0,0.0,0.0,0.0,0.0,0.0,0.0
1937,"2019","Himachal Pradesh","02","Bilaspur","015","Bilaspur","0",1.0,4.0,18.0,8.0,4.0,1.0,0.0,0.0,22.0,89.0,17.0,2.0,3.0,0.0,0.0,0.0,0.0,0.0,0.0,0.0
1938,"2019","Himachal Pradesh","02","Chamba","016","Chamba","0",1.0,2.0,16.0,9.0,9.0,1.0,0.0,0.0,15.0,54.0,6.0,2.0,0.0,0.0,0.0,0.0,0.0,0.0,0.0,0.0
1939,"2019","Himachal Pradesh","02","Shimla","023","Cid","0",0.0,0.0,0.0,0.0,0.0,0.0,0.0,0.0,0.0,0.0,0.0,0.0,0.0,0.0,0.0,0.0,0.0,0.0,0.0,0.0
1940,"2019","Himachal Pradesh","02","Shimla","023","Grp","0",0.0,0.0,0.0,0.0,0.0,0.0,0.0,0.0,0.0,0.0,0.0,0.0,0.0,0.0,0.0,0.0,0.0,0.0,0.0,0.0
1941,"2019","Himachal Pradesh","02","Hamirpur","017","Hamirpur","0",2.0,6.0,11.0,8.0,6.0,1.0,0.0,1.0,6.0,56.0,16.0,0.0,1.0,0.0,0.0,0.0,0.0,0.0,0.0,0.0
1942,"2019","Himachal Pradesh","02","Kangra","018","Kangra","0",1.0,7.0,28.0,27.0,18.0,11.0,0.0,0.0,16.0,151.0,37.0,10.0,0.0,0.0,0.0,0.0,0.0,0.0,0.0,0.0
1943,"2019","Himachal Pradesh","02","Kinnaur","019","Kinnaur","0",1.0,6.0,6.0,6.0,3.0,2.0,0.0,1.0,2.0,13.0,0.0,1.0,0.0,0.0,0.0,0.0,0.0,0.0,0.0,0.0
1944,"2019","Himachal Pradesh","02","Kullu","020","Kullu","2",3.0,8.0,23.0,48.0,24.0,15.0,0.0,0.0,12.0,39.0,53.0,3.0,0.0,0.0,0.0,0.0,0.0,0.0,0.0,0.0
1945,"2019","Himachal Pradesh","02","Lahul And Spiti","021","Lahaul And Spiti","0",0.0,0.0,1.0,1.0,1.0,0.0,0.0,1.0,0.0,1.0,2.0,0.0,1.0,0.0,0.0,0.0,0.0,0.0,0.0,0.0
1946,"2019","Himachal Pradesh","02","Mandi","022","Mandi","0",3.0,13.0,33.0,22.0,16.0,8.0,0.0,0.0,59.0,151.0,37.0,2.0,4.0,0.0,0.0,0.0,0.0,0.0,0.0,0.0
1947,"2019","Himachal Pradesh","02","Shimla","023","Shimla","0",17.0,19.0,1.0,0.0,0.0,0.0,0.0,9.0,45.0,7.0,0.0,0.0,1.0,0.0,0.0,0.0,0.0,0.0,0.0,0.0
1948,"2019","Himachal Pradesh","02","Sirmaur","024","Sirmaur","2",3.0,4.0,15.0,12.0,4.0,4.0,4.0,2.0,5.0,70.0,16.0,1.0,1.0,0.0,0.0,0.0,0.0,0.0,0.0,0.0
1949,"2019","Himachal Pradesh","02","Solan","025","Solan","0",4.0,7.0,12.0,16.0,7.0,4.0,0.0,1.0,32.0,55.0,11.0,2.0,0.0,0.0,0.0,0.0,0.0,0.0,0.0,0.0
1950,"2019","Himachal Pradesh","02","Una","026","Una","0",4.0,3.0,15.0,9.0,4.0,2.0,0.0,2.0,15.0,32.0,1.0,2.0,4.0,0.0,0.0,0.0,0.0,0.0,0.0,0.0
1951,"2019","Himachal Pradesh","02","Shimla","023","Cyber","0",0.0,0.0,0.0,0.0,0.0,0.0,0.0,0.0,0.0,0.0,0.0,0.0,0.0,0.0,0.0,0.0,0.0,0.0,0.0,0.0
1952,"2019","Jammu And Kashmir","01","Anantnag","001","Anantnag","0",0.0,0.0,21.0,4.0,2.0,0.0,0.0,1.0,25.0,19.0,8.0,2.0,0.0,0.0,0.0,0.0,0.0,0.0,0.0,0.0
1953,"2019","Jammu And Kashmir","01","Pulwama","011","Awantipora","0",0.0,0.0,12.0,3.0,3.0,0.0,0.0,0.0,0.0,8.0,6.0,0.0,0.0,0.0,0.0,0.0,0.0,0.0,0.0,0.0
1954,"2019","Jammu And Kashmir","01","Bandipora","623","Bandipora","0",1.0,7.0,17.0,6.0,0.0,2.0,1.0,0.0,2.0,18.0,6.0,0.0,0.0,0.0,0.0,0.0,0.0,0.0,0.0,0.0
1955,"2019","Jammu And Kashmir","01","Baramulla","003","Baramulla","0",0.0,0.0,0.0,0.0,0.0,0.0,0.0,0.0,0.0,0.0,0.0,0.0,0.0,0.0,0.0,0.0,0.0,0.0,0.0,0.0
1956,"2019","Jammu And Kashmir","01","Budgam","002","Budgam","0",0.0,0.0,10.0,7.0,2.0,0.0,0.0,0.0,0.0,9.0,8.0,2.0,0.0,0.0,0.0,0.0,0.0,0.0,0.0,0.0
1957,"2019","Jammu And Kashmir","01","Jammu","005","Crime Jammu","0",0.0,0.0,0.0,0.0,0.0,0.0,0.0,0.0,0.0,0.0,0.0,0.0,0.0,0.0,0.0,0.0,0.0,0.0,0.0,0.0
1958,"2019","Jammu And Kashmir","01","Jammu","005","Crime Srinagar","0",0.0,0.0,0.0,0.0,0.0,0.0,0.0,0.0,0.0,0.0,0.0,0.0,0.0,0.0,0.0,0.0,0.0,0.0,0.0,0.0
1959,"2019","Jammu And Kashmir","01","Doda","004","Doda","0",0.0,0.0,4.0,9.0,3.0,0.0,0.0,0.0,15.0,26.0,20.0,2.0,0.0,0.0,0.0,0.0,0.0,0.0,0.0,0.0
1960,"2019","Jammu And Kashmir","01","Ganderbal","626","Ganderbal","0",0.0,2.0,11.0,2.0,1.0,1.0,0.0,0.0,0.0,25.0,7.0,0.0,1.0,0.0,0.0,0.0,0.0,0.0,0.0,0.0
1961,"2019","Jammu And Kashmir","01","Kupwara","008","Handwara","0",0.0,6.0,4.0,3.0,0.0,0.0,0.0,0.0,8.0,7.0,2.0,0.0,0.0,0.0,0.0,0.0,0.0,0.0,0.0,0.0
1962,"2019","Jammu And Kashmir","01","Jammu","005","Jammu","0",0.0,20.0,22.0,13.0,6.0,8.0,0.0,0.0,0.0,319.0,41.0,17.0,13.0,0.0,0.0,0.0,0.0,0.0,0.0,0.0
1963,"2019","Jammu And Kashmir","01","Kargil","006","Kargil","0",0.0,0.0,0.0,3.0,1.0,1.0,1.0,0.0,0.0,4.0,1.0,0.0,0.0,0.0,0.0,0.0,0.0,0.0,0.0,0.0
1964,"2019","Jammu And Kashmir","01","Kathua","007","Kathua","3",4.0,3.0,8.0,12.0,8.0,0.0,2.0,3.0,18.0,86.0,25.0,3.0,2.0,0.0,0.0,0.0,0.0,0.0,0.0,0.0
1965,"2019","Jammu And Kashmir","01","Kishtwar","620","Kishtwar","0",0.0,0.0,5.0,3.0,2.0,1.0,0.0,0.0,0.0,21.0,6.0,1.0,0.0,0.0,0.0,0.0,0.0,0.0,0.0,0.0
1966,"2019","Jammu And Kashmir","01","Kulgam","622","Kulgam","0",0.0,1.0,25.0,1.0,0.0,0.0,0.0,0.0,0.0,7.0,3.0,0.0,0.0,0.0,0.0,0.0,0.0,0.0,0.0,0.0
1967,"2019","Jammu And Kashmir","01","Kupwara","008","Kupwara","0",2.0,3.0,18.0,3.0,1.0,4.0,0.0,0.0,1.0,28.0,13.0,2.0,0.0,0.0,0.0,0.0,0.0,0.0,0.0,0.0
1968,"2019","Jammu And Kashmir","01","Leh Ladakh","009","Leh","0",0.0,0.0,5.0,3.0,2.0,0.0,0.0,0.0,0.0,3.0,7.0,0.0,0.0,0.0,0.0,0.0,0.0,0.0,0.0,0.0
1969,"2019","Jammu And Kashmir","01","Poonch","010","Poonch","0",0.0,1.0,5.0,4.0,2.0,1.0,0.0,1.0,0.0,50.0,7.0,0.0,0.0,0.0,0.0,0.0,0.0,0.0,0.0,0.0
1970,"2019","Jammu And Kashmir","01","Pulwama","011","Pulwama","0",0.0,0.0,31.0,8.0,2.0,0.0,0.0,0.0,0.0,9.0,6.0,2.0,0.0,0.0,0.0,0.0,0.0,0.0,0.0,0.0
1971,"2019","Jammu And Kashmir","01","Jammu","005","Railways Jammu","0",0.0,0.0,1.0,1.0,0.0,0.0,0.0,0.0,0.0,1.0,0.0,0.0,0.0,0.0,0.0,0.0,0.0,0.0,0.0,0.0
1972,"2019","Jammu And Kashmir","01","Jammu","005","Railways Kashmir","0",0.0,0.0,0.0,0.0,0.0,0.0,0.0,0.0,0.0,0.0,0.0,0.0,0.0,0.0,0.0,0.0,0.0,0.0,0.0,0.0
1973,"2019","Jammu And Kashmir","01","Reasi","627","Railways Katra","0",0.0,0.0,0.0,0.0,0.0,0.0,0.0,0.0,0.0,0.0,0.0,0.0,0.0,0.0,0.0,0.0,0.0,0.0,0.0,0.0
1974,"2019","Jammu And Kashmir","01","Rajouri","012","Rajouri","0",3.0,0.0,9.0,7.0,2.0,0.0,0.0,0.0,0.0,52.0,38.0,8.0,0.0,0.0,0.0,0.0,0.0,0.0,0.0,0.0
1975,"2019","Jammu And Kashmir","01","Ramban","621","Ramban","0",2.0,1.0,3.0,2.0,2.0,0.0,0.0,0.0,0.0,31.0,7.0,0.0,0.0,0.0,0.0,0.0,0.0,0.0,0.0,0.0
1976,"2019","Jammu And Kashmir","01","Reasi","627","Reasi","0",1.0,0.0,12.0,10.0,7.0,1.0,0.0,5.0,15.0,35.0,15.0,2.0,2.0,0.0,0.0,0.0,0.0,0.0,0.0,0.0
1977,"2019","Jammu And Kashmir","01","Samba","624","Samba","1",1.0,1.0,8.0,7.0,1.0,0.0,2.0,3.0,3.0,29.0,3.0,3.0,1.0,0.0,0.0,0.0,0.0,0.0,0.0,0.0
1978,"2019","Jammu And Kashmir","01","Shopian","625","Shopian","0",0.0,5.0,30.0,0.0,0.0,0.0,0.0,0.0,3.0,10.0,0.0,0.0,0.0,0.0,0.0,0.0,0.0,0.0,0.0,0.0
1979,"2019","Jammu And Kashmir","01","Baramulla","003","Sopore","0",1.0,5.0,14.0,3.0,2.0,2.0,0.0,0.0,1.0,11.0,9.0,0.0,0.0,0.0,0.0,0.0,0.0,0.0,0.0,0.0
1980,"2019","Jammu And Kashmir","01","Srinagar","013","Srinagar","0",0.0,20.0,85.0,36.0,26.0,0.0,0.0,0.0,43.0,62.0,34.0,9.0,0.0,0.0,0.0,0.0,0.0,0.0,0.0,0.0
1981,"2019","Jammu And Kashmir","01","Udhampur","014","Udhampur","1",0.0,8.0,25.0,14.0,8.0,1.0,2.0,2.0,17.0,69.0,15.0,5.0,0.0,0.0,0.0,0.0,0.0,0.0,0.0,0.0
1982,"2019","Jharkhand","20","Bokaro","322","Bokaro","0",2.0,7.0,0.0,0.0,0.0,0.0,0.0,1.0,4.0,0.0,0.0,0.0,0.0,0.0,0.0,0.0,0.0,0.0,0.0,0.0
1983,"2019","Jharkhand","20","West Singhbhum","343","Chaibasa","0",0.0,1.0,1.0,0.0,0.0,0.0,0.0,1.0,13.0,2.0,0.0,0.0,0.0,0.0,0.0,0.0,0.0,0.0,0.0,0.0
1984,"2019","Jharkhand","20","Chatra","323","Chatra","0",2.0,0.0,0.0,0.0,0.0,0.0,0.0,0.0,0.0,0.0,0.0,0.0,0.0,0.0,0.0,0.0,0.0,0.0,0.0,0.0
1985,"2019","Jharkhand","20","Deoghar","324","Deoghar","0",9.0,18.0,8.0,4.0,0.0,3.0,0.0,14.0,18.0,28.0,4.0,1.0,0.0,0.0,0.0,0.0,0.0,0.0,0.0,0.0
1986,"2019","Jharkhand","20","Dhanbad","325","Dhanbad","0",6.0,9.0,11.0,13.0,7.0,0.0,0.0,4.0,6.0,3.0,2.0,1.0,0.0,0.0,0.0,0.0,0.0,0.0,0.0,0.0
1987,"2019","Jharkhand","20","Dhanbad","325","Dhanbad Railway","1",0.0,0.0,1.0,0.0,1.0,0.0,0.0,0.0,0.0,3.0,0.0,0.0,1.0,0.0,0.0,0.0,0.0,0.0,0.0,0.0
1988,"2019","Jharkhand","20","Dumka","326","Dumka","0",2.0,4.0,21.0,11.0,0.0,0.0,0.0,0.0,0.0,0.0,0.0,0.0,0.0,0.0,0.0,0.0,0.0,0.0,0.0,0.0
1989,"2019","Jharkhand","20","Garhwa","328","Garhwa","0",4.0,3.0,3.0,0.0,0.0,0.0,0.0,1.0,4.0,0.0,0.0,0.0,0.0,0.0,0.0,0.0,0.0,0.0,0.0,0.0
1990,"2019","Jharkhand","20","Giridih","329","Giridih","0",5.0,11.0,0.0,0.0,0.0,0.0,0.0,10.0,12.0,0.0,0.0,0.0,0.0,0.0,0.0,0.0,0.0,0.0,0.0,0.0
1991,"2019","Jharkhand","20","Godda","330","Godda","0",0.0,10.0,0.0,0.0,0.0,0.0,0.0,0.0,1.0,0.0,0.0,0.0,0.0,0.0,0.0,0.0,0.0,0.0,0.0,0.0
1992,"2019","Jharkhand","20","Gumla","331","Gumla","0",0.0,2.0,0.0,0.0,0.0,0.0,0.0,0.0,13.0,0.0,0.0,0.0,0.0,0.0,0.0,0.0,0.0,0.0,0.0,0.0
1993,"2019","Jharkhand","20","Hazaribagh","332","Hazaribagh","0",1.0,7.0,16.0,4.0,1.0,0.0,0.0,1.0,3.0,26.0,2.0,2.0,1.0,0.0,0.0,0.0,0.0,0.0,0.0,0.0
1994,"2019","Jharkhand","20","East Singhbum","327","Jamshedpur","0",5.0,4.0,7.0,4.0,4.0,0.0,0.0,0.0,4.0,10.0,11.0,1.0,2.0,0.0,0.0,0.0,0.0,0.0,0.0,0.0
1995,"2019","Jharkhand","20","East Singhbum","327","Jamshedpur Railway","0",3.0,1.0,7.0,2.0,2.0,2.0,3.0,1.0,2.0,4.0,2.0,1.0,0.0,0.0,0.0,0.0,0.0,0.0,0.0,0.0
1996,"2019","Jharkhand","20","Jamtara","333","Jamtara","1",3.0,0.0,12.0,3.0,2.0,2.0,0.0,0.0,3.0,10.0,1.0,2.0,0.0,0.0,0.0,0.0,0.0,0.0,0.0,0.0
1997,"2019","Jharkhand","20","Khunti","606","Khunti","0",6.0,2.0,0.0,0.0,0.0,0.0,0.0,9.0,3.0,0.0,0.0,0.0,0.0,0.0,0.0,0.0,0.0,0.0,0.0,0.0
1998,"2019","Jharkhand","20","Koderma","334","Koderma","0",0.0,0.0,0.0,0.0,0.0,0.0,0.0,0.0,0.0,0.0,0.0,0.0,0.0,0.0,0.0,0.0,0.0,0.0,0.0,0.0
1999,"2019","Jharkhand","20","Latehar","335","Latehar","0",0.0,4.0,2.0,0.0,1.0,1.0,0.0,2.0,1.0,5.0,1.0,0.0,0.0,0.0,0.0,0.0,0.0,0.0,0.0,0.0
2000,"2019","Jharkhand","20","Lohardaga","336","Lohardagga","0",0.0,0.0,0.0,0.0,0.0,0.0,0.0,0.0,0.0,0.0,0.0,0.0,0.0,0.0,0.0,0.0,0.0,0.0,0.0,0.0
2001,"2019","Jharkhand","20","Pakur","337","Pakur","0",8.0,0.0,5.0,4.0,0.0,1.0,0.0,1.0,1.0,4.0,1.0,0.0,0.0,0.0,0.0,0.0,0.0,0.0,0.0,0.0
2002,"2019","Jharkhand","20","Palamu","338","Palamu","1",11.0,8.0,18.0,4.0,4.0,2.0,0.0,3.0,17.0,44.0,7.0,1.0,1.0,0.0,0.0,0.0,0.0,0.0,0.0,0.0
2003,"2019","Jharkhand","20","Ramgarh","607","Ramgarh","0",0.0,0.0,5.0,3.0,1.0,0.0,0.0,0.0,4.0,8.0,0.0,0.0,0.0,0.0,0.0,0.0,0.0,0.0,0.0,0.0
2004,"2019","Jharkhand","20","Ranchi","339","Ranchi","0",7.0,11.0,26.0,14.0,9.0,4.0,0.0,2.0,8.0,53.0,12.0,5.0,5.0,0.0,0.0,0.0,0.0,0.0,0.0,0.0
2005,"2019","Jharkhand","20","Sahebganj","340","Sahebganj","0",0.0,7.0,0.0,0.0,0.0,0.0,0.0,0.0,0.0,0.0,0.0,0.0,0.0,0.0,0.0,0.0,0.0,0.0,0.0,0.0
2006,"2019","Jharkhand","20","Saraikela Kharsawan","341","Saraikela","0",0.0,0.0,0.0,0.0,0.0,0.0,0.0,0.0,0.0,0.0,0.0,0.0,0.0,0.0,0.0,0.0,0.0,0.0,0.0,0.0
2007,"2019","Jharkhand","20","Simdega","342","Simdega","0",0.0,0.0,0.0,0.0,0.0,0.0,0.0,0.0,0.0,0.0,0.0,0.0,0.0,0.0,0.0,0.0,0.0,0.0,0.0,0.0
2008,"2019","Karnataka","29","Bagalkote","524","Bagalkot","2",0.0,1.0,14.0,22.0,8.0,9.0,1.0,0.0,3.0,97.0,15.0,2.0,2.0,0.0,0.0,0.0,0.0,0.0,0.0,0.0
2009,"2019","Karnataka","29","Bengaluru Urban","525","Bengaluru City","18",22.0,12.0,783.0,658.0,357.0,222.0,16.0,13.0,23.0,2371.0,353.0,116.0,112.0,0.0,0.0,0.0,0.0,0.0,0.0,0.0
2010,"2019","Karnataka","29","Bengaluru Urban","525","Bengaluru District","10",17.0,0.0,54.0,107.0,66.0,29.0,19.0,15.0,1.0,452.0,143.0,20.0,16.0,0.0,0.0,0.0,0.0,0.0,0.0,0.0
2011,"2019","Karnataka","29","Belagavi","527","Belagavi District","0",1.0,1.0,51.0,43.0,19.0,14.0,1.0,4.0,11.0,195.0,40.0,1.0,4.0,0.0,0.0,0.0,0.0,0.0,0.0,0.0
2012,"2019","Karnataka","29","Ballari","528","Ballari","12",13.0,2.0,36.0,50.0,25.0,8.0,10.0,16.0,5.0,133.0,52.0,5.0,1.0,0.0,0.0,0.0,0.0,0.0,0.0,0.0
2013,"2019","Karnataka","29","Bidar","529","Bidar","0",0.0,1.0,17.0,13.0,7.0,5.0,0.0,0.0,1.0,71.0,10.0,3.0,4.0,0.0,0.0,0.0,0.0,0.0,0.0,0.0
2014,"2019","Karnataka","29","Vijayapura","530","Vijayapura","1",4.0,9.0,39.0,22.0,4.0,7.0,0.0,3.0,26.0,132.0,17.0,2.0,2.0,0.0,0.0,0.0,0.0,0.0,0.0,0.0
2015,"2019","Karnataka","29","Chikkaballapura","630","Chikkaballapura","4",5.0,0.0,20.0,30.0,10.0,5.0,10.0,3.0,0.0,223.0,54.0,8.0,5.0,0.0,0.0,0.0,0.0,0.0,0.0,0.0
2016,"2019","Karnataka","29","Chamarajanagara","531","Chamarajnagar","5",3.0,0.0,23.0,20.0,11.0,12.0,1.0,2.0,0.0,122.0,17.0,3.0,6.0,0.0,0.0,0.0,0.0,0.0,0.0,0.0
2017,"2019","Karnataka","29","Chikkamagaluru","532","Chikkamagaluru","2",2.0,1.0,42.0,31.0,14.0,15.0,3.0,0.0,3.0,131.0,36.0,11.0,3.0,0.0,0.0,0.0,0.0,0.0,0.0,0.0
2018,"2019","Karnataka","29","Chitradurga","533","Chitradurga","0",0.0,0.0,25.0,35.0,20.0,12.0,0.0,0.0,0.0,182.0,65.0,5.0,6.0,0.0,0.0,0.0,0.0,0.0,0.0,0.0
2019,"2019","Karnataka","29","Dakshina Kannada","534","Dakshina Kannada","3",0.0,0.0,24.0,30.0,24.0,8.0,6.0,2.0,0.0,51.0,19.0,8.0,1.0,0.0,0.0,0.0,0.0,0.0,0.0,0.0
2020,"2019","Karnataka","29","Davangere","535","Davanagere","0",1.0,1.0,60.0,42.0,22.0,14.0,0.0,1.0,13.0,206.0,36.0,9.0,4.0,0.0,0.0,0.0,0.0,0.0,0.0,0.0
2021,"2019","Karnataka","29","Dharwad","536","Dharwad","2",0.0,0.0,3.0,7.0,12.0,3.0,1.0,0.0,0.0,40.0,13.0,2.0,0.0,0.0,0.0,0.0,0.0,0.0,0.0,0.0
2022,"2019","Karnataka","29","Gadag","537","Gadag","0",0.0,0.0,18.0,13.0,4.0,3.0,0.0,0.0,0.0,73.0,10.0,0.0,1.0,0.0,0.0,0.0,0.0,0.0,0.0,0.0
2023,"2019","Karnataka","29","Kalaburagi","538","Kalaburgi","0",1.0,1.0,25.0,11.0,4.0,4.0,0.0,0.0,4.0,90.0,22.0,0.0,3.0,0.0,0.0,0.0,0.0,0.0,0.0,0.0
2024,"2019","Karnataka","29","Hassan","539","Hassan","9",6.0,1.0,21.0,54.0,53.0,22.0,12.0,7.0,3.0,216.0,82.0,15.0,9.0,0.0,0.0,0.0,0.0,0.0,0.0,0.0
2025,"2019","Karnataka","29","Haveri","540","Haveri","0",6.0,0.0,20.0,30.0,9.0,0.0,0.0,11.0,0.0,92.0,20.0,30.0,10.0,0.0,0.0,0.0,0.0,0.0,0.0,0.0
2026,"2019","Karnataka","29","Dharwad","536","Hubballi Dharwad City","2",2.0,0.0,30.0,32.0,15.0,7.0,8.0,7.0,1.0,79.0,14.0,5.0,2.0,0.0,0.0,0.0,0.0,0.0,0.0,0.0
2027,"2019","Karnataka","29","Belagavi","527","K.G.F.","5",4.0,0.0,8.0,15.0,4.0,3.0,3.0,4.0,0.0,67.0,21.0,0.0,2.0,0.0,0.0,0.0,0.0,0.0,0.0,0.0
2028,"2019","Karnataka","29","Kodagu","541","Kodagu","0",0.0,0.0,11.0,18.0,19.0,3.0,0.0,0.0,0.0,63.0,21.0,14.0,5.0,0.0,0.0,0.0,0.0,0.0,0.0,0.0
2029,"2019","Karnataka","29","Kolar","542","Kolar","0",0.0,0.0,24.0,28.0,8.0,7.0,0.0,0.0,0.0,127.0,29.0,3.0,4.0,0.0,0.0,0.0,0.0,0.0,0.0,0.0
2030,"2019","Karnataka","29","Koppal","543","Koppal","0",1.0,0.0,18.0,21.0,6.0,2.0,0.0,4.0,8.0,86.0,9.0,2.0,1.0,0.0,0.0,0.0,0.0,0.0,0.0,0.0
2031,"2019","Karnataka","29","Mandya","544","Mandya","0",0.0,0.0,26.0,129.0,38.0,22.0,0.0,0.0,0.0,42.0,311.0,92.0,10.0,0.0,0.0,0.0,0.0,0.0,0.0,0.0
2032,"2019","Karnataka","29","Dakshina Kannada","534","Mangaluru City","3",1.0,1.0,39.0,52.0,24.0,11.0,1.0,2.0,0.0,85.0,15.0,1.0,3.0,0.0,0.0,0.0,0.0,0.0,0.0,0.0
2033,"2019","Karnataka","29","Mysuru","545","Mysuru City","7",6.0,1.0,55.0,55.0,36.0,22.0,11.0,11.0,2.0,179.0,33.0,15.0,13.0,0.0,0.0,0.0,0.0,0.0,0.0,0.0
2034,"2019","Karnataka","29","Mysuru","545","Mysuru District","11",6.0,0.0,50.0,52.0,44.0,24.0,15.0,17.0,2.0,262.0,71.0,18.0,11.0,0.0,0.0,0.0,0.0,0.0,0.0,0.0
2035,"2019","Karnataka","29","Raichur","546","Raichur","6",2.0,3.0,18.0,22.0,5.0,6.0,4.0,4.0,1.0,112.0,13.0,3.0,3.0,0.0,0.0,0.0,0.0,0.0,0.0,0.0
2036,"2019","Karnataka","29","Bengaluru Urban","525","K.Railways","0",0.0,0.0,5.0,5.0,2.0,4.0,0.0,0.0,1.0,8.0,0.0,2.0,5.0,1.0,4.0,0.0,0.0,0.0,0.0,0.0
2037,"2019","Karnataka","29","Ramanagara","631","Ramanagara","19",4.0,1.0,30.0,66.0,51.0,23.0,13.0,14.0,2.0,244.0,50.0,13.0,14.0,0.0,0.0,0.0,0.0,0.0,0.0,0.0
2038,"2019","Karnataka","29","Shivamogga","547","Shimoga","0",0.0,0.0,71.0,76.0,46.0,19.0,0.0,0.0,0.0,372.0,35.0,8.0,10.0,0.0,0.0,0.0,0.0,0.0,0.0,0.0
2039,"2019","Karnataka","29","Tumakuru","548","Tumakuru","7",9.0,23.0,48.0,35.0,23.0,13.0,10.0,8.0,67.0,312.0,46.0,2.0,9.0,0.0,0.0,0.0,0.0,0.0,0.0,0.0
2040,"2019","Karnataka","29","Udupi","549","Udupi","0",3.0,6.0,14.0,29.0,21.0,10.0,1.0,1.0,4.0,46.0,8.0,3.0,2.0,0.0,0.0,0.0,0.0,0.0,0.0,0.0
2041,"2019","Karnataka","29","Uttara Kannada","550","Uttara Kannada","8",3.0,0.0,34.0,37.0,17.0,7.0,9.0,1.0,2.0,135.0,21.0,2.0,6.0,0.0,0.0,0.0,0.0,0.0,0.0,0.0
2042,"2019","Karnataka","29","Yadgir","635","Yadgiri","1",4.0,2.0,11.0,11.0,3.0,2.0,1.0,0.0,0.0,29.0,0.0,2.0,0.0,0.0,0.0,0.0,0.0,0.0,0.0,0.0
2043,"2019","Karnataka","29","Belagavi","527","Belagavi City","0",1.0,1.0,26.0,31.0,16.0,16.0,0.0,0.0,2.0,47.0,10.0,1.0,2.0,0.0,0.0,0.0,0.0,0.0,0.0,0.0
2044,"2019","Karnataka","29","Kalaburagi","538","Kalaburgi City","0",0.0,4.0,12.0,7.0,3.0,2.0,2.0,1.0,0.0,16.0,4.0,1.0,0.0,0.0,0.0,0.0,0.0,0.0,0.0,0.0
2045,"2019","Kerala","32","Alappuzha","554","Alapuzha","4",4.0,41.0,90.0,61.0,51.0,29.0,5.0,6.0,46.0,493.0,121.0,25.0,11.0,0.0,0.0,0.0,0.0,0.0,0.0,0.0
2046,"2019","Kerala","32","Ernakulam","555","Ernakulam Commr.","2",12.0,15.0,52.0,47.0,39.0,37.0,4.0,2.0,27.0,269.0,46.0,8.0,8.0,0.0,0.0,0.0,0.0,0.0,0.0,0.0
2047,"2019","Kerala","32","Ernakulam","555","Ernakulam Rural","5",13.0,33.0,63.0,58.0,48.0,39.0,11.0,8.0,65.0,382.0,73.0,16.0,15.0,0.0,0.0,0.0,0.0,0.0,0.0,0.0
2048,"2019","Kerala","32","Idukki","556","Idukki","5",9.0,27.0,56.0,37.0,19.0,11.0,6.0,8.0,42.0,186.0,44.0,9.0,7.0,0.0,0.0,0.0,0.0,0.0,0.0,0.0
2049,"2019","Kerala","32","Kannur","557","Kannur","7",19.0,27.0,61.0,68.0,39.0,19.0,3.0,4.0,18.0,255.0,53.0,9.0,3.0,0.0,0.0,0.0,0.0,0.0,0.0,0.0
2050,"2019","Kerala","32","Kasaragod","558","Kasargod","7",18.0,22.0,32.0,31.0,15.0,11.0,8.0,7.0,9.0,137.0,27.0,3.0,3.0,0.0,0.0,0.0,0.0,0.0,0.0,0.0
2051,"2019","Kerala","32","Kollam","559","Kollam Commr.","14",14.0,50.0,36.0,49.0,60.0,27.0,6.0,18.0,42.0,427.0,101.0,28.0,11.0,0.0,0.0,0.0,0.0,0.0,0.0,0.0
2052,"2019","Kerala","32","Kollam","559","Kollam Rural","11",19.0,28.0,43.0,35.0,61.0,35.0,21.0,11.0,26.0,468.0,112.0,8.0,8.0,0.0,0.0,0.0,0.0,0.0,0.0,0.0
2053,"2019","Kerala","32","Kottayam","560","Kottayam","7",9.0,13.0,45.0,53.0,73.0,24.0,3.0,10.0,43.0,378.0,83.0,23.0,7.0,0.0,0.0,0.0,0.0,0.0,0.0,0.0
2054,"2019","Kerala","32","Kozhikode","561","Kozhikode Commr.","2",8.0,40.0,40.0,33.0,36.0,15.0,2.0,3.0,28.0,145.0,30.0,3.0,4.0,0.0,0.0,0.0,0.0,0.0,0.0,0.0
2055,"2019","Kerala","32","Kozhikode","561","Kozhikode Rural","1",16.0,24.0,59.0,82.0,21.0,13.0,5.0,5.0,32.0,289.0,60.0,13.0,2.0,0.0,0.0,0.0,0.0,0.0,0.0,0.0
2056,"2019","Kerala","32","Malappuram","562","Malappuram","12",23.0,87.0,82.0,57.0,38.0,13.0,3.0,9.0,55.0,303.0,40.0,8.0,5.0,0.0,0.0,0.0,0.0,0.0,0.0,0.0
2057,"2019","Kerala","32","Palakkad","563","Palakkad","17",23.0,46.0,55.0,75.0,47.0,28.0,15.0,20.0,43.0,395.0,110.0,23.0,9.0,0.0,0.0,0.0,0.0,0.0,0.0,0.0
2058,"2019","Kerala","32","Pathanamthitta","564","Pathanamthitta","7",7.0,33.0,30.0,35.0,33.0,14.0,12.0,15.0,21.0,227.0,52.0,7.0,12.0,0.0,0.0,0.0,0.0,0.0,0.0,0.0
2059,"2019","Kerala","32","Thiruvananthapuram","565","Railways","0",0.0,1.0,9.0,3.0,3.0,2.0,0.0,0.0,0.0,3.0,1.0,0.0,0.0,0.0,0.0,0.0,0.0,0.0,0.0,0.0
2060,"2019","Kerala","32","Thrissur","566","Thrissur Commr.","9",17.0,43.0,51.0,70.0,63.0,39.0,13.0,15.0,36.0,313.0,71.0,12.0,14.0,0.0,0.0,0.0,0.0,0.0,0.0,0.0
2061,"2019","Kerala","32","Thrissur","566","Thrissur Rural","6",11.0,39.0,45.0,47.0,39.0,36.0,5.0,7.0,27.0,277.0,64.0,17.0,7.0,0.0,0.0,0.0,0.0,0.0,0.0,0.0
2062,"2019","Kerala","32","Thiruvananthapuram","565","Trivandrum Commr.","7",13.0,55.0,59.0,51.0,41.0,39.0,7.0,10.0,43.0,356.0,51.0,20.0,12.0,0.0,0.0,0.0,0.0,0.0,0.0,0.0
2063,"2019","Kerala","32","Thiruvananthapuram","565","Trivandrum Rural","22",33.0,61.0,46.0,72.0,84.0,49.0,20.0,38.0,70.0,575.0,190.0,40.0,26.0,0.0,0.0,0.0,0.0,0.0,0.0,0.0
2064,"2019","Kerala","32","Wayanad","567","Wayanadu","4",6.0,21.0,10.0,13.0,14.0,13.0,5.0,2.0,28.0,119.0,23.0,2.0,2.0,0.0,1.0,0.0,1.0,1.0,0.0,0.0
2065,"2019","Kerala","32","Thiruvananthapuram","565","Crime Branch","0",0.0,0.0,0.0,0.0,0.0,0.0,0.0,0.0,0.0,0.0,0.0,0.0,1.0,0.0,0.0,0.0,0.0,0.0,0.0,0.0
2066,"2019","Madhya Pradesh","23","Agar Malwa","667","Agar","1",3.0,3.0,14.0,14.0,5.0,8.0,0.0,2.0,17.0,174.0,25.0,6.0,0.0,0.0,0.0,0.0,0.0,0.0,0.0,0.0
2067,"2019","Madhya Pradesh","23","Alirajpur","639","Alirajpur","1",1.0,0.0,12.0,17.0,15.0,1.0,0.0,12.0,88.0,246.0,69.0,10.0,1.0,0.0,0.0,0.0,0.0,0.0,0.0,0.0
2068,"2019","Madhya Pradesh","23","Anuppur","390","Anuppur","2",9.0,19.0,52.0,26.0,16.0,8.0,1.0,10.0,106.0,212.0,64.0,10.0,6.0,0.0,0.0,0.0,0.0,0.0,0.0,0.0
2069,"2019","Madhya Pradesh","23","Ashoknagar","391","Ashok Nagar","0",8.0,21.0,34.0,48.0,6.0,6.0,0.0,7.0,77.0,156.0,47.0,10.0,0.0,0.0,0.0,0.0,0.0,0.0,0.0,0.0
2070,"2019","Madhya Pradesh","23","Balaghat","392","Balaghat","0",7.0,21.0,128.0,79.0,50.0,18.0,0.0,12.0,184.0,603.0,93.0,21.0,11.0,0.0,0.0,0.0,0.0,0.0,0.0,0.0
2071,"2019","Madhya Pradesh","23","Barwani","393","Barwani","6",8.0,9.0,58.0,25.0,7.0,8.0,3.0,9.0,74.0,252.0,55.0,10.0,5.0,0.0,0.0,0.0,0.0,0.0,0.0,0.0
2072,"2019","Madhya Pradesh","23","Betul","394","Betul","5",7.0,25.0,105.0,66.0,41.0,29.0,10.0,21.0,203.0,586.0,73.0,14.0,3.0,0.0,0.0,0.0,0.0,0.0,0.0,0.0
2073,"2019","Madhya Pradesh","23","Bhind","395","Bhind","0",19.0,23.0,72.0,22.0,8.0,0.0,0.0,18.0,74.0,132.0,18.0,2.0,2.0,0.0,0.0,0.0,0.0,0.0,0.0,0.0
2074,"2019","Madhya Pradesh","23","Bhopal","396","Bhopal","1",63.0,71.0,134.0,149.0,69.0,30.0,2.0,45.0,230.0,387.0,185.0,58.0,21.0,0.0,0.0,0.0,0.0,0.0,0.0,0.0
2075,"2019","Madhya Pradesh","23","Bhopal","396","Bhopal Railway","5",0.0,2.0,18.0,15.0,8.0,9.0,6.0,4.0,6.0,42.0,9.0,4.0,0.0,0.0,0.0,0.0,0.0,0.0,0.0,0.0
2076,"2019","Madhya Pradesh","23","Burhanpur","397","Burhanpur","0",6.0,7.0,47.0,21.0,18.0,3.0,1.0,5.0,50.0,147.0,23.0,13.0,2.0,0.0,0.0,0.0,0.0,0.0,0.0,0.0
2077,"2019","Madhya Pradesh","23","Chhatarpur","398","Chhatarpur","1",15.0,38.0,103.0,40.0,21.0,11.0,2.0,25.0,170.0,382.0,58.0,6.0,4.0,0.0,0.0,0.0,0.0,0.0,0.0,0.0
2078,"2019","Madhya Pradesh","23","Chhindwara","399","Chhindwara","0",10.0,20.0,143.0,144.0,76.0,30.0,1.0,14.0,234.0,673.0,215.0,45.0,13.0,0.0,0.0,0.0,0.0,0.0,0.0,0.0
2079,"2019","Madhya Pradesh","23","Damoh","400","Damoh","0",15.0,16.0,80.0,129.0,34.0,19.0,0.0,44.0,162.0,408.0,267.0,31.0,18.0,0.0,0.0,0.0,0.0,0.0,0.0,0.0
2080,"2019","Madhya Pradesh","23","Datia","401","Datia","0",5.0,18.0,60.0,25.0,12.0,5.0,0.0,2.0,39.0,140.0,35.0,3.0,2.0,0.0,0.0,0.0,0.0,0.0,0.0,0.0
2081,"2019","Madhya Pradesh","23","Dewas","402","Dewas","3",15.0,27.0,95.0,85.0,40.0,8.0,2.0,11.0,171.0,370.0,178.0,35.0,11.0,0.0,0.0,0.0,0.0,0.0,0.0,0.0
2082,"2019","Madhya Pradesh","23","Dhar","403","Dhar","1",12.0,25.0,165.0,62.0,35.0,16.0,0.0,29.0,325.0,821.0,160.0,22.0,7.0,0.0,0.0,0.0,0.0,0.0,0.0,0.0
2083,"2019","Madhya Pradesh","23","Dindori","404","Dindori","0",2.0,15.0,16.0,12.0,7.0,1.0,1.0,5.0,92.0,148.0,38.0,7.0,0.0,0.0,0.0,0.0,0.0,0.0,0.0,0.0
2084,"2019","Madhya Pradesh","23","Guna","406","Guna","0",15.0,24.0,97.0,41.0,31.0,2.0,1.0,7.0,124.0,312.0,54.0,9.0,4.0,0.0,0.0,0.0,0.0,0.0,0.0,0.0
2085,"2019","Madhya Pradesh","23","Gwalior","407","Gwalior","4",64.0,81.0,282.0,174.0,87.0,46.0,1.0,45.0,210.0,607.0,173.0,35.0,21.0,0.0,0.0,0.0,0.0,0.0,0.0,0.0
2086,"2019","Madhya Pradesh","23","Harda","408","Harda","1",7.0,14.0,31.0,21.0,11.0,7.0,0.0,7.0,71.0,255.0,40.0,5.0,1.0,0.0,0.0,0.0,0.0,0.0,0.0,0.0
2087,"2019","Madhya Pradesh","23","Narmadapuram","409","Hoshangabad","0",13.0,32.0,255.0,33.0,94.0,26.0,0.0,11.0,158.0,508.0,56.0,14.0,5.0,0.0,0.0,0.0,0.0,0.0,0.0,0.0
2088,"2019","Madhya Pradesh","23","Indore","410","Indore","5",99.0,122.0,693.0,441.0,153.0,95.0,3.0,141.0,486.0,1402.0,540.0,82.0,43.0,0.0,0.0,0.0,0.0,0.0,0.0,0.0
2089,"2019","Madhya Pradesh","23","Indore","410","Indore Railway","0",0.0,1.0,4.0,8.0,3.0,2.0,1.0,1.0,0.0,22.0,4.0,2.0,1.0,0.0,0.0,0.0,0.0,0.0,0.0,0.0
2090,"2019","Madhya Pradesh","23","Jabalpur","411","Jabalpur","2",81.0,74.0,388.0,257.0,135.0,52.0,2.0,75.0,356.0,1052.0,238.0,67.0,34.0,0.0,0.0,0.0,0.0,0.0,0.0,0.0
2091,"2019","Madhya Pradesh","23","Jabalpur","411","Jabalpur Railway","0",1.0,1.0,9.0,8.0,3.0,7.0,0.0,0.0,9.0,12.0,4.0,2.0,3.0,0.0,0.0,0.0,0.0,0.0,0.0,0.0
2092,"2019","Madhya Pradesh","23","Jhabua","412","Jhabua","1",4.0,5.0,46.0,26.0,3.0,1.0,0.0,17.0,56.0,326.0,42.0,5.0,0.0,0.0,0.0,0.0,0.0,0.0,0.0,0.0
2093,"2019","Madhya Pradesh","23","Katni","413","Katni","0",13.0,13.0,81.0,56.0,26.0,11.0,0.0,5.0,82.0,321.0,137.0,29.0,5.0,0.0,0.0,0.0,0.0,0.0,0.0,0.0
2094,"2019","Madhya Pradesh","23","Indore","410","Khandwa","0",4.0,12.0,68.0,34.0,24.0,16.0,1.0,12.0,128.0,325.0,78.0,"",1.0,0.0,0.0,0.0,0.0,0.0,0.0,0.0
2095,"2019","Madhya Pradesh","23","Khargone","414","Khargone","11",16.0,12.0,80.0,76.0,25.0,0.0,1.0,10.0,54.0,214.0,575.0,119.0,20.0,0.0,0.0,0.0,0.0,0.0,0.0,0.0
2096,"2019","Madhya Pradesh","23","Mandla","415","Mandla","0",6.0,12.0,57.0,38.0,20.0,11.0,0.0,5.0,77.0,305.0,48.0,14.0,4.0,0.0,0.0,0.0,0.0,0.0,0.0,0.0
2097,"2019","Madhya Pradesh","23","Mandsaur","416","Mandsaur","1",5.0,18.0,112.0,52.0,19.0,1.0,0.0,11.0,90.0,389.0,135.0,15.0,0.0,0.0,0.0,0.0,0.0,0.0,0.0,0.0
2098,"2019","Madhya Pradesh","23","Morena","417","Morena","0",31.0,50.0,99.0,51.0,15.0,10.0,1.0,21.0,52.0,241.0,71.0,6.0,5.0,0.0,0.0,0.0,0.0,0.0,0.0,0.0
2099,"2019","Madhya Pradesh","23","Narsinghpur","418","Narsinghpur","0",5.0,20.0,60.0,90.0,70.0,15.0,0.0,45.0,80.0,206.0,135.0,95.0,23.0,0.0,0.0,0.0,0.0,0.0,0.0,0.0
2100,"2019","Madhya Pradesh","23","Neemuch","419","Neemuch","0",1.0,11.0,72.0,35.0,4.0,1.0,0.0,2.0,28.0,319.0,46.0,5.0,1.0,0.0,0.0,0.0,0.0,0.0,0.0,0.0
2101,"2019","Madhya Pradesh","23","Panna","420","Panna","2",8.0,12.0,49.0,28.0,15.0,8.0,1.0,14.0,118.0,196.0,54.0,9.0,5.0,0.0,0.0,0.0,0.0,0.0,0.0,0.0
2102,"2019","Madhya Pradesh","23","Raisen","421","Raisen","0",11.0,23.0,120.0,63.0,21.0,15.0,0.0,10.0,160.0,450.0,98.0,15.0,9.0,0.0,0.0,0.0,0.0,0.0,0.0,0.0
2103,"2019","Madhya Pradesh","23","Rajgarh","422","Rajgarh","0",8.0,16.0,46.0,53.0,33.0,6.0,0.0,15.0,123.0,300.0,111.0,22.0,4.0,0.0,0.0,0.0,0.0,0.0,0.0,0.0
2104,"2019","Madhya Pradesh","23","Ratlam","423","Ratlam","2",12.0,24.0,180.0,35.0,42.0,0.0,16.0,208.0,397.0,298.0,112.0,1.0,0.0,0.0,0.0,0.0,0.0,0.0,0.0,0.0
2105,"2019","Madhya Pradesh","23","Rewa","424","Rewa","0",98.0,44.0,2.0,2.0,0.0,0.0,0.0,122.0,144.0,1.0,0.0,0.0,0.0,0.0,0.0,0.0,0.0,0.0,0.0,0.0
2106,"2019","Madhya Pradesh","23","Sagar","425","Sagar","1",40.0,73.0,244.0,103.0,59.0,19.0,0.0,27.0,318.0,731.0,133.0,15.0,11.0,0.0,0.0,0.0,0.0,0.0,0.0,0.0
2107,"2019","Madhya Pradesh","23","Satna","426","Satna","1",51.0,68.0,125.0,108.0,42.0,36.0,1.0,59.0,234.0,487.0,210.0,33.0,17.0,0.0,0.0,0.0,0.0,0.0,0.0,0.0
2108,"2019","Madhya Pradesh","23","Seoni","428","Seoni","3",7.0,13.0,76.0,56.0,23.0,10.0,3.0,9.0,153.0,387.0,43.0,4.0,4.0,0.0,0.0,0.0,0.0,0.0,0.0,0.0
2109,"2019","Madhya Pradesh","23","Shahdol","429","Shahdol","0",14.0,37.0,99.0,47.0,19.0,6.0,0.0,21.0,118.0,349.0,95.0,12.0,2.0,0.0,0.0,0.0,0.0,0.0,0.0,0.0
2110,"2019","Madhya Pradesh","23","Shajapur","430","Shajapur","0",4.0,15.0,45.0,19.0,14.0,8.0,0.0,3.0,60.0,177.0,48.0,5.0,3.0,0.0,0.0,0.0,0.0,0.0,0.0,0.0
2111,"2019","Madhya Pradesh","23","Sheopur","431","Sheopur","0",7.0,4.0,18.0,7.0,4.0,2.0,0.0,2.0,18.0,89.0,12.0,3.0,0.0,0.0,0.0,0.0,0.0,0.0,0.0,0.0
2112,"2019","Madhya Pradesh","23","Shivpuri","432","Shivpuri","0",15.0,27.0,47.0,55.0,29.0,11.0,0.0,15.0,125.0,211.0,124.0,23.0,5.0,0.0,0.0,0.0,0.0,0.0,0.0,0.0
2113,"2019","Madhya Pradesh","23","Sidhi","433","Sidhi","0",28.0,24.0,44.0,25.0,7.0,7.0,2.0,27.0,119.0,216.0,47.0,5.0,3.0,0.0,0.0,0.0,0.0,0.0,0.0,0.0
2114,"2019","Madhya Pradesh","23","Sehore","427","Sehore","0",25.0,22.0,55.0,81.0,35.0,17.0,0.0,54.0,136.0,322.0,159.0,19.0,0.0,0.0,0.0,0.0,0.0,0.0,0.0,0.0
2115,"2019","Madhya Pradesh","23","Singrauli","638","Singrauli","1",17.0,15.0,37.0,26.0,9.0,4.0,1.0,11.0,95.0,169.0,31.0,4.0,2.0,0.0,0.0,0.0,0.0,0.0,0.0,0.0
2116,"2019","Madhya Pradesh","23","Tikamgarh","434","Tikamgarh","1",10.0,22.0,46.0,12.0,6.0,3.0,0.0,8.0,105.0,182.0,38.0,8.0,5.0,0.0,0.0,0.0,0.0,0.0,0.0,0.0
2117,"2019","Madhya Pradesh","23","Ujjain","435","Ujjain","2",19.0,49.0,204.0,124.0,54.0,25.0,6.0,12.0,172.0,618.0,95.0,20.0,12.0,0.0,0.0,0.0,0.0,0.0,0.0,0.0
2118,"2019","Madhya Pradesh","23","Umaria","436","Umaria","0",10.0,13.0,37.0,14.0,5.0,3.0,0.0,12.0,57.0,125.0,16.0,9.0,3.0,0.0,0.0,0.0,0.0,0.0,0.0,0.0
2119,"2019","Madhya Pradesh","23","Vidisha","437","Vidisha","6",18.0,35.0,113.0,82.0,31.0,18.0,1.0,23.0,129.0,336.0,64.0,16.0,4.0,0.0,0.0,0.0,0.0,0.0,0.0,0.0
2120,"2019","Madhya Pradesh","23","Cyber Crime Cell","9999","Cyber Crime Cell","0",0.0,0.0,0.0,0.0,0.0,0.0,0.0,0.0,0.0,0.0,0.0,0.0,0.0,0.0,0.0,0.0,0.0,0.0,0.0,0.0
2121,"2019","Madhya Pradesh","23","Cyber Crime Cell","722","Niwari","0",3.0,7.0,26.0,7.0,3.0,6.0,0.0,2.0,13.0,70.0,21.0,2.0,0.0,0.0,0.0,0.0,0.0,0.0,0.0,0.0
2122,"2019","Maharashtra","27","Cyber Crime Cell","466","Ahmednagar","57",20.0,25.0,568.0,194.0,104.0,35.0,51.0,10.0,16.0,934.0,278.0,125.0,13.0,0.0,0.0,0.0,0.0,0.0,0.0,0.0
2123,"2019","Maharashtra","27","Cyber Border Range","467","Akola","0",0.0,1.0,80.0,129.0,93.0,31.0,0.0,0.0,2.0,280.0,107.0,27.0,9.0,0.0,0.0,0.0,0.0,0.0,0.0,0.0
2124,"2019","Maharashtra","27","Cyber Crime Cell","468","Amravati Commr.","0",0.0,1.0,77.0,152.0,83.0,30.0,0.0,0.0,0.0,224.0,128.0,30.0,17.0,0.0,0.0,0.0,0.0,0.0,0.0,0.0
2125,"2019","Maharashtra","27","Amravati","468","Amravati Rural","0",0.0,0.0,98.0,108.0,53.0,32.0,0.0,0.0,0.0,497.0,119.0,21.0,15.0,0.0,0.0,0.0,0.0,0.0,0.0,0.0
2126,"2019","Maharashtra","27","Aurangabad","469","Aurangabad Commr.","14",8.0,11.0,214.0,255.0,97.0,25.0,13.0,8.0,9.0,422.0,212.0,52.0,17.0,0.0,0.0,0.0,0.0,0.0,0.0,0.0
2127,"2019","Maharashtra","27","Aurangabad","469","Aurangabad Rural","0",0.0,0.0,63.0,53.0,35.0,10.0,0.0,0.0,0.0,140.0,51.0,19.0,3.0,0.0,0.0,0.0,0.0,0.0,0.0,0.0
2128,"2019","Maharashtra","27","Beed","470","Beed","12",9.0,0.0,56.0,83.0,43.0,21.0,12.0,7.0,1.0,163.0,106.0,19.0,4.0,0.0,0.0,0.0,0.0,0.0,0.0,0.0
2129,"2019","Maharashtra","27","Bhandara","471","Bhandara","0",11.0,21.0,110.0,81.0,48.0,24.0,0.0,11.0,71.0,481.0,48.0,27.0,10.0,0.0,0.0,0.0,0.0,0.0,0.0,0.0
2130,"2019","Maharashtra","27","Buldhana","472","Buldhana","18",13.0,0.0,137.0,89.0,53.0,31.0,19.0,11.0,2.0,364.0,74.0,16.0,19.0,0.0,0.0,0.0,0.0,0.0,0.0,0.0
2131,"2019","Maharashtra","27","Chandrapur","473","Chandrapur","0",0.0,0.0,295.0,183.0,99.0,20.0,0.0,0.0,0.0,493.0,342.0,58.0,26.0,0.0,0.0,0.0,0.0,0.0,0.0,0.0
2132,"2019","Maharashtra","27","Dhule","474","Dhule","4",2.0,1.0,198.0,59.0,37.0,5.0,13.0,9.0,1.0,319.0,71.0,43.0,9.0,0.0,0.0,0.0,0.0,0.0,0.0,0.0
2133,"2019","Maharashtra","27","Gadchiroli","475","Gadchiroli","0",1.0,0.0,43.0,31.0,21.0,10.0,1.0,1.0,0.0,200.0,32.0,6.0,5.0,0.0,0.0,0.0,0.0,0.0,0.0,0.0
2134,"2019","Maharashtra","27","Gondia","476","Gondia","0",0.0,0.0,25.0,71.0,68.0,4.0,0.0,0.0,0.0,295.0,107.0,15.0,3.0,0.0,0.0,0.0,0.0,0.0,0.0,0.0
2135,"2019","Maharashtra","27","Hingoli","477","Hingoli","0",0.0,5.0,59.0,44.0,17.0,6.0,0.0,0.0,13.0,98.0,33.0,6.0,2.0,0.0,0.0,0.0,0.0,0.0,0.0,0.0
2136,"2019","Maharashtra","27","Jalgaon","478","Jalgaon","52",23.0,4.0,179.0,230.0,128.0,51.0,34.0,29.0,2.0,618.0,253.0,40.0,15.0,0.0,0.0,0.0,0.0,0.0,0.0,0.0
2137,"2019","Maharashtra","27","Jalna","479","Jalna","0",0.0,0.0,9.0,7.0,2.0,0.0,0.0,0.0,0.0,30.0,11.0,5.0,2.0,0.0,0.0,0.0,0.0,0.0,0.0,0.0
2138,"2019","Maharashtra","27","Kolhapur","480","Kolhapur","41",35.0,1.0,280.0,204.0,84.0,68.0,44.0,36.0,2.0,997.0,141.0,24.0,34.0,0.0,0.0,0.0,0.0,0.0,0.0,0.0
2139,"2019","Maharashtra","27","Latur","481","Latur","0",0.0,0.0,110.0,70.0,43.0,16.0,0.0,0.0,0.0,359.0,57.0,15.0,6.0,0.0,0.0,0.0,0.0,0.0,0.0,0.0
2140,"2019","Maharashtra","27","Mumbai","482","Mumbai Commr.","25",258.0,383.0,1257.0,1715.0,1022.0,507.0,19.0,237.0,1120.0,2671.0,1573.0,420.0,255.0,0.0,0.0,0.0,0.0,0.0,0.0,0.0
2141,"2019","Maharashtra","27","Mumbai","482","Mumbai Railway","0",2.0,1.0,36.0,26.0,18.0,13.0,3.0,2.0,1.0,52.0,19.0,8.0,5.0,0.0,0.0,0.0,0.0,0.0,0.0,0.0
2142,"2019","Maharashtra","27","Nagpur","484","Nagpur Commr.","5",7.0,17.0,534.0,544.0,331.0,178.0,12.0,28.0,81.0,1142.0,495.0,140.0,96.0,0.0,0.0,0.0,0.0,0.0,0.0,0.0
2143,"2019","Maharashtra","27","Nagpur","484","Nagpur Railway","0",0.0,0.0,6.0,8.0,4.0,4.0,0.0,0.0,0.0,15.0,2.0,2.0,2.0,0.0,0.0,0.0,0.0,0.0,0.0,0.0
2144,"2019","Maharashtra","27","Nagpur","484","Nagpur Rural","0",0.0,0.0,227.0,161.0,45.0,21.0,0.0,0.0,0.0,323.0,210.0,79.0,57.0,0.0,0.0,0.0,0.0,0.0,0.0,0.0
2145,"2019","Maharashtra","27","Nanded","485","Nanded","5",0.0,4.0,105.0,152.0,75.0,22.0,4.0,2.0,4.0,283.0,127.0,26.0,8.0,0.0,0.0,0.0,0.0,0.0,0.0,0.0
2146,"2019","Maharashtra","27","Nandurbar","486","Nandurbar","3",7.0,0.0,79.0,38.0,18.0,19.0,11.0,9.0,1.0,208.0,35.0,6.0,2.0,0.0,0.0,0.0,0.0,0.0,0.0,0.0
2147,"2019","Maharashtra","27","Nashik","487","Nasik Commr.","26",232.0,301.0,152.0,62.0,0.0,0.0,17.0,21.0,9.0,602.0,270.0,64.0,19.0,0.0,0.0,0.0,0.0,0.0,0.0,0.0
2148,"2019","Maharashtra","27","Nashik","487","Nasik Rural","6",1.0,15.0,333.0,189.0,68.0,41.0,7.0,8.0,19.0,800.0,183.0,41.0,14.0,0.0,0.0,0.0,0.0,0.0,0.0,0.0
2149,"2019","Maharashtra","27","Mumbai Suburban","483","Navi Mumbai","26",14.0,1.0,231.0,342.0,186.0,65.0,23.0,11.0,4.0,576.0,328.0,73.0,18.0,0.0,0.0,0.0,0.0,0.0,0.0,0.0
2150,"2019","Maharashtra","27","Osmanabad","488","Osmanabad","10",3.0,0.0,71.0,47.0,32.0,21.0,5.0,8.0,1.0,204.0,70.0,17.0,6.0,0.0,0.0,0.0,0.0,0.0,0.0,0.0
2151,"2019","Maharashtra","27","Palghar","665","Palghar","50",31.0,1.0,244.0,328.0,177.0,64.0,45.0,33.0,5.0,705.0,340.0,76.0,28.0,0.0,0.0,0.0,0.0,0.0,0.0,0.0
2152,"2019","Maharashtra","27","Parbhani","489","Parbhani","0",0.0,0.0,103.0,66.0,20.0,16.0,0.0,0.0,0.0,172.0,38.0,11.0,11.0,0.0,0.0,0.0,0.0,0.0,0.0,0.0
2153,"2019","Maharashtra","27","Pune","490","Pune Commr.","6",7.0,3.0,629.0,591.0,322.0,173.0,11.0,16.0,8.0,1242.0,390.0,86.0,78.0,0.0,0.0,0.0,0.0,0.0,0.0,0.0
2154,"2019","Maharashtra","27","Pune","490","Pune Railway","1",1.0,0.0,14.0,19.0,4.0,3.0,1.0,1.0,0.0,18.0,3.0,6.0,1.0,0.0,0.0,0.0,0.0,0.0,0.0,0.0
2155,"2019","Maharashtra","27","Pune","490","Pune Rural","29",31.0,1.0,254.0,408.0,229.0,76.0,32.0,27.0,4.0,979.0,497.0,103.0,35.0,0.0,0.0,0.0,0.0,0.0,0.0,0.0
2156,"2019","Maharashtra","27","Raigad","491","Raigad","4",12.0,22.0,59.0,109.0,81.0,35.0,6.0,8.0,60.0,174.0,92.0,19.0,9.0,0.0,0.0,0.0,0.0,0.0,0.0,0.0
2157,"2019","Maharashtra","27","Ratnagiri","492","Ratnagiri","7",10.0,1.0,67.0,65.0,50.0,34.0,2.0,11.0,9.0,200.0,71.0,7.0,24.0,0.0,0.0,0.0,0.0,0.0,0.0,0.0
2158,"2019","Maharashtra","27","Sangli","493","Sangli","8",4.0,1.0,161.0,172.0,116.0,52.0,10.0,1.0,3.0,585.0,192.0,50.0,27.0,0.0,0.0,0.0,0.0,0.0,0.0,0.0
2159,"2019","Maharashtra","27","Satara","494","Satara","16",10.0,0.0,186.0,176.0,63.0,96.0,14.0,21.0,0.0,889.0,141.0,32.0,32.0,0.0,0.0,0.0,0.0,0.0,0.0,0.0
2160,"2019","Maharashtra","27","Sindhudurg","495","Sindhudurg","3",2.0,0.0,27.0,33.0,19.0,15.0,4.0,1.0,0.0,70.0,21.0,11.0,7.0,0.0,0.0,0.0,0.0,0.0,0.0,0.0
2161,"2019","Maharashtra","27","Solapur","496","Solapur Commr.","13",5.0,2.0,78.0,114.0,71.0,25.0,6.0,13.0,29.0,256.0,105.0,23.0,13.0,0.0,0.0,0.0,0.0,0.0,0.0,0.0
2162,"2019","Maharashtra","27","Solapur","496","Solapur Rural","0",0.0,0.0,150.0,175.0,107.0,41.0,0.0,0.0,0.0,418.0,246.0,52.0,26.0,0.0,0.0,0.0,0.0,0.0,0.0,0.0
2163,"2019","Maharashtra","27","Thane","497","Thane Commr.","0",0.0,7.0,857.0,804.0,200.0,127.0,0.0,0.0,3.0,1769.0,485.0,96.0,36.0,0.0,0.0,0.0,0.0,0.0,0.0,0.0
2164,"2019","Maharashtra","27","Thane","497","Thane Rural","0",0.0,0.0,260.0,184.0,81.0,48.0,0.0,0.0,0.0,529.0,116.0,25.0,27.0,0.0,0.0,0.0,0.0,0.0,0.0,0.0
2165,"2019","Maharashtra","27","Wardha","498","Wardha","0",0.0,2.0,112.0,132.0,74.0,56.0,0.0,0.0,1.0,338.0,181.0,59.0,22.0,0.0,0.0,0.0,0.0,0.0,0.0,0.0
2166,"2019","Maharashtra","27","Washim","499","Washim","0",0.0,11.0,51.0,69.0,33.0,9.0,0.0,0.0,22.0,152.0,65.0,10.0,2.0,0.0,0.0,0.0,0.0,0.0,0.0,0.0
2167,"2019","Maharashtra","27","Yavatmal","500","Yavatmal","0",0.0,0.0,195.0,141.0,57.0,19.0,0.0,0.0,1.0,621.0,118.0,10.0,8.0,0.0,0.0,0.0,0.0,0.0,0.0,0.0
2168,"2019","Maharashtra","27","Pune","490","Pimpri Chinchwad City","0",2.0,1.0,336.0,459.0,203.0,94.0,0.0,1.0,12.0,773.0,411.0,83.0,35.0,0.0,0.0,0.0,0.0,0.0,0.0,0.0
2169,"2019","Maharashtra","27","Aurangabad","469","Aurangabad Railway","0",0.0,0.0,15.0,10.0,3.0,4.0,0.0,0.0,0.0,14.0,5.0,2.0,0.0,0.0,0.0,0.0,0.0,0.0,0.0,0.0
2170,"2019","Manipur","14","Bishnupur","252","Bishnupur","0",4.0,5.0,15.0,5.0,10.0,1.0,2.0,2.0,3.0,12.0,15.0,4.0,0.0,0.0,0.0,0.0,0.0,0.0,0.0,0.0
2171,"2019","Manipur","14","Chandel","253","Chandel","0",0.0,0.0,1.0,0.0,0.0,0.0,0.0,0.0,0.0,1.0,0.0,0.0,0.0,0.0,0.0,0.0,0.0,0.0,0.0,0.0
2172,"2019","Manipur","14","Churachandpur","254","Churachandpur","0",0.0,0.0,0.0,0.0,0.0,0.0,0.0,0.0,0.0,0.0,0.0,0.0,0.0,0.0,0.0,0.0,0.0,0.0,0.0,0.0
2173,"2019","Manipur","14","Imphal West","256","Cid","0",0.0,0.0,0.0,0.0,0.0,0.0,0.0,0.0,0.0,0.0,0.0,0.0,0.0,0.0,0.0,0.0,0.0,0.0,0.0,0.0
2174,"2019","Manipur","14","Imphal East","255","Imphal East","2",5.0,8.0,12.0,19.0,8.0,4.0,0.0,7.0,10.0,28.0,31.0,6.0,2.0,0.0,0.0,0.0,0.0,0.0,0.0,0.0
2175,"2019","Manipur","14","Imphal West","256","Imphal West","0",2.0,3.0,12.0,4.0,2.0,1.0,1.0,4.0,5.0,16.0,6.0,2.0,1.0,0.0,0.0,0.0,0.0,0.0,0.0,0.0
2176,"2019","Manipur","14","Senapati","257","Senapati","0",0.0,0.0,0.0,0.0,0.0,0.0,0.0,0.0,0.0,0.0,0.0,0.0,0.0,0.0,0.0,0.0,0.0,0.0,0.0,0.0
2177,"2019","Manipur","14","Tamenglong","258","Tamenglong","0",0.0,0.0,0.0,0.0,0.0,0.0,0.0,0.0,0.0,0.0,0.0,0.0,0.0,0.0,0.0,0.0,0.0,0.0,0.0,0.0
2178,"2019","Manipur","14","Thoubal","259","Thoubal","1",1.0,7.0,8.0,7.0,3.0,3.0,0.0,13.0,12.0,9.0,12.0,1.0,0.0,0.0,0.0,0.0,0.0,0.0,0.0,0.0
2179,"2019","Manipur","14","Ukhrul","260","Ukhrul","0",0.0,0.0,0.0,0.0,0.0,0.0,0.0,0.0,0.0,0.0,0.0,0.0,0.0,0.0,0.0,0.0,0.0,0.0,0.0,0.0
2180,"2019","Manipur","14","Kakching","711","Kakching","0",2.0,8.0,5.0,4.0,3.0,0.0,0.0,0.0,3.0,12.0,8.0,5.0,1.0,0.0,0.0,0.0,0.0,0.0,0.0,0.0
2181,"2019","Manipur","14","Kamjong","717","Kamjong","0",0.0,0.0,0.0,0.0,0.0,0.0,0.0,0.0,0.0,0.0,0.0,0.0,0.0,0.0,0.0,0.0,0.0,0.0,0.0,0.0
2182,"2019","Manipur","14","Kangpokpi","712","Kangpokpi","0",0.0,0.0,0.0,0.0,0.0,0.0,0.0,0.0,0.0,0.0,0.0,0.0,0.0,0.0,0.0,0.0,0.0,0.0,0.0,0.0
2183,"2019","Manipur","14","Jiribam","713","Jiribam","0",0.0,1.0,2.0,1.0,1.0,1.0,0.0,0.0,0.0,5.0,1.0,1.0,0.0,0.0,0.0,0.0,0.0,0.0,0.0,0.0
2184,"2019","Manipur","14","Noney","714","Noney","0",0.0,0.0,0.0,0.0,0.0,0.0,0.0,0.0,0.0,0.0,0.0,0.0,0.0,0.0,0.0,0.0,0.0,0.0,0.0,0.0
2185,"2019","Manipur","14","Pherzawl","715","Pherzawl","0",0.0,0.0,0.0,0.0,0.0,0.0,0.0,0.0,0.0,0.0,0.0,0.0,0.0,0.0,0.0,0.0,0.0,0.0,0.0,0.0
2186,"2019","Manipur","14","Tengnoupal","716","Tengnoupal","0",0.0,1.0,0.0,0.0,0.0,0.0,0.0,0.0,0.0,1.0,0.0,0.0,0.0,0.0,0.0,0.0,0.0,0.0,0.0,0.0
2187,"2019","Manipur","14","Imphal West","256","Narcotic","0",0.0,0.0,0.0,0.0,0.0,0.0,0.0,0.0,0.0,0.0,0.0,0.0,0.0,0.0,0.0,0.0,0.0,0.0,0.0,0.0
2188,"2019","Meghalaya","17","East Garo Hills","273","Garo Hills East","0",0.0,0.0,0.0,0.0,0.0,0.0,0.0,0.0,3.0,2.0,0.0,0.0,0.0,0.0,0.0,0.0,0.0,0.0,0.0,0.0
2189,"2019","Meghalaya","17","North Garo Hills","656","Garo Hills North","0",1.0,1.0,0.0,0.0,0.0,0.0,0.0,0.0,1.0,0.0,0.0,0.0,0.0,0.0,0.0,0.0,0.0,0.0,0.0,0.0
2190,"2019","Meghalaya","17","South Garo Hills","277","Garo Hills South","0",0.0,0.0,0.0,0.0,0.0,0.0,0.0,0.0,0.0,0.0,0.0,0.0,0.0,0.0,0.0,0.0,0.0,0.0,0.0,0.0
2191,"2019","Meghalaya","17","South West Garo Hills","663","Garo Hills South West","0",0.0,0.0,0.0,0.0,0.0,0.0,0.0,0.0,0.0,2.0,0.0,0.0,0.0,0.0,0.0,0.0,0.0,0.0,0.0,0.0
2192,"2019","Meghalaya","17","West Garo Hills","278","Garo Hills West","1",0.0,4.0,8.0,4.0,2.0,0.0,0.0,0.0,8.0,23.0,3.0,1.0,0.0,0.0,0.0,0.0,0.0,0.0,0.0,0.0
2193,"2019","Meghalaya","17","West Jaintia Hills","275","Jaintia Hills West","0",0.0,0.0,1.0,1.0,2.0,0.0,0.0,0.0,1.0,0.0,0.0,0.0,0.0,0.0,0.0,0.0,0.0,0.0,0.0,0.0
2194,"2019","Meghalaya","17","East Jaintia Hills","657","Jaintia Hills East","0",1.0,0.0,5.0,1.0,0.0,0.0,0.0,1.0,12.0,3.0,3.0,0.0,0.0,0.0,0.0,0.0,0.0,0.0,0.0,0.0
2195,"2019","Meghalaya","17","East Khasi Hills","274","Khasi Hills East","1",9.0,23.0,36.0,35.0,9.0,4.0,0.0,7.0,29.0,63.0,25.0,7.0,2.0,0.0,0.0,0.0,0.0,0.0,0.0,0.0
2196,"2019","Meghalaya","17","South West Khasi Hills","658","Khasi Hills South West","0",0.0,0.0,0.0,0.0,0.0,0.0,0.0,0.0,0.0,0.0,0.0,0.0,0.0,0.0,0.0,0.0,0.0,0.0,0.0,0.0
2197,"2019","Meghalaya","17","West Khasi Hills","279","Khasi Hills West","0",0.0,0.0,0.0,0.0,0.0,0.0,0.0,0.0,0.0,0.0,0.0,0.0,0.0,0.0,0.0,0.0,0.0,0.0,0.0,0.0
2198,"2019","Meghalaya","17","Ri Bhoi","276","Ri-Bhoi","0",0.0,0.0,6.0,0.0,0.0,1.0,0.0,0.0,1.0,3.0,0.0,0.0,0.0,0.0,0.0,0.0,0.0,0.0,0.0,0.0
2199,"2019","Meghalaya","17","East Khasi Hills","274","Cyber Cell","0",0.0,0.0,0.0,0.0,0.0,0.0,0.0,0.0,0.0,0.0,0.0,0.0,0.0,0.0,0.0,0.0,0.0,0.0,0.0,0.0
2200,"2019","Mizoram","15","Aizawl","261","Aizawl","0",0.0,0.0,0.0,0.0,0.0,0.0,0.0,0.0,0.0,0.0,0.0,0.0,0.0,0.0,0.0,0.0,0.0,0.0,0.0,0.0
2201,"2019","Mizoram","15","Champhai","262","Champhai","0",0.0,0.0,0.0,0.0,0.0,0.0,0.0,0.0,0.0,0.0,0.0,0.0,0.0,0.0,0.0,0.0,0.0,0.0,0.0,0.0
2202,"2019","Mizoram","15","Kolasib","263","Kolasib","0",0.0,0.0,0.0,0.0,0.0,0.0,0.0,0.0,0.0,0.0,0.0,0.0,0.0,0.0,0.0,0.0,0.0,0.0,0.0,0.0
2203,"2019","Mizoram","15","Lawngtlai","264","Lawngtlai","0",0.0,0.0,0.0,0.0,0.0,0.0,0.0,0.0,0.0,0.0,0.0,0.0,0.0,0.0,0.0,0.0,0.0,0.0,0.0,0.0
2204,"2019","Mizoram","15","Lunglei","265","Lunglei","0",0.0,0.0,0.0,0.0,0.0,0.0,0.0,0.0,0.0,0.0,0.0,0.0,0.0,0.0,0.0,0.0,0.0,0.0,0.0,0.0
2205,"2019","Mizoram","15","Mamit","266","Mamit","0",0.0,0.0,0.0,0.0,0.0,0.0,0.0,0.0,0.0,0.0,0.0,0.0,0.0,0.0,0.0,0.0,0.0,0.0,0.0,0.0
2206,"2019","Mizoram","15","Saiha","267","Saiha","0",0.0,0.0,0.0,0.0,0.0,0.0,0.0,0.0,0.0,0.0,0.0,0.0,0.0,0.0,0.0,0.0,0.0,0.0,0.0,0.0
2207,"2019","Mizoram","15","Serchhip","268","Serchhip","0",0.0,0.0,0.0,0.0,0.0,0.0,0.0,0.0,0.0,0.0,0.0,0.0,0.0,0.0,0.0,0.0,0.0,0.0,0.0,0.0
2208,"2019","Mizoram","15","Aizawl","261","Spl Narcotic","0",0.0,0.0,0.0,0.0,0.0,0.0,0.0,0.0,0.0,0.0,0.0,0.0,0.0,0.0,0.0,0.0,0.0,0.0,0.0,0.0
2209,"2019","Nagaland","13","Dimapur","244","Dimapur","0",5.0,2.0,5.0,5.0,1.0,0.0,2.0,5.0,23.0,7.0,3.0,0.0,0.0,0.0,0.0,0.0,0.0,0.0,0.0,0.0
2210,"2019","Nagaland","13","Kiphire","614","Kiphire","0",0.0,0.0,0.0,0.0,0.0,0.0,0.0,0.0,0.0,0.0,0.0,0.0,0.0,0.0,0.0,0.0,0.0,0.0,0.0,0.0
2211,"2019","Nagaland","13","Kohima","245","Kohima","0",0.0,0.0,0.0,0.0,0.0,0.0,0.0,0.0,0.0,0.0,0.0,0.0,0.0,0.0,0.0,0.0,0.0,0.0,0.0,0.0
2212,"2019","Nagaland","13","Longleng","615","Longleng","0",0.0,0.0,0.0,0.0,0.0,0.0,0.0,0.0,0.0,0.0,0.0,0.0,0.0,0.0,0.0,0.0,0.0,0.0,0.0,0.0
2213,"2019","Nagaland","13","Mokokchung","246","Mokokchung","0",0.0,0.0,0.0,0.0,0.0,0.0,0.0,0.0,0.0,0.0,0.0,0.0,0.0,0.0,0.0,0.0,0.0,0.0,0.0,0.0
2214,"2019","Nagaland","13","Mon","247","Mon","0",0.0,0.0,0.0,0.0,0.0,0.0,0.0,0.0,0.0,0.0,0.0,0.0,0.0,0.0,0.0,0.0,0.0,0.0,0.0,0.0
2215,"2019","Nagaland","13","Peren","613","Peren","0",0.0,0.0,0.0,0.0,0.0,0.0,0.0,0.0,0.0,0.0,0.0,0.0,0.0,0.0,0.0,0.0,0.0,0.0,0.0,0.0
2216,"2019","Nagaland","13","Phek","248","Phek","0",0.0,0.0,0.0,0.0,0.0,0.0,0.0,0.0,0.0,0.0,0.0,0.0,0.0,0.0,0.0,0.0,0.0,0.0,0.0,0.0
2217,"2019","Nagaland","13","Tuensang","249","Tuensang","0",0.0,0.0,0.0,0.0,0.0,0.0,0.0,0.0,0.0,0.0,0.0,0.0,0.0,0.0,0.0,0.0,0.0,0.0,0.0,0.0
2218,"2019","Nagaland","13","Wokha","250","Wokha","0",0.0,0.0,0.0,0.0,0.0,0.0,0.0,0.0,0.0,0.0,0.0,0.0,0.0,0.0,0.0,0.0,0.0,0.0,0.0,0.0
2219,"2019","Nagaland","13","Zunheboto","251","Zunheboto","0",0.0,0.0,0.0,0.0,0.0,0.0,0.0,0.0,0.0,0.0,0.0,0.0,0.0,0.0,0.0,0.0,0.0,0.0,0.0,0.0
2220,"2019","Odisha","21","Anugul","344","Angul","0",0.0,0.0,0.0,0.0,0.0,0.0,0.0,0.0,0.0,0.0,0.0,0.0,0.0,0.0,0.0,0.0,0.0,0.0,0.0,0.0
2221,"2019","Odisha","21","Baleshwar","346","Balasore","0",0.0,0.0,0.0,0.0,0.0,0.0,0.0,0.0,0.0,0.0,0.0,0.0,0.0,0.0,0.0,0.0,0.0,0.0,0.0,0.0
2222,"2019","Odisha","21","Bargarh","347","Baragarh","0",0.0,0.0,0.0,0.0,0.0,0.0,0.0,0.0,0.0,0.0,0.0,0.0,0.0,0.0,0.0,0.0,0.0,0.0,0.0,0.0
2223,"2019","Odisha","21","Baleshwar","346","Berhampur","0",0.0,0.0,0.0,0.0,0.0,0.0,0.0,0.0,0.0,0.0,0.0,0.0,0.0,0.0,0.0,0.0,0.0,0.0,0.0,0.0
2224,"2019","Odisha","21","Bhadrak","348","Bhadrak","0",0.0,0.0,0.0,0.0,0.0,0.0,0.0,0.0,0.0,0.0,0.0,0.0,0.0,0.0,0.0,0.0,0.0,0.0,0.0,0.0
2225,"2019","Odisha","21","Balangir","345","Bolangir","0",0.0,0.0,0.0,0.0,0.0,0.0,0.0,0.0,0.0,0.0,0.0,0.0,0.0,0.0,0.0,0.0,0.0,0.0,0.0,0.0
2226,"2019","Odisha","21","Boudh","349","Boudh","0",0.0,0.0,0.0,0.0,0.0,0.0,0.0,0.0,0.0,0.0,0.0,0.0,0.0,0.0,0.0,0.0,0.0,0.0,0.0,0.0
2227,"2019","Odisha","21","Cuttack","350","Cuttack","0",0.0,0.0,0.0,0.0,0.0,0.0,0.0,0.0,0.0,0.0,0.0,0.0,0.0,0.0,0.0,0.0,0.0,0.0,0.0,0.0
2228,"2019","Odisha","21","Khordha","362","Dcp Bbsr","0",0.0,0.0,0.0,0.0,0.0,0.0,0.0,0.0,0.0,0.0,0.0,0.0,0.0,0.0,0.0,0.0,0.0,0.0,0.0,0.0
2229,"2019","Odisha","21","Cuttack","350","Dcp Ctc","0",0.0,0.0,0.0,0.0,0.0,0.0,0.0,0.0,0.0,0.0,0.0,0.0,0.0,0.0,0.0,0.0,0.0,0.0,0.0,0.0
2230,"2019","Odisha","21","Deogarh","351","Deogarh","0",0.0,0.0,0.0,0.0,0.0,0.0,0.0,0.0,0.0,0.0,0.0,0.0,0.0,0.0,0.0,0.0,0.0,0.0,0.0,0.0
2231,"2019","Odisha","21","Dhenkanal","352","Dhenkanal","0",0.0,0.0,0.0,0.0,0.0,0.0,0.0,0.0,0.0,0.0,0.0,0.0,0.0,0.0,0.0,0.0,0.0,0.0,0.0,0.0
2232,"2019","Odisha","21","Gajapati","353","Gajapati","0",0.0,0.0,0.0,0.0,0.0,0.0,0.0,0.0,0.0,0.0,0.0,0.0,0.0,0.0,0.0,0.0,0.0,0.0,0.0,0.0
2233,"2019","Odisha","21","Ganjam","354","Ganjam","0",0.0,0.0,0.0,0.0,0.0,0.0,0.0,0.0,0.0,0.0,0.0,0.0,0.0,0.0,0.0,0.0,0.0,0.0,0.0,0.0
2234,"2019","Odisha","21","Jagatsinghapur","355","Jagatsinghpur","0",0.0,0.0,0.0,0.0,0.0,0.0,0.0,0.0,0.0,0.0,0.0,0.0,0.0,0.0,0.0,0.0,0.0,0.0,0.0,0.0
2235,"2019","Odisha","21","Jajapur","356","Jajpur","0",0.0,0.0,0.0,0.0,0.0,0.0,0.0,0.0,0.0,0.0,0.0,0.0,0.0,0.0,0.0,0.0,0.0,0.0,0.0,0.0
2236,"2019","Odisha","21","Jharsuguda","357","Jharsuguda","0",0.0,0.0,0.0,0.0,0.0,0.0,0.0,0.0,0.0,0.0,0.0,0.0,0.0,0.0,0.0,0.0,0.0,0.0,0.0,0.0
2237,"2019","Odisha","21","Kalahandi","358","Kalahandi","0",0.0,0.0,0.0,0.0,0.0,0.0,0.0,0.0,0.0,0.0,0.0,0.0,0.0,0.0,0.0,0.0,0.0,0.0,0.0,0.0
2238,"2019","Odisha","21","Kandhamal","359","Kandhamal","0",0.0,0.0,0.0,0.0,0.0,0.0,0.0,0.0,0.0,0.0,0.0,0.0,0.0,0.0,0.0,0.0,0.0,0.0,0.0,0.0
2239,"2019","Odisha","21","Kendrapara","360","Kendrapara","0",0.0,0.0,0.0,0.0,0.0,0.0,0.0,0.0,0.0,0.0,0.0,0.0,0.0,0.0,0.0,0.0,0.0,0.0,0.0,0.0
2240,"2019","Odisha","21","Kendujhar","361","Keonjhar","0",0.0,0.0,0.0,0.0,0.0,0.0,0.0,0.0,0.0,0.0,0.0,0.0,0.0,0.0,0.0,0.0,0.0,0.0,0.0,0.0
2241,"2019","Odisha","21","Khordha","362","Khurda","0",0.0,0.0,0.0,0.0,0.0,0.0,0.0,0.0,0.0,0.0,0.0,0.0,0.0,0.0,0.0,0.0,0.0,0.0,0.0,0.0
2242,"2019","Odisha","21","Koraput","363","Koraput","0",0.0,0.0,0.0,0.0,0.0,0.0,0.0,0.0,0.0,0.0,0.0,0.0,0.0,0.0,0.0,0.0,0.0,0.0,0.0,0.0
2243,"2019","Odisha","21","Malkangiri","364","Malkangiri","0",0.0,0.0,0.0,0.0,0.0,0.0,0.0,0.0,0.0,0.0,0.0,0.0,0.0,0.0,0.0,0.0,0.0,0.0,0.0,0.0
2244,"2019","Odisha","21","Mayurbhanj","365","Mayurbhanj","0",0.0,0.0,0.0,0.0,0.0,0.0,0.0,0.0,0.0,0.0,0.0,0.0,0.0,0.0,0.0,0.0,0.0,0.0,0.0,0.0
2245,"2019","Odisha","21","Nayagarh","367","Nayagarh","0",0.0,0.0,0.0,0.0,0.0,0.0,0.0,0.0,0.0,0.0,0.0,0.0,0.0,0.0,0.0,0.0,0.0,0.0,0.0,0.0
2246,"2019","Odisha","21","Nabarangpur","366","Nabarangpur","0",0.0,0.0,0.0,0.0,0.0,0.0,0.0,0.0,0.0,0.0,0.0,0.0,0.0,0.0,0.0,0.0,0.0,0.0,0.0,0.0
2247,"2019","Odisha","21","Nuapada","368","Nuapada","0",0.0,0.0,0.0,0.0,0.0,0.0,0.0,0.0,0.0,0.0,0.0,0.0,0.0,0.0,0.0,0.0,0.0,0.0,0.0,0.0
2248,"2019","Odisha","21","Puri","369","Puri","0",0.0,0.0,0.0,0.0,0.0,0.0,0.0,0.0,0.0,0.0,0.0,0.0,0.0,0.0,0.0,0.0,0.0,0.0,0.0,0.0
2249,"2019","Odisha","21","Rayagada","370","Rayagada","0",0.0,0.0,0.0,0.0,0.0,0.0,0.0,0.0,0.0,0.0,0.0,0.0,0.0,0.0,0.0,0.0,0.0,0.0,0.0,0.0
2250,"2019","Odisha","21","Sundargarh","373","Rourkela","0",0.0,0.0,0.0,0.0,0.0,0.0,0.0,0.0,0.0,0.0,0.0,0.0,0.0,0.0,0.0,0.0,0.0,0.0,0.0,0.0
2251,"2019","Odisha","21","Sambalpur","371","Sambalpur","0",0.0,0.0,0.0,0.0,0.0,0.0,0.0,0.0,0.0,0.0,0.0,0.0,0.0,0.0,0.0,0.0,0.0,0.0,0.0,0.0
2252,"2019","Odisha","21","Sonepur","372","Sonepur","0",0.0,0.0,0.0,0.0,0.0,0.0,0.0,0.0,0.0,0.0,0.0,0.0,0.0,0.0,0.0,0.0,0.0,0.0,0.0,0.0
2253,"2019","Odisha","21","Cuttack","350","Srp(Cuttack)","0",0.0,0.0,0.0,0.0,0.0,0.0,0.0,0.0,0.0,0.0,0.0,0.0,0.0,0.0,0.0,0.0,0.0,0.0,0.0,0.0
2254,"2019","Odisha","21","Sundargarh","373","Srp(Rourkela)","0",0.0,0.0,0.0,0.0,0.0,0.0,0.0,0.0,0.0,0.0,0.0,0.0,0.0,0.0,0.0,0.0,0.0,0.0,0.0,0.0
2255,"2019","Odisha","21","Sundargarh","373","Sundargarh","0",0.0,0.0,0.0,0.0,0.0,0.0,0.0,0.0,0.0,0.0,0.0,0.0,0.0,0.0,0.0,0.0,0.0,0.0,0.0,0.0
2256,"2019","Odisha","21","Cuttack","350","Cid Cb","45",272.0,243.0,1852.0,514.0,321.0,53.0,18.0,654.0,1919.0,5987.0,2112.0,1322.0,5.0,0.0,0.0,0.0,0.0,0.0,0.0,0.0
2257,"2019","Punjab","03","Amritsar","027","Amritsar Rural","1",7.0,2.0,11.0,11.0,5.0,4.0,0.0,10.0,67.0,21.0,7.0,1.0,0.0,0.0,0.0,0.0,0.0,0.0,0.0,0.0
2258,"2019","Punjab","03","Barnala","605","Barnala","0",2.0,1.0,8.0,8.0,2.0,1.0,0.0,1.0,9.0,16.0,8.0,1.0,0.0,0.0,0.0,0.0,0.0,0.0,0.0,0.0
2259,"2019","Punjab","03","Gurdaspur","032","Batala","0",0.0,0.0,25.0,9.0,4.0,2.0,0.0,0.0,0.0,14.0,2.0,2.0,1.0,0.0,0.0,0.0,0.0,0.0,0.0,0.0
2260,"2019","Punjab","03","Bathinda","028","Bathinda","0",3.0,8.0,21.0,17.0,9.0,6.0,0.0,0.0,5.0,21.0,2.0,4.0,0.0,0.0,0.0,0.0,0.0,0.0,0.0,0.0
2261,"2019","Punjab","03","Amritsar","027","Cp Amritsar","7",10.0,6.0,32.0,46.0,15.0,6.0,5.0,11.0,57.0,62.0,16.0,4.0,4.0,0.0,0.0,0.0,0.0,0.0,0.0,0.0
2262,"2019","Punjab","03","Jalandhar","034","Cp Jalandhar","0",0.0,0.0,81.0,69.0,32.0,16.0,0.0,0.0,0.0,174.0,37.0,15.0,1.0,0.0,0.0,0.0,0.0,0.0,0.0,0.0
2263,"2019","Punjab","03","Ludhiana","036","Cp Ludhiana","8",36.0,17.0,40.0,43.0,8.0,9.0,3.0,14.0,53.0,101.0,23.0,4.0,3.0,0.0,0.0,0.0,0.0,0.0,0.0,0.0
2264,"2019","Punjab","03","Faridkot","029","Faridkot","0",1.0,0.0,13.0,13.0,7.0,2.0,0.0,2.0,26.0,10.0,6.0,2.0,1.0,0.0,0.0,0.0,0.0,0.0,0.0,0.0
2265,"2019","Punjab","03","Fatehgarh Sahib","030","Fatehgarh Sahib","0",3.0,0.0,8.0,9.0,12.0,5.0,1.0,0.0,0.0,12.0,8.0,0.0,1.0,0.0,0.0,0.0,0.0,0.0,0.0,0.0
2266,"2019","Punjab","03","Fazilka","651","Fazilka","3",7.0,2.0,19.0,20.0,9.0,3.0,0.0,5.0,2.0,32.0,8.0,1.0,0.0,0.0,0.0,0.0,0.0,0.0,0.0,0.0
2267,"2019","Punjab","03","Ferozepur","031","Ferozepur","0",0.0,1.0,31.0,20.0,12.0,5.0,1.0,1.0,45.0,22.0,13.0,3.0,3.0,0.0,0.0,0.0,0.0,0.0,0.0,0.0
2268,"2019","Punjab","03","Patiala","041","Grp","2",0.0,0.0,1.0,1.0,1.0,0.0,0.0,0.0,3.0,2.0,3.0,0.0,1.0,0.0,0.0,0.0,0.0,0.0,0.0,0.0
2269,"2019","Punjab","03","Gurdaspur","032","Gurdaspur","0",1.0,1.0,8.0,7.0,3.0,0.0,0.0,0.0,2.0,2.0,3.0,1.0,0.0,0.0,0.0,0.0,0.0,0.0,0.0,0.0
2270,"2019","Punjab","03","Hoshiarpur","033","Hoshiarpur","2",3.0,6.0,19.0,40.0,31.0,12.0,2.0,2.0,45.0,98.0,53.0,12.0,8.0,0.0,0.0,0.0,0.0,0.0,0.0,0.0
2271,"2019","Punjab","03","Jalandhar","034","Jalandhar Rural","7",7.0,8.0,37.0,42.0,23.0,12.0,8.0,7.0,13.0,154.0,39.0,10.0,1.0,0.0,0.0,0.0,0.0,0.0,0.0,0.0
2272,"2019","Punjab","03","Kapurthala","035","Kapurthala","0",0.0,0.0,8.0,6.0,4.0,0.0,0.0,0.0,0.0,20.0,8.0,2.0,0.0,0.0,0.0,0.0,0.0,0.0,0.0,0.0
2273,"2019","Punjab","03","Ludhiana","036","Khanna","0",5.0,3.0,15.0,23.0,15.0,6.0,0.0,2.0,1.0,38.0,8.0,1.0,0.0,0.0,0.0,0.0,0.0,0.0,0.0,0.0
2274,"2019","Punjab","03","Ludhiana","036","Ludhiana Rural","0",0.0,0.0,6.0,4.0,7.0,4.0,0.0,0.0,0.0,5.0,2.0,1.0,0.0,0.0,0.0,0.0,0.0,0.0,0.0,0.0
2275,"2019","Punjab","03","Mansa","037","Mansa","0",0.0,0.0,6.0,10.0,5.0,4.0,0.0,0.0,1.0,1.0,2.0,0.0,0.0,0.0,0.0,0.0,0.0,0.0,0.0,0.0
2276,"2019","Punjab","03","Moga","038","Moga","0",2.0,0.0,14.0,26.0,8.0,9.0,0.0,1.0,0.0,22.0,9.0,4.0,1.0,0.0,0.0,0.0,0.0,0.0,0.0,0.0
2277,"2019","Punjab","03","Sri Muktsar Sahib","039","Muktsar","3",4.0,3.0,22.0,26.0,10.0,4.0,0.0,2.0,2.0,15.0,9.0,1.0,0.0,0.0,0.0,0.0,0.0,0.0,0.0,0.0
2278,"2019","Punjab","03","Pathankot","662","Pathankot","0",0.0,0.0,6.0,8.0,0.0,1.0,0.0,1.0,2.0,9.0,1.0,0.0,0.0,0.0,0.0,0.0,0.0,0.0,0.0,0.0
2279,"2019","Punjab","03","Patiala","041","Patiala","3",15.0,10.0,14.0,12.0,4.0,5.0,2.0,15.0,109.0,58.0,16.0,2.0,0.0,0.0,0.0,0.0,0.0,0.0,0.0,0.0
2280,"2019","Punjab","03","Rupnagar","042","Ropar","1",7.0,2.0,14.0,9.0,10.0,5.0,0.0,4.0,21.0,6.0,7.0,2.0,1.0,0.0,0.0,0.0,0.0,0.0,0.0,0.0
2281,"2019","Punjab","03","Sangrur","043","Sangrur","3",11.0,11.0,9.0,10.0,3.0,2.0,1.0,7.0,66.0,38.0,5.0,2.0,0.0,0.0,0.0,0.0,0.0,0.0,0.0,0.0
2282,"2019","Punjab","03","S.A.S Nagar","608","Sas Nagar","0",0.0,0.0,19.0,20.0,5.0,2.0,0.0,0.0,0.0,38.0,8.0,0.0,0.0,0.0,0.0,0.0,0.0,0.0,0.0,0.0
2283,"2019","Punjab","03","Shahid Bhagat Singh Nagar","040","Sbs Nagar","0",4.0,0.0,6.0,15.0,2.0,4.0,1.0,1.0,2.0,17.0,6.0,1.0,0.0,0.0,0.0,0.0,0.0,0.0,0.0,0.0
2284,"2019","Punjab","03","Tarn Taran","609","Tarn Taran","0",0.0,2.0,10.0,11.0,12.0,4.0,0.0,0.0,2.0,7.0,6.0,3.0,1.0,0.0,0.0,0.0,0.0,0.0,0.0,0.0
2285,"2019","Punjab","03","S.A.S Nagar","608","Bureau Of Investigation","0",0.0,0.0,0.0,0.0,0.0,0.0,0.0,0.0,0.0,0.0,0.0,0.0,0.0,0.0,0.0,0.0,0.0,0.0,0.0,0.0
2286,"2019","Punjab","03","S.A.S Nagar","608","Intelligence Wing","0",0.0,0.0,0.0,0.0,0.0,0.0,0.0,0.0,0.0,0.0,0.0,0.0,0.0,0.0,0.0,0.0,0.0,0.0,0.0,0.0
2287,"2019","Punjab","03","S.A.S Nagar","608","Nri Wing","0",0.0,0.0,0.0,0.0,0.0,0.0,0.0,0.0,0.0,0.0,0.0,0.0,0.0,0.0,0.0,0.0,0.0,0.0,0.0,0.0
2288,"2019","Punjab","03","Amritsar","027","Special Task Force","0",0.0,0.0,0.0,0.0,0.0,0.0,0.0,0.0,0.0,0.0,0.0,0.0,0.0,0.0,0.0,0.0,0.0,0.0,0.0,0.0
2289,"2019","Rajasthan","08","Ajmer","086","Ajmer","6",18.0,35.0,142.0,80.0,36.0,11.0,12.0,30.0,197.0,512.0,284.0,25.0,4.0,0.0,0.0,0.0,0.0,0.0,0.0,0.0
2290,"2019","Rajasthan","08","Alwar","087","Alwar","2",7.0,16.0,67.0,44.0,31.0,6.0,5.0,7.0,22.0,135.0,67.0,24.0,2.0,0.0,0.0,0.0,0.0,0.0,0.0,0.0
2291,"2019","Rajasthan","08","Banswara","088","Banswara","1",4.0,3.0,37.0,23.0,11.0,2.0,0.0,4.0,12.0,172.0,88.0,13.0,2.0,0.0,0.0,0.0,0.0,0.0,0.0,0.0
2292,"2019","Rajasthan","08","Baran","089","Baran","0",1.0,9.0,58.0,37.0,8.0,5.0,0.0,5.0,71.0,289.0,79.0,7.0,2.0,0.0,0.0,0.0,0.0,0.0,0.0,0.0
2293,"2019","Rajasthan","08","Barmer","090","Barmer","0",5.0,4.0,45.0,14.0,5.0,0.0,0.0,10.0,43.0,128.0,19.0,2.0,0.0,0.0,0.0,0.0,0.0,0.0,0.0,0.0
2294,"2019","Rajasthan","08","Bharatpur","091","Bharatpur","0",9.0,14.0,35.0,34.0,25.0,4.0,0.0,8.0,11.0,81.0,44.0,14.0,6.0,0.0,0.0,0.0,0.0,0.0,0.0,0.0
2295,"2019","Rajasthan","08","Bhilwara","092","Bhilwara","2",10.0,22.0,97.0,58.0,28.0,14.0,2.0,19.0,210.0,618.0,104.0,14.0,7.0,0.0,0.0,0.0,0.0,0.0,0.0,0.0
2296,"2019","Rajasthan","08","Bikaner","093","Bikaner","0",5.0,0.0,6.0,0.0,0.0,0.0,0.0,0.0,0.0,66.0,31.0,0.0,0.0,0.0,0.0,0.0,0.0,0.0,0.0,0.0
2297,"2019","Rajasthan","08","Bundi","094","Bundi","0",4.0,9.0,55.0,29.0,9.0,2.0,0.0,26.0,125.0,360.0,44.0,7.0,3.0,0.0,0.0,0.0,0.0,0.0,0.0,0.0
2298,"2019","Rajasthan","08","Chittorgarh","095","Chittorgarh","0",0.0,1.0,81.0,59.0,20.0,3.0,0.0,0.0,37.0,447.0,158.0,17.0,3.0,0.0,0.0,0.0,0.0,0.0,0.0,0.0
2299,"2019","Rajasthan","08","Churu","096","Churu","0",4.0,20.0,16.0,34.0,14.0,10.0,1.0,10.0,30.0,165.0,21.0,2.0,0.0,0.0,0.0,0.0,0.0,0.0,0.0,0.0
2300,"2019","Rajasthan","08","Dausa","097","Dausa","0",13.0,13.0,38.0,19.0,11.0,4.0,0.0,7.0,16.0,75.0,43.0,6.0,2.0,0.0,0.0,0.0,0.0,0.0,0.0,0.0
2301,"2019","Rajasthan","08","Dholpur","098","Dholpur","5",5.0,2.0,19.0,7.0,5.0,4.0,4.0,3.0,1.0,47.0,23.0,0.0,1.0,0.0,0.0,0.0,0.0,0.0,0.0,0.0
2302,"2019","Rajasthan","08","Dungarpur","099","Dungarpur","0",0.0,3.0,29.0,13.0,6.0,2.0,0.0,9.0,40.0,229.0,53.0,6.0,0.0,0.0,0.0,0.0,0.0,0.0,0.0,0.0
2303,"2019","Rajasthan","08","Ajmer","086","Grp Ajmer","1",0.0,0.0,13.0,9.0,5.0,2.0,0.0,0.0,0.0,6.0,2.0,2.0,3.0,0.0,0.0,0.0,0.0,0.0,0.0,0.0
2304,"2019","Rajasthan","08","Jodhpur","107","Grp Jodhpur","0",0.0,0.0,3.0,1.0,2.0,2.0,0.0,0.0,0.0,2.0,1.0,1.0,0.0,0.0,0.0,0.0,0.0,0.0,0.0,0.0
2305,"2019","Rajasthan","08","Ganganagar","100","Ganganagar","0",6.0,16.0,107.0,66.0,21.0,7.0,0.0,3.0,27.0,428.0,72.0,3.0,1.0,0.0,0.0,0.0,0.0,0.0,0.0,0.0
2306,"2019","Rajasthan","08","Hanumangarh","101","Hanumangarh","1",8.0,8.0,49.0,50.0,28.0,9.0,1.0,11.0,78.0,257.0,93.0,12.0,4.0,0.0,0.0,0.0,0.0,0.0,0.0,0.0
2307,"2019","Rajasthan","08","Jaipur","102","Jaipur East","3",10.0,9.0,140.0,89.0,43.0,21.0,0.0,6.0,37.0,266.0,54.0,6.0,6.0,0.0,0.0,0.0,0.0,0.0,0.0,0.0
2308,"2019","Rajasthan","08","Jaipur","102","Jaipur North","1",26.0,23.0,89.0,96.0,51.0,11.0,1.0,18.0,72.0,243.0,78.0,14.0,4.0,0.0,0.0,0.0,0.0,0.0,0.0,0.0
2309,"2019","Rajasthan","08","Jaipur (Gramin)","783","Jaipur Rural","0",17.0,18.0,72.0,41.0,16.0,5.0,0.0,2.0,38.0,212.0,58.0,4.0,1.0,0.0,0.0,0.0,0.0,0.0,0.0,0.0
2310,"2019","Rajasthan","08","Jaipur","102","Jaipur South","0",5.0,22.0,83.0,48.0,32.0,14.0,0.0,8.0,47.0,184.0,60.0,8.0,3.0,0.0,0.0,0.0,0.0,0.0,0.0,0.0
2311,"2019","Rajasthan","08","Jaipur","102","Jaipur West","1",21.0,43.0,210.0,109.0,50.0,4.0,2.0,30.0,97.0,301.0,165.0,4.0,0.0,0.0,0.0,0.0,0.0,0.0,0.0,0.0
2312,"2019","Rajasthan","08","Jaisalmer","103","Jaisalmer","0",1.0,6.0,13.0,7.0,5.0,2.0,0.0,4.0,10.0,31.0,2.0,0.0,0.0,0.0,0.0,0.0,0.0,0.0,0.0,0.0
2313,"2019","Rajasthan","08","Jalore","104","Jalore","1",5.0,7.0,35.0,19.0,4.0,3.0,0.0,15.0,64.0,246.0,20.0,7.0,1.0,0.0,0.0,0.0,0.0,0.0,0.0,0.0
2314,"2019","Rajasthan","08","Jhalawar","105","Jhalawar","2",8.0,17.0,61.0,50.0,14.0,10.0,1.0,16.0,124.0,343.0,55.0,5.0,5.0,0.0,0.0,0.0,0.0,0.0,0.0,0.0
2315,"2019","Rajasthan","08","Jhunjhunu","106","Jhunjhunu","1",14.0,21.0,68.0,35.0,22.0,12.0,1.0,8.0,72.0,363.0,39.0,7.0,0.0,0.0,0.0,0.0,0.0,0.0,0.0,0.0
2316,"2019","Rajasthan","08","Jodhpur","107","Jodhpur East","0",5.0,14.0,58.0,48.0,19.0,11.0,0.0,9.0,44.0,134.0,61.0,9.0,3.0,0.0,0.0,0.0,0.0,0.0,0.0,0.0
2317,"2019","Rajasthan","08","Jodhpur","107","Jodhpur West","2",10.0,13.0,90.0,57.0,16.0,7.0,1.0,17.0,45.0,207.0,47.0,9.0,1.0,0.0,0.0,0.0,0.0,0.0,0.0,0.0
2318,"2019","Rajasthan","08","Jodhpur","107","Jodhpur Rural","0",3.0,13.0,31.0,9.0,6.0,4.0,0.0,10.0,48.0,90.0,13.0,1.0,0.0,0.0,0.0,0.0,0.0,0.0,0.0,0.0
2319,"2019","Rajasthan","08","Karauli","108","Karauli","0",2.0,8.0,24.0,7.0,5.0,6.0,0.0,2.0,2.0,63.0,18.0,4.0,0.0,0.0,0.0,0.0,0.0,0.0,0.0,0.0
2320,"2019","Rajasthan","08","Kota","109","Kota City","0",21.0,54.0,170.0,106.0,45.0,20.0,1.0,31.0,132.0,464.0,125.0,24.0,11.0,0.0,0.0,0.0,0.0,0.0,0.0,0.0
2321,"2019","Rajasthan","08","Kota","109","Kota Rural","1",3.0,6.0,41.0,19.0,5.0,1.0,0.0,15.0,98.0,301.0,42.0,3.0,1.0,0.0,0.0,0.0,0.0,0.0,0.0,0.0
2322,"2019","Rajasthan","08","Nagaur","110","Nagaur","0",8.0,17.0,26.0,49.0,30.0,0.0,0.0,27.0,80.0,279.0,116.0,29.0,15.0,0.0,0.0,0.0,0.0,0.0,0.0,0.0
2323,"2019","Rajasthan","08","Pali","111","Pali","0",2.0,4.0,14.0,5.0,3.0,0.0,0.0,4.0,41.0,135.0,25.0,1.0,0.0,0.0,0.0,0.0,0.0,0.0,0.0,0.0
2324,"2019","Rajasthan","08","Pratapgarh","629","Pratapgarh","0",0.0,0.0,38.0,12.0,2.0,0.0,0.0,0.0,1.0,172.0,20.0,0.0,1.0,0.0,0.0,0.0,0.0,0.0,0.0,0.0
2325,"2019","Rajasthan","08","Rajsamand","112","Rajsamand","0",2.0,5.0,63.0,19.0,17.0,3.0,0.0,9.0,107.0,535.0,43.0,9.0,3.0,0.0,0.0,0.0,0.0,0.0,0.0,0.0
2326,"2019","Rajasthan","08","Sawai Madhopur","113","Sawai Madhopur","0",13.0,14.0,27.0,13.0,10.0,3.0,0.0,0.0,6.0,121.0,25.0,7.0,1.0,0.0,0.0,0.0,0.0,0.0,0.0,0.0
2327,"2019","Rajasthan","08","Sikar","114","Sikar","0",9.0,31.0,92.0,59.0,32.0,9.0,3.0,7.0,65.0,357.0,46.0,5.0,2.0,0.0,0.0,0.0,0.0,0.0,0.0,0.0
2328,"2019","Rajasthan","08","Sirohi","115","Sirohi","0",1.0,14.0,34.0,15.0,6.0,5.0,0.0,3.0,21.0,236.0,27.0,5.0,0.0,0.0,0.0,0.0,0.0,0.0,0.0,0.0
2329,"2019","Rajasthan","08","Tonk","116","Tonk","0",4.0,9.0,32.0,19.0,7.0,7.0,0.0,3.0,19.0,202.0,54.0,6.0,5.0,0.0,0.0,0.0,0.0,0.0,0.0,0.0
2330,"2019","Rajasthan","08","Udaipur","117","Udaipur","0",0.0,5.0,104.0,98.0,38.0,11.0,0.0,6.0,49.0,624.0,183.0,31.0,8.0,0.0,0.0,0.0,0.0,0.0,0.0,0.0
2331,"2019","Rajasthan","08","Jaipur","102","Jaipur Metro","0",0.0,0.0,0.0,0.0,0.0,0.0,0.0,0.0,0.0,0.0,0.0,0.0,0.0,0.0,0.0,0.0,0.0,0.0,0.0,0.0
2332,"2019","Rajasthan","08","Jaipur","102","Scrb","0",0.0,0.0,0.0,0.0,0.0,0.0,0.0,0.0,0.0,0.0,0.0,0.0,0.0,0.0,0.0,0.0,0.0,0.0,0.0,0.0
2333,"2019","Rajasthan","08","Jaipur","102","Sog","0",0.0,0.0,0.0,0.0,0.0,0.0,0.0,0.0,0.0,0.0,0.0,0.0,0.0,0.0,0.0,0.0,0.0,0.0,0.0,0.0
2334,"2019","Rajasthan","08","Jaipur","102","Ssb","0",0.0,0.0,0.0,0.0,0.0,0.0,0.0,0.0,0.0,0.0,0.0,0.0,0.0,0.0,0.0,0.0,0.0,0.0,0.0,0.0
2335,"2019","Rajasthan","08","Jaipur","102","Jaipur Crime","0",0.0,0.0,0.0,0.0,0.0,0.0,0.0,0.0,0.0,0.0,0.0,0.0,0.0,0.0,0.0,0.0,0.0,0.0,0.0,0.0
2336,"2019","Rajasthan","08","Khairthal-Tijara","770","Bhiwadi","1",12.0,14.0,45.0,38.0,38.0,6.0,0.0,24.0,61.0,131.0,61.0,9.0,1.0,0.0,0.0,0.0,0.0,0.0,0.0,0.0
2337,"2019","Sikkim","11","Gangtok","225","East","2",1.0,10.0,4.0,17.0,3.0,0.0,0.0,1.0,19.0,50.0,19.0,2.0,0.0,0.0,0.0,0.0,0.0,0.0,0.0,0.0
2338,"2019","Sikkim","11","Mangan","226","North","0",0.0,0.0,2.0,0.0,0.0,0.0,0.0,0.0,1.0,0.0,0.0,0.0,0.0,0.0,0.0,0.0,0.0,0.0,0.0,0.0
2339,"2019","Sikkim","11","Namchi","227","South","0",0.0,0.0,1.0,1.0,3.0,0.0,0.0,3.0,0.0,8.0,0.0,0.0,0.0,0.0,0.0,0.0,0.0,0.0,0.0,0.0
2340,"2019","Sikkim","11","Gyalshing","228","West","0",0.0,0.0,6.0,6.0,3.0,1.0,0.0,0.0,1.0,23.0,9.0,0.0,0.0,0.0,0.0,0.0,0.0,0.0,0.0,0.0
2341,"2019","Tamil Nadu","33","Ariyalur","610","Ariyalur","4",2.0,7.0,7.0,3.0,4.0,8.0,7.0,3.0,25.0,84.0,16.0,4.0,1.0,0.0,0.0,0.0,0.0,0.0,0.0,0.0
2342,"2019","Tamil Nadu","33","Chennai","568","Chennai","42",84.0,126.0,284.0,334.0,208.0,250.0,43.0,87.0,447.0,1121.0,222.0,80.0,139.0,0.0,0.0,0.0,1.0,1.0,0.0,0.0
2343,"2019","Tamil Nadu","33","Coimbatore","569","Coimbatore","0",1.0,15.0,31.0,41.0,32.0,20.0,0.0,6.0,115.0,105.0,130.0,26.0,15.0,0.0,0.0,0.0,0.0,0.0,0.0,0.0
2344,"2019","Tamil Nadu","33","Coimbatore","569","Coimbatore City","8",9.0,19.0,23.0,51.0,28.0,26.0,8.0,19.0,84.0,123.0,45.0,8.0,8.0,0.0,0.0,0.0,0.0,0.0,0.0,0.0
2345,"2019","Tamil Nadu","33","Cuddalore","570","Cuddalore","0",4.0,8.0,18.0,26.0,18.0,7.0,0.0,1.0,52.0,149.0,53.0,8.0,8.0,0.0,0.0,0.0,0.0,0.0,0.0,0.0
2346,"2019","Tamil Nadu","33","Dharmapuri","571","Dharmapuri","0",5.0,8.0,8.0,5.0,4.0,5.0,2.0,4.0,44.0,27.0,5.0,3.0,2.0,0.0,0.0,0.0,0.0,0.0,0.0,0.0
2347,"2019","Tamil Nadu","33","Dindigul","572","Dindigul","8",9.0,17.0,18.0,24.0,11.0,11.0,9.0,10.0,74.0,71.0,33.0,9.0,3.0,0.0,0.0,0.0,0.0,0.0,0.0,0.0
2348,"2019","Tamil Nadu","33","Erode","573","Erode","7",16.0,14.0,22.0,37.0,20.0,17.0,9.0,18.0,77.0,218.0,29.0,7.0,16.0,0.0,0.0,0.0,0.0,0.0,0.0,0.0
2349,"2019","Tamil Nadu","33","Kanchipuram","574","Kanchipuram","0",20.0,23.0,126.0,72.0,26.0,14.0,0.0,24.0,98.0,225.0,154.0,124.0,22.0,0.0,0.0,0.0,0.0,0.0,0.0,0.0
2350,"2019","Tamil Nadu","33","Kanniyakumari","575","Kanyakumari","14",8.0,12.0,34.0,41.0,32.0,21.0,10.0,11.0,7.0,190.0,31.0,6.0,8.0,0.0,0.0,0.0,0.0,0.0,0.0,0.0
2351,"2019","Tamil Nadu","33","Karur","576","Karur","1",3.0,3.0,10.0,7.0,7.0,5.0,0.0,2.0,46.0,74.0,11.0,2.0,4.0,0.0,0.0,0.0,0.0,0.0,0.0,0.0
2352,"2019","Tamil Nadu","33","Krishnagiri","577","Krishnagiri","3",6.0,10.0,17.0,12.0,9.0,3.0,8.0,9.0,25.0,77.0,10.0,8.0,2.0,0.0,0.0,0.0,0.0,0.0,0.0,0.0
2353,"2019","Tamil Nadu","33","Madurai","578","Madurai","11",15.0,9.0,18.0,33.0,17.0,14.0,18.0,6.0,68.0,182.0,59.0,8.0,1.0,0.0,0.0,0.0,0.0,0.0,0.0,0.0
2354,"2019","Tamil Nadu","33","Madurai","578","Madurai City","17",19.0,26.0,31.0,43.0,29.0,20.0,15.0,22.0,65.0,206.0,53.0,18.0,14.0,0.0,0.0,0.0,0.0,0.0,0.0,0.0
2355,"2019","Tamil Nadu","33","Nagapattinam","579","Nagapattinam","6",5.0,8.0,7.0,12.0,6.0,5.0,7.0,8.0,39.0,74.0,39.0,7.0,3.0,0.0,0.0,0.0,0.0,0.0,0.0,0.0
2356,"2019","Tamil Nadu","33","Namakkal","580","Namakkal","5",4.0,4.0,6.0,14.0,8.0,5.0,3.0,10.0,15.0,29.0,15.0,7.0,0.0,0.0,0.0,0.0,0.0,0.0,0.0,0.0
2357,"2019","Tamil Nadu","33","The Nilgiris","587","Nilgiris","0",1.0,3.0,8.0,3.0,4.0,1.0,5.0,0.0,14.0,15.0,2.0,1.0,0.0,0.0,0.0,0.0,0.0,0.0,0.0,0.0
2358,"2019","Tamil Nadu","33","Perambalur","581","Perambalur","2",2.0,2.0,8.0,4.0,2.0,3.0,4.0,6.0,47.0,68.0,6.0,3.0,2.0,0.0,0.0,0.0,0.0,0.0,0.0,0.0
2359,"2019","Tamil Nadu","33","Pudukkottai","582","Pudukottai","0",0.0,5.0,12.0,11.0,7.0,5.0,0.0,0.0,38.0,112.0,15.0,1.0,3.0,0.0,0.0,0.0,0.0,0.0,0.0,0.0
2360,"2019","Tamil Nadu","33","Ramanathapuram","583","Ramnathapuram","8",11.0,5.0,4.0,21.0,22.0,8.0,11.0,15.0,30.0,112.0,46.0,2.0,2.0,0.0,0.0,0.0,0.0,0.0,0.0,0.0
2361,"2019","Tamil Nadu","33","Chennai","568","Railway Chennai","0",2.0,1.0,3.0,12.0,8.0,7.0,1.0,0.0,3.0,8.0,3.0,3.0,5.0,0.0,0.0,0.0,0.0,0.0,0.0,0.0
2362,"2019","Tamil Nadu","33","Tiruchirappalli","591","Railway Trichy","0",0.0,0.0,2.0,0.0,1.0,5.0,0.0,0.0,0.0,1.0,0.0,0.0,2.0,0.0,0.0,0.0,0.0,0.0,0.0,0.0
2363,"2019","Tamil Nadu","33","Salem","584","Salem","0",5.0,8.0,13.0,16.0,19.0,9.0,0.0,8.0,77.0,74.0,27.0,22.0,16.0,0.0,0.0,0.0,0.0,0.0,0.0,0.0
2364,"2019","Tamil Nadu","33","Salem","584","Salem City","2",7.0,7.0,21.0,15.0,12.0,5.0,4.0,5.0,32.0,44.0,7.0,8.0,8.0,0.0,0.0,0.0,0.0,0.0,0.0,0.0
2365,"2019","Tamil Nadu","33","Sivaganga","585","Sivagangai","2",7.0,5.0,8.0,10.0,12.0,6.0,6.0,11.0,31.0,59.0,21.0,2.0,3.0,0.0,0.0,0.0,0.0,0.0,0.0,0.0
2366,"2019","Tamil Nadu","33","Thanjavur","586","Thanjavur","12",11.0,4.0,20.0,23.0,15.0,18.0,12.0,13.0,62.0,136.0,26.0,4.0,6.0,0.0,0.0,0.0,0.0,0.0,0.0,0.0
2367,"2019","Tamil Nadu","33","Theni","588","Theni","10",10.0,12.0,9.0,14.0,9.0,9.0,3.0,14.0,58.0,49.0,33.0,8.0,6.0,0.0,0.0,0.0,0.0,0.0,0.0,0.0
2368,"2019","Tamil Nadu","33","Tirunelveli","592","Thirunelveli","16",22.0,27.0,28.0,51.0,33.0,24.0,22.0,25.0,112.0,192.0,83.0,13.0,11.0,0.0,0.0,0.0,0.0,0.0,0.0,0.0
2369,"2019","Tamil Nadu","33","Tirunelveli","592","Thirunelveli City","3",3.0,4.0,3.0,14.0,8.0,4.0,2.0,2.0,22.0,55.0,3.0,3.0,1.0,0.0,0.0,0.0,0.0,0.0,0.0,0.0
2370,"2019","Tamil Nadu","33","Thiruvallur","589","Thiruvallur","16",23.0,14.0,48.0,48.0,19.0,19.0,18.0,19.0,110.0,366.0,37.0,6.0,5.0,0.0,0.0,0.0,0.0,0.0,0.0,0.0
2371,"2019","Tamil Nadu","33","Tiruvannamalai","593","Thiruvannamalai","12",13.0,14.0,24.0,15.0,12.0,13.0,12.0,17.0,72.0,187.0,12.0,1.0,11.0,0.0,0.0,0.0,0.0,0.0,0.0,0.0
2372,"2019","Tamil Nadu","33","Thiruvarur","590","Thiruvarur","2",5.0,3.0,7.0,9.0,1.0,4.0,3.0,4.0,18.0,78.0,14.0,2.0,3.0,0.0,0.0,0.0,0.0,0.0,0.0,0.0
2373,"2019","Tamil Nadu","33","Tuticorin","594","Thoothukudi","14",8.0,19.0,16.0,25.0,9.0,17.0,10.0,4.0,74.0,136.0,26.0,1.0,4.0,0.0,0.0,0.0,0.0,0.0,0.0,0.0
2374,"2019","Tamil Nadu","33","Tiruppur","634","Tiruppur","4",4.0,7.0,21.0,22.0,17.0,21.0,15.0,9.0,72.0,147.0,34.0,7.0,13.0,0.0,0.0,0.0,0.0,0.0,0.0,0.0
2375,"2019","Tamil Nadu","33","Tiruppur","634","Tiruppur City","4",1.0,11.0,28.0,30.0,18.0,10.0,6.0,6.0,70.0,95.0,9.0,1.0,7.0,0.0,0.0,0.0,0.0,0.0,0.0,0.0
2376,"2019","Tamil Nadu","33","Tiruchirappalli","591","Trichy","2",7.0,5.0,8.0,13.0,8.0,7.0,8.0,1.0,16.0,66.0,19.0,3.0,6.0,0.0,0.0,0.0,0.0,0.0,0.0,0.0
2377,"2019","Tamil Nadu","33","Tiruchirappalli","591","Trichy City","2",5.0,13.0,16.0,22.0,14.0,12.0,2.0,4.0,29.0,76.0,5.0,6.0,6.0,0.0,0.0,0.0,0.0,0.0,0.0,0.0
2378,"2019","Tamil Nadu","33","Vellore","595","Vellore","13",24.0,25.0,26.0,45.0,44.0,40.0,20.0,28.0,149.0,297.0,99.0,12.0,13.0,0.0,0.0,0.0,0.0,0.0,0.0,0.0
2379,"2019","Tamil Nadu","33","Villupuram","596","Villupuram","0",4.0,19.0,29.0,24.0,9.0,29.0,0.0,5.0,86.0,173.0,31.0,7.0,7.0,0.0,0.0,0.0,0.0,0.0,0.0,0.0
2380,"2019","Tamil Nadu","33","Virudhunagar","597","Virudhunagar","7",20.0,11.0,25.0,23.0,11.0,9.0,15.0,4.0,63.0,132.0,24.0,4.0,5.0,0.0,0.0,0.0,0.0,0.0,0.0,0.0
2381,"2019","Tamil Nadu","33","Chennai","568","Cyber Cell","0",0.0,0.0,0.0,0.0,0.0,0.0,0.0,0.0,0.0,0.0,0.0,0.0,0.0,0.0,0.0,0.0,0.0,0.0,0.0,0.0
2382,"2019","Tamil Nadu","33","Chennai","568","Other Units","0",0.0,0.0,0.0,0.0,0.0,0.0,0.0,0.0,0.0,0.0,0.0,0.0,0.0,0.0,0.0,0.0,0.0,0.0,0.0,0.0
2383,"2019","Telangana","36","Ranga Reddy","518","Cyberabad Commissionerate","36",78.0,120.0,396.0,427.0,301.0,120.0,25.0,66.0,62.0,509.0,431.0,498.0,238.0,0.0,0.0,0.0,0.0,0.0,0.0,0.0
2384,"2019","Telangana","36","Hyderabad","507","Hyderabad Commissionerate","69",152.0,85.0,655.0,591.0,97.0,12.0,98.0,183.0,309.0,875.0,697.0,85.0,76.0,0.0,0.0,0.0,0.0,0.0,0.0,0.0
2385,"2019","Telangana","36","Karimnagar","508","Karimnagar Commissionerate","7",4.0,9.0,23.0,40.0,20.0,10.0,10.0,21.0,43.0,168.0,50.0,12.0,2.0,0.0,0.0,0.0,0.0,0.0,0.0,0.0
2386,"2019","Telangana","36","Khammam","509","Khammam Commissionerate","2",7.0,4.0,54.0,37.0,17.0,7.0,2.0,6.0,3.0,211.0,33.0,15.0,5.0,0.0,0.0,0.0,0.0,0.0,0.0,0.0
2387,"2019","Telangana","36","Nizamabad","516","Nizamabad Commissionerate","17",22.0,15.0,63.0,47.0,25.0,19.0,11.0,12.0,62.0,261.0,30.0,12.0,11.0,0.0,0.0,0.0,0.0,0.0,0.0,0.0
2388,"2019","Telangana","36","Yadadri Bhuvanagiri","697","Rachakonda Commissionerate","5",93.0,140.0,281.0,372.0,202.0,56.0,10.0,35.0,156.0,746.0,354.0,128.0,53.0,0.0,0.0,0.0,0.0,0.0,0.0,0.0
2389,"2019","Telangana","36","Peddapalli","682","Ramagundam Commissionerate","0",1.0,8.0,39.0,47.0,18.0,4.0,0.0,2.0,23.0,261.0,33.0,6.0,3.0,0.0,0.0,0.0,0.0,0.0,0.0,0.0
2390,"2019","Telangana","36","Siddipet","692","Siddipet Commissionerate","3",9.0,9.0,33.0,37.0,27.0,8.0,5.0,9.0,39.0,135.0,71.0,6.0,1.0,0.0,0.0,0.0,0.0,0.0,0.0,0.0
2391,"2019","Telangana","36","Warangal","522","Warangal Commissionerate","13",15.0,42.0,36.0,72.0,50.0,20.0,10.0,18.0,102.0,317.0,105.0,18.0,13.0,0.0,0.0,0.0,0.0,0.0,0.0,0.0
2392,"2019","Telangana","36","Adilabad","501","Adilabad","2",3.0,5.0,15.0,10.0,4.0,4.0,1.0,5.0,3.0,57.0,8.0,1.0,1.0,0.0,0.0,0.0,0.0,0.0,0.0,0.0
2393,"2019","Telangana","36","Bhadradri Kothagudem","690","Bhadradri Kothagudem","2",7.0,0.0,24.0,21.0,6.0,6.0,8.0,5.0,0.0,136.0,27.0,5.0,0.0,0.0,0.0,0.0,0.0,0.0,0.0,0.0
2394,"2019","Telangana","36","Jagitial","681","Jagityal","0",2.0,0.0,40.0,0.0,0.0,0.0,0.0,25.0,132.0,0.0,0.0,0.0,0.0,0.0,0.0,0.0,0.0,0.0,0.0,0.0
2395,"2019","Telangana","36","Jayashankar Bhupalapally","687","Jayashankar Bhupalpalli","0",1.0,3.0,2.0,5.0,7.0,2.0,0.0,1.0,5.0,43.0,8.0,7.0,0.0,0.0,0.0,0.0,0.0,0.0,0.0,0.0
2396,"2019","Telangana","36","Jogulamba Gadwal","695","Jogulamba Gadwal","0",5.0,9.0,16.0,11.0,6.0,0.0,0.0,5.0,19.0,40.0,4.0,2.0,2.0,0.0,0.0,0.0,0.0,0.0,0.0,0.0
2397,"2019","Telangana","36","Kamareddy","685","Kamareddy","8",9.0,6.0,24.0,33.0,12.0,10.0,11.0,9.0,13.0,109.0,46.0,10.0,3.0,0.0,0.0,0.0,0.0,0.0,0.0,0.0
2398,"2019","Telangana","36","Kumuram Bheem Asifabad","699","Kumaram Bheem Asifabad","0",1.0,5.0,16.0,9.0,4.0,4.0,0.0,0.0,3.0,33.0,12.0,2.0,0.0,0.0,0.0,0.0,0.0,0.0,0.0,0.0
2399,"2019","Telangana","36","Mahabubabad","688","Mahabubabad","2",3.0,4.0,15.0,13.0,4.0,6.0,0.0,1.0,0.0,69.0,11.0,0.0,1.0,0.0,0.0,0.0,0.0,0.0,0.0,0.0
2400,"2019","Telangana","36","Mahabubnagar","512","Mahabubnagar","5",13.0,7.0,15.0,29.0,21.0,4.0,3.0,7.0,20.0,121.0,42.0,7.0,5.0,0.0,0.0,0.0,0.0,0.0,0.0,0.0
2401,"2019","Telangana","36","Medak","513","Medak","5",7.0,7.0,22.0,14.0,6.0,4.0,2.0,8.0,19.0,117.0,13.0,2.0,2.0,0.0,0.0,0.0,0.0,0.0,0.0,0.0
2402,"2019","Telangana","36","Nagarkurnool","694","Nagarkurnool","5",4.0,6.0,3.0,14.0,2.0,6.0,3.0,8.0,17.0,52.0,20.0,3.0,2.0,0.0,0.0,0.0,0.0,0.0,0.0,0.0
2403,"2019","Telangana","36","Nalgonda","514","Nalgonda","5",9.0,14.0,38.0,42.0,15.0,12.0,5.0,7.0,65.0,175.0,29.0,6.0,3.0,0.0,0.0,0.0,0.0,0.0,0.0,0.0
2404,"2019","Telangana","36","Nirmal","680","Nirmal","0",5.0,9.0,10.0,25.0,5.0,0.0,3.0,3.0,17.0,65.0,10.0,10.0,0.0,0.0,0.0,0.0,0.0,0.0,0.0,0.0
2405,"2019","Telangana","36","Rajanna Sircilla","683","Rajanna Siricilla","0",0.0,2.0,6.0,15.0,4.0,4.0,0.0,1.0,28.0,68.0,14.0,6.0,4.0,0.0,0.0,0.0,0.0,0.0,0.0,0.0
2406,"2019","Telangana","36","Sangareddy","691","Sangareddy","12",27.0,26.0,33.0,65.0,39.0,14.0,17.0,25.0,109.0,192.0,73.0,8.0,4.0,0.0,0.0,0.0,0.0,0.0,0.0,0.0
2407,"2019","Telangana","36","Suryapet","696","Suryapet","1",3.0,4.0,16.0,15.0,11.0,3.0,2.0,5.0,7.0,102.0,25.0,4.0,0.0,0.0,0.0,0.0,0.0,0.0,0.0,0.0
2408,"2019","Telangana","36","Vikarabad","698","Vikarabad","0",1.0,16.0,13.0,8.0,12.0,3.0,0.0,1.0,30.0,112.0,12.0,1.0,1.0,0.0,0.0,0.0,0.0,0.0,0.0,0.0
2409,"2019","Telangana","36","Wanaparthy","693","Wanaparthy","0",8.0,7.0,15.0,3.0,2.0,0.0,0.0,0.0,53.0,58.0,26.0,7.0,0.0,0.0,0.0,0.0,0.0,0.0,0.0,0.0
2410,"2019","Telangana","36","Hyderabad","507","Railway Police Secunderabad","0",0.0,1.0,14.0,15.0,3.0,6.0,0.0,1.0,2.0,10.0,1.0,1.0,4.0,0.0,0.0,0.0,0.0,0.0,0.0,0.0
2411,"2019","Telangana","36","Mulugu","720","Mulug","0",1.0,0.0,5.0,1.0,1.0,0.0,1.0,0.0,1.0,17.0,10.0,0.0,0.0,0.0,0.0,0.0,0.0,0.0,0.0,0.0
2412,"2019","Telangana","36","Narayanpet","721","Narayanpet","0",1.0,2.0,0.0,20.0,5.0,0.0,0.0,0.0,15.0,42.0,20.0,0.0,0.0,0.0,0.0,0.0,0.0,0.0,0.0,0.0
2413,"2019","Tripura","16","Dhalai","269","Dhalai","0",0.0,1.0,14.0,15.0,5.0,1.0,0.0,0.0,9.0,49.0,15.0,2.0,1.0,0.0,0.0,0.0,0.0,0.0,0.0,0.0
2414,"2019","Tripura","16","Gomati","654","Gomati","0",0.0,2.0,30.0,23.0,2.0,0.0,1.0,0.0,7.0,103.0,27.0,1.0,0.0,0.0,0.0,0.0,0.0,0.0,0.0,0.0
2415,"2019","Tripura","16","West Tripura","272","Grp","0",0.0,0.0,0.0,0.0,0.0,0.0,0.0,0.0,0.0,0.0,0.0,0.0,0.0,0.0,0.0,0.0,0.0,0.0,0.0,0.0
2416,"2019","Tripura","16","Khowai","652","Kowai","0",1.0,0.0,9.0,17.0,10.0,0.0,0.0,0.0,2.0,27.0,32.0,4.0,1.0,0.0,0.0,0.0,0.0,0.0,0.0,0.0
2417,"2019","Tripura","16","North Tripura","270","North","0",0.0,1.0,5.0,6.0,1.0,3.0,0.0,0.0,4.0,22.0,9.0,2.0,0.0,0.0,0.0,0.0,0.0,0.0,0.0,0.0
2418,"2019","Tripura","16","Sepahijala","653","Sipahijala","0",0.0,1.0,33.0,16.0,5.0,1.0,0.0,1.0,13.0,118.0,15.0,1.0,0.0,0.0,0.0,0.0,0.0,0.0,0.0,0.0
2419,"2019","Tripura","16","South Tripura","271","South","3",8.0,2.0,15.0,21.0,4.0,3.0,3.0,8.0,17.0,110.0,28.0,4.0,0.0,0.0,0.0,0.0,0.0,0.0,0.0,0.0
2420,"2019","Tripura","16","Unakoti","655","Unakoti","0",1.0,1.0,13.0,11.0,4.0,1.0,1.0,0.0,11.0,73.0,14.0,0.0,1.0,0.0,0.0,0.0,0.0,0.0,0.0,0.0
2421,"2019","Tripura","16","West Tripura","272","West","4",11.0,6.0,59.0,96.0,31.0,10.0,6.0,9.0,35.0,223.0,192.0,21.0,4.0,0.0,0.0,0.0,0.0,0.0,0.0,0.0
2422,"2019","Uttar Pradesh","09","Agra","118","Agra","0",11.0,17.0,95.0,44.0,19.0,10.0,1.0,2.0,20.0,93.0,33.0,7.0,5.0,0.0,0.0,0.0,0.0,0.0,0.0,0.0
2423,"2019","Uttar Pradesh","09","Aligarh","119","Aligarh","0",5.0,12.0,24.0,24.0,24.0,11.0,2.0,4.0,7.0,26.0,27.0,13.0,0.0,0.0,0.0,0.0,0.0,0.0,0.0,0.0
2424,"2019","Uttar Pradesh","09","Prayagraj","120","Prayagraj","0",27.0,10.0,81.0,36.0,16.0,7.0,0.0,17.0,54.0,104.0,22.0,4.0,5.0,0.0,0.0,0.0,0.0,0.0,0.0,0.0
2425,"2019","Uttar Pradesh","09","Ambedkar Nagar","121","Ambedkar Nagar","0",3.0,3.0,6.0,9.0,5.0,0.0,0.0,3.0,14.0,21.0,4.0,1.0,0.0,0.0,0.0,0.0,0.0,0.0,0.0,0.0
2426,"2019","Uttar Pradesh","09","Amethi","640","Amethi","0",3.0,3.0,10.0,1.0,5.0,1.0,0.0,1.0,13.0,18.0,7.0,1.0,0.0,0.0,0.0,0.0,0.0,0.0,0.0,0.0
2427,"2019","Uttar Pradesh","09","Amroha","154","Amroha","0",5.0,1.0,13.0,6.0,10.0,3.0,0.0,1.0,9.0,30.0,9.0,2.0,0.0,0.0,0.0,0.0,0.0,0.0,0.0,0.0
2428,"2019","Uttar Pradesh","09","Auraiya","122","Auraiya","0",4.0,2.0,5.0,4.0,3.0,0.0,0.0,4.0,19.0,13.0,1.0,0.0,2.0,0.0,0.0,0.0,0.0,0.0,0.0,0.0
2429,"2019","Uttar Pradesh","09","Azamgarh","123","Azamgarh","3",16.0,10.0,25.0,32.0,20.0,15.0,2.0,10.0,19.0,82.0,26.0,9.0,4.0,0.0,0.0,0.0,0.0,0.0,0.0,0.0
2430,"2019","Uttar Pradesh","09","Budaun","133","Badaun","0",6.0,6.0,23.0,14.0,5.0,2.0,1.0,3.0,28.0,31.0,5.0,1.0,3.0,0.0,0.0,0.0,0.0,0.0,0.0,0.0
2431,"2019","Uttar Pradesh","09","Baghpat","124","Baghpat","0",6.0,1.0,33.0,16.0,8.0,4.0,0.0,1.0,10.0,59.0,13.0,1.0,2.0,0.0,0.0,0.0,0.0,0.0,0.0,0.0
2432,"2019","Uttar Pradesh","09","Bahraich","125","Bahraich","0",3.0,0.0,15.0,5.0,4.0,3.0,0.0,6.0,2.0,18.0,6.0,1.0,2.0,0.0,0.0,0.0,0.0,0.0,0.0,0.0
2433,"2019","Uttar Pradesh","09","Ballia","126","Ballia","0",7.0,7.0,16.0,9.0,9.0,11.0,0.0,5.0,5.0,24.0,15.0,11.0,2.0,0.0,0.0,0.0,0.0,0.0,0.0,0.0
2434,"2019","Uttar Pradesh","09","Balrampur","127","Balrampur","0",5.0,7.0,14.0,3.0,4.0,4.0,0.0,2.0,12.0,14.0,7.0,4.0,0.0,0.0,0.0,0.0,0.0,0.0,0.0,0.0
2435,"2019","Uttar Pradesh","09","Banda","128","Banda","0",0.0,2.0,9.0,1.0,0.0,0.0,0.0,0.0,3.0,23.0,3.0,1.0,0.0,0.0,0.0,0.0,0.0,0.0,0.0,0.0
2436,"2019","Uttar Pradesh","09","Barabanki","129","Barabanki","1",6.0,10.0,21.0,5.0,10.0,3.0,2.0,6.0,16.0,14.0,4.0,1.0,1.0,0.0,0.0,0.0,0.0,0.0,0.0,0.0
2437,"2019","Uttar Pradesh","09","Bareilly","130","Bareilly","0",8.0,6.0,31.0,18.0,2.0,0.0,0.0,12.0,5.0,26.0,23.0,1.0,0.0,0.0,0.0,0.0,0.0,0.0,0.0,0.0
2438,"2019","Uttar Pradesh","09","Basti","131","Basti","0",5.0,0.0,14.0,7.0,9.0,3.0,0.0,5.0,15.0,35.0,13.0,1.0,1.0,0.0,0.0,0.0,0.0,0.0,0.0,0.0
2439,"2019","Uttar Pradesh","09","Bijnor","132","Bijnor","0",8.0,10.0,45.0,17.0,13.0,4.0,1.0,4.0,12.0,63.0,11.0,0.0,1.0,0.0,0.0,0.0,0.0,0.0,0.0,0.0
2440,"2019","Uttar Pradesh","09","Bulandshahr","134","Bulandshahar","2",7.0,6.0,51.0,40.0,30.0,6.0,0.0,2.0,13.0,62.0,38.0,7.0,2.0,0.0,0.0,0.0,0.0,0.0,0.0,0.0
2441,"2019","Uttar Pradesh","09","Chandauli","135","Chandoli","0",2.0,5.0,36.0,21.0,14.0,10.0,0.0,4.0,12.0,73.0,12.0,5.0,2.0,0.0,0.0,0.0,0.0,0.0,0.0,0.0
2442,"2019","Uttar Pradesh","09","Chitrakoot","136","Chitrakoot","0",0.0,0.0,0.0,0.0,0.0,0.0,0.0,4.0,6.0,0.0,0.0,0.0,0.0,0.0,0.0,0.0,0.0,0.0,0.0,0.0
2443,"2019","Uttar Pradesh","09","Deoria","137","Deoria","0",0.0,0.0,0.0,0.0,0.0,0.0,0.0,0.0,0.0,0.0,0.0,0.0,0.0,0.0,0.0,0.0,0.0,0.0,0.0,0.0
2444,"2019","Uttar Pradesh","09","Etah","138","Etah","0",5.0,4.0,9.0,14.0,10.0,3.0,0.0,3.0,13.0,21.0,15.0,2.0,0.0,0.0,0.0,0.0,0.0,0.0,0.0,0.0
2445,"2019","Uttar Pradesh","09","Etawah","139","Etawah","0",4.0,12.0,11.0,9.0,3.0,4.0,0.0,5.0,18.0,32.0,18.0,2.0,1.0,0.0,0.0,0.0,0.0,0.0,0.0,0.0
2446,"2019","Uttar Pradesh","09","Ayodhya","140","Ayodhya","0",4.0,7.0,14.0,11.0,6.0,1.0,0.0,4.0,11.0,32.0,22.0,2.0,1.0,0.0,0.0,0.0,0.0,0.0,0.0,0.0
2447,"2019","Uttar Pradesh","09","Farrukhabad","141","Fatehgarh","0",7.0,2.0,15.0,13.0,2.0,2.0,0.0,0.0,13.0,13.0,9.0,4.0,0.0,0.0,0.0,0.0,0.0,0.0,0.0,0.0
2448,"2019","Uttar Pradesh","09","Fatehpur","142","Fatehpur","0",1.0,4.0,27.0,12.0,5.0,5.0,1.0,3.0,13.0,79.0,17.0,3.0,3.0,0.0,0.0,0.0,0.0,0.0,0.0,0.0
2449,"2019","Uttar Pradesh","09","Firozabad","143","Firozabad","1",6.0,4.0,12.0,10.0,8.0,5.0,0.0,3.0,12.0,19.0,4.0,2.0,0.0,0.0,0.0,0.0,0.0,0.0,0.0,0.0
2450,"2019","Uttar Pradesh","09","Lucknow","162","Grp","1",0.0,0.0,16.0,28.0,17.0,16.0,1.0,0.0,2.0,16.0,21.0,12.0,4.0,0.0,0.0,0.0,0.0,0.0,0.0,0.0
2451,"2019","Uttar Pradesh","09","Gautam Buddha Nagar","144","Gautambudh Nagar","4",22.0,12.0,61.0,66.0,49.0,17.0,1.0,19.0,36.0,173.0,79.0,7.0,1.0,0.0,0.0,0.0,0.0,0.0,0.0,0.0
2452,"2019","Uttar Pradesh","09","Ghaziabad","145","Ghaziabad","3",17.0,19.0,88.0,60.0,23.0,12.0,1.0,15.0,44.0,83.0,20.0,6.0,2.0,0.0,0.0,0.0,0.0,0.0,0.0,0.0
2453,"2019","Uttar Pradesh","09","Ghazipur","146","Ghazipur","0",4.0,1.0,24.0,7.0,5.0,3.0,0.0,4.0,14.0,49.0,6.0,1.0,1.0,0.0,0.0,0.0,0.0,0.0,0.0,0.0
2454,"2019","Uttar Pradesh","09","Gonda","147","Gonda","0",0.0,3.0,12.0,16.0,5.0,5.0,0.0,0.0,6.0,30.0,16.0,6.0,5.0,0.0,0.0,0.0,0.0,0.0,0.0,0.0
2455,"2019","Uttar Pradesh","09","Gorakhpur","148","Gorakhpur","0",44.0,45.0,18.0,39.0,0.0,0.0,0.0,0.0,190.0,16.0,15.0,12.0,0.0,0.0,0.0,0.0,0.0,0.0,0.0,0.0
2456,"2019","Uttar Pradesh","09","Hamirpur","149","Hamirpur","0",0.0,0.0,2.0,0.0,0.0,0.0,0.0,4.0,18.0,20.0,8.0,4.0,0.0,0.0,0.0,0.0,0.0,0.0,0.0,0.0
2457,"2019","Uttar Pradesh","09","Hapur","661","Hapur","1",4.0,3.0,23.0,22.0,15.0,5.0,0.0,3.0,18.0,57.0,15.0,5.0,5.0,0.0,0.0,0.0,0.0,0.0,0.0,0.0
2458,"2019","Uttar Pradesh","09","Hardoi","150","Hardoi","0",0.0,0.0,0.0,0.0,0.0,0.0,0.0,0.0,0.0,0.0,0.0,0.0,0.0,0.0,0.0,0.0,0.0,0.0,0.0,0.0
2459,"2019","Uttar Pradesh","09","Hathras","163","Hathras","0",2.0,2.0,10.0,4.0,4.0,1.0,0.0,0.0,1.0,25.0,9.0,0.0,0.0,0.0,0.0,0.0,0.0,0.0,0.0,0.0
2460,"2019","Uttar Pradesh","09","Jalaun","151","Jalaun","0",0.0,6.0,12.0,12.0,5.0,4.0,0.0,0.0,8.0,25.0,8.0,0.0,0.0,0.0,0.0,0.0,0.0,0.0,0.0,0.0
2461,"2019","Uttar Pradesh","09","Jaunpur","152","Jaunpur","0",3.0,3.0,10.0,6.0,2.0,4.0,0.0,3.0,14.0,29.0,10.0,1.0,1.0,0.0,0.0,0.0,0.0,0.0,0.0,0.0
2462,"2019","Uttar Pradesh","09","Jhansi","153","Jhansi","0",1.0,5.0,0.0,0.0,0.0,0.0,1.0,21.0,68.0,15.0,0.0,0.0,0.0,0.0,0.0,0.0,0.0,0.0,0.0,0.0
2463,"2019","Uttar Pradesh","09","Kannauj","155","Kannauj","1",7.0,13.0,20.0,7.0,7.0,2.0,0.0,4.0,11.0,42.0,8.0,2.0,1.0,0.0,0.0,0.0,0.0,0.0,0.0,0.0
2464,"2019","Uttar Pradesh","09","Kanpur Dehat","156","Kanpur Dehat","0",7.0,2.0,34.0,21.0,8.0,3.0,0.0,3.0,1.0,21.0,17.0,3.0,0.0,0.0,0.0,0.0,0.0,0.0,0.0,0.0
2465,"2019","Uttar Pradesh","09","Kanpur Nagar","157","Kanpur Nagar","1",44.0,36.0,42.0,33.0,28.0,13.0,1.0,19.0,59.0,92.0,36.0,7.0,3.0,0.0,0.0,0.0,0.0,0.0,0.0,0.0
2466,"2019","Uttar Pradesh","09","Kasganj","633","Kasganj","1",3.0,3.0,7.0,8.0,2.0,0.0,0.0,1.0,5.0,6.0,10.0,2.0,0.0,0.0,0.0,0.0,0.0,0.0,0.0,0.0
2467,"2019","Uttar Pradesh","09","Kaushambi","158","Kaushambi","0",0.0,0.0,0.0,0.0,0.0,0.0,0.0,0.0,0.0,0.0,0.0,0.0,0.0,0.0,0.0,0.0,0.0,0.0,0.0,0.0
2468,"2019","Uttar Pradesh","09","Kheri","159","Khiri","2",21.0,18.0,27.0,18.0,8.0,4.0,0.0,18.0,27.0,35.0,11.0,3.0,0.0,0.0,0.0,0.0,0.0,0.0,0.0,0.0
2469,"2019","Uttar Pradesh","09","Kushi Nagar","160","Kushi Nagar","1",0.0,1.0,0.0,0.0,0.0,0.0,0.0,2.0,1.0,0.0,0.0,0.0,0.0,0.0,0.0,0.0,0.0,0.0,0.0,0.0
2470,"2019","Uttar Pradesh","09","Lalitpur","161","Lalitpur","0",0.0,5.0,0.0,0.0,0.0,0.0,0.0,0.0,0.0,32.0,0.0,0.0,0.0,0.0,0.0,0.0,0.0,0.0,0.0,0.0
2471,"2019","Uttar Pradesh","09","Lucknow","162","Lucknow","0",0.0,250.0,98.0,47.0,22.0,11.0,0.0,0.0,260.0,126.0,24.0,5.0,4.0,0.0,0.0,0.0,0.0,0.0,0.0,0.0
2472,"2019","Uttar Pradesh","09","Maharajganj","164","Maharajganj","0",1.0,1.0,8.0,3.0,2.0,1.0,0.0,5.0,9.0,17.0,6.0,2.0,0.0,0.0,0.0,0.0,0.0,0.0,0.0,0.0
2473,"2019","Uttar Pradesh","09","Mahoba","165","Mahoba","0",3.0,4.0,0.0,0.0,0.0,0.0,0.0,4.0,9.0,0.0,0.0,0.0,0.0,0.0,0.0,0.0,0.0,0.0,0.0,0.0
2474,"2019","Uttar Pradesh","09","Mainpuri","166","Mainpuri","0",1.0,9.0,3.0,2.0,1.0,0.0,0.0,0.0,26.0,5.0,0.0,0.0,0.0,0.0,0.0,0.0,0.0,0.0,0.0,0.0
2475,"2019","Uttar Pradesh","09","Mathura","167","Mathura","0",0.0,3.0,2.0,0.0,0.0,0.0,0.0,0.0,11.0,7.0,0.0,0.0,0.0,0.0,0.0,0.0,0.0,0.0,0.0,0.0
2476,"2019","Uttar Pradesh","09","Mau","168","Mau","0",0.0,0.0,9.0,4.0,2.0,3.0,0.0,0.0,2.0,17.0,6.0,1.0,1.0,0.0,0.0,0.0,0.0,0.0,0.0,0.0
2477,"2019","Uttar Pradesh","09","Meerut","169","Meerut","0",3.0,5.0,42.0,29.0,26.0,4.0,0.0,3.0,3.0,73.0,16.0,5.0,7.0,0.0,0.0,0.0,0.0,0.0,0.0,0.0
2478,"2019","Uttar Pradesh","09","Mirzapur","170","Mirzapur","1",4.0,14.0,28.0,7.0,5.0,0.0,0.0,3.0,26.0,48.0,10.0,4.0,1.0,0.0,0.0,0.0,0.0,0.0,0.0,0.0
2479,"2019","Uttar Pradesh","09","Moradabad","171","Moradabad","1",24.0,31.0,82.0,72.0,34.0,10.0,0.0,16.0,52.0,101.0,55.0,12.0,8.0,0.0,0.0,0.0,0.0,0.0,0.0,0.0
2480,"2019","Uttar Pradesh","09","Muzaffarnagar","172","Muzaffarnagar","0",0.0,0.0,0.0,0.0,0.0,0.0,0.0,0.0,0.0,0.0,0.0,0.0,0.0,0.0,0.0,0.0,0.0,0.0,0.0,0.0
2481,"2019","Uttar Pradesh","09","Pilibhit","173","Pilibhit","1",3.0,5.0,17.0,28.0,9.0,4.0,0.0,2.0,2.0,25.0,14.0,5.0,1.0,0.0,0.0,0.0,0.0,0.0,0.0,0.0
2482,"2019","Uttar Pradesh","09","Pratapgarh","174","Pratapgarh","0",2.0,3.0,8.0,3.0,0.0,0.0,0.0,11.0,7.0,5.0,0.0,0.0,0.0,0.0,0.0,0.0,0.0,0.0,0.0,0.0
2483,"2019","Uttar Pradesh","09","Rae Bareli","175","Raibareilly","0",2.0,7.0,9.0,6.0,7.0,2.0,0.0,4.0,12.0,20.0,7.0,2.0,2.0,0.0,0.0,0.0,0.0,0.0,0.0,0.0
2484,"2019","Uttar Pradesh","09","Rampur","176","Rampur","0",0.0,2.0,0.0,0.0,0.0,0.0,0.0,0.0,4.0,3.0,2.0,0.0,0.0,0.0,0.0,0.0,0.0,0.0,0.0,0.0
2485,"2019","Uttar Pradesh","09","Saharanpur","177","Saharanpur","1",3.0,10.0,39.0,32.0,26.0,9.0,0.0,5.0,9.0,39.0,29.0,6.0,0.0,0.0,0.0,0.0,0.0,0.0,0.0,0.0
2486,"2019","Uttar Pradesh","09","Sambhal","659","Sambhal","1",2.0,2.0,9.0,5.0,1.0,2.0,0.0,4.0,2.0,10.0,5.0,1.0,1.0,0.0,0.0,0.0,0.0,0.0,0.0,0.0
2487,"2019","Uttar Pradesh","09","Sant Kabeer Nagar","178","Sant Kabirnagar","0",1.0,1.0,9.0,3.0,5.0,4.0,0.0,3.0,27.0,25.0,6.0,0.0,0.0,0.0,0.0,0.0,0.0,0.0,0.0,0.0
2488,"2019","Uttar Pradesh","09","Shahjahanpur","180","Shahjahanpur","0",10.0,7.0,29.0,13.0,9.0,4.0,0.0,6.0,17.0,36.0,14.0,4.0,0.0,0.0,0.0,0.0,0.0,0.0,0.0,0.0
2489,"2019","Uttar Pradesh","09","Shamli","660","Shamli","1",1.0,2.0,18.0,10.0,5.0,3.0,0.0,4.0,3.0,22.0,11.0,3.0,0.0,0.0,0.0,0.0,0.0,0.0,0.0,0.0
2490,"2019","Uttar Pradesh","09","Shravasti","181","Shrawasti","0",0.0,1.0,9.0,1.0,0.0,0.0,0.0,0.0,5.0,0.0,0.0,0.0,0.0,0.0,0.0,0.0,0.0,0.0,0.0,0.0
2491,"2019","Uttar Pradesh","09","Siddharth Nagar","182","Sidharthnagar","0",5.0,3.0,7.0,12.0,3.0,4.0,0.0,2.0,3.0,15.0,6.0,0.0,1.0,0.0,0.0,0.0,0.0,0.0,0.0,0.0
2492,"2019","Uttar Pradesh","09","Sitapur","183","Sitapur","0",12.0,46.0,44.0,27.0,10.0,9.0,0.0,10.0,43.0,75.0,23.0,5.0,4.0,0.0,0.0,0.0,0.0,0.0,0.0,0.0
2493,"2019","Uttar Pradesh","09","Sonbhadra","184","Sonbhadra","0",12.0,8.0,23.0,14.0,8.0,5.0,0.0,8.0,18.0,67.0,15.0,1.0,1.0,0.0,0.0,0.0,0.0,0.0,0.0,0.0
2494,"2019","Uttar Pradesh","09","Bhadohi","179","Bhadohi","0",9.0,10.0,0.0,0.0,0.0,0.0,0.0,1.0,27.0,0.0,0.0,0.0,0.0,0.0,0.0,0.0,0.0,0.0,0.0,0.0
2495,"2019","Uttar Pradesh","09","Sultanpur","185","Sultanpur","0",0.0,5.0,4.0,5.0,1.0,2.0,0.0,0.0,11.0,20.0,3.0,1.0,0.0,0.0,0.0,0.0,0.0,0.0,0.0,0.0
2496,"2019","Uttar Pradesh","09","Unnao","186","Unnao","2",12.0,16.0,16.0,14.0,7.0,2.0,3.0,7.0,32.0,21.0,13.0,5.0,2.0,0.0,0.0,0.0,0.0,0.0,0.0,0.0
2497,"2019","Uttar Pradesh","09","Varanasi","187","Varanasi","3",10.0,14.0,58.0,63.0,31.0,16.0,0.0,8.0,30.0,80.0,35.0,6.0,8.0,0.0,0.0,0.0,0.0,0.0,0.0,0.0
2498,"2019","Uttarakhand","05","Almora","045","Almora","0",0.0,0.0,0.0,0.0,0.0,0.0,0.0,0.0,0.0,0.0,0.0,0.0,0.0,0.0,0.0,0.0,0.0,0.0,0.0,0.0
2499,"2019","Uttarakhand","05","Bageshwar","046","Bageshwar","0",0.0,0.0,0.0,0.0,0.0,0.0,0.0,0.0,0.0,0.0,0.0,0.0,0.0,0.0,0.0,0.0,0.0,0.0,0.0,0.0
2500,"2019","Uttarakhand","05","Chamoli","047","Chamoli","0",0.0,0.0,0.0,0.0,0.0,0.0,0.0,0.0,0.0,0.0,0.0,0.0,0.0,0.0,0.0,0.0,0.0,0.0,0.0,0.0
2501,"2019","Uttarakhand","05","Champawat","048","Champawat","0",0.0,0.0,0.0,0.0,0.0,0.0,0.0,0.0,0.0,0.0,0.0,0.0,0.0,0.0,0.0,0.0,0.0,0.0,0.0,0.0
2502,"2019","Uttarakhand","05","Dehradun","049","Dehradun","0",0.0,0.0,0.0,0.0,0.0,0.0,0.0,0.0,0.0,0.0,0.0,0.0,0.0,0.0,0.0,0.0,0.0,0.0,0.0,0.0
2503,"2019","Uttarakhand","05","Haridwar","050","Haridwar","0",0.0,0.0,0.0,0.0,0.0,0.0,0.0,0.0,0.0,0.0,0.0,0.0,0.0,0.0,0.0,0.0,0.0,0.0,0.0,0.0
2504,"2019","Uttarakhand","05","Nainital","051","Nainital","0",0.0,0.0,0.0,0.0,0.0,0.0,0.0,0.0,0.0,0.0,0.0,0.0,0.0,0.0,0.0,0.0,0.0,0.0,0.0,0.0
2505,"2019","Uttarakhand","05","Pauri Garhwal","052","Pauri Garhwal","0",0.0,0.0,0.0,0.0,0.0,0.0,0.0,0.0,0.0,0.0,0.0,0.0,0.0,0.0,0.0,0.0,0.0,0.0,0.0,0.0
2506,"2019","Uttarakhand","05","Pithoragarh","053","Pithoragarh","0",0.0,0.0,0.0,0.0,0.0,0.0,0.0,0.0,0.0,0.0,0.0,0.0,0.0,0.0,0.0,0.0,0.0,0.0,0.0,0.0
2507,"2019","Uttarakhand","05","Rudra Prayag","054","Rudra Prayag","0",0.0,0.0,0.0,0.0,0.0,0.0,0.0,0.0,0.0,0.0,0.0,0.0,0.0,0.0,0.0,0.0,0.0,0.0,0.0,0.0
2508,"2019","Uttarakhand","05","Tehri Garhwal","055","Tehri Garhwal","15",75.0,146.0,375.0,282.0,100.0,25.0,23.0,103.0,177.0,420.0,272.0,150.0,30.0,0.0,0.0,0.0,0.0,0.0,0.0,0.0
2509,"2019","Uttarakhand","05","Udam Singh Nagar","056","Udhamsingh Nagar","0",0.0,0.0,0.0,0.0,0.0,0.0,0.0,0.0,0.0,0.0,0.0,0.0,0.0,0.0,0.0,0.0,0.0,0.0,0.0,0.0
2510,"2019","Uttarakhand","05","Uttar Kashi","057","Uttarkashi","0",0.0,0.0,0.0,0.0,0.0,0.0,0.0,0.0,0.0,0.0,0.0,0.0,0.0,0.0,0.0,0.0,0.0,0.0,0.0,0.0
2511,"2019","Uttarakhand","05","Dehradun","049","Grp","0",0.0,0.0,0.0,0.0,0.0,0.0,0.0,0.0,0.0,0.0,0.0,0.0,0.0,0.0,0.0,0.0,0.0,0.0,0.0,0.0
2512,"2019","West Bengal","19","Alipurduar","664","Alipurduar","0",9.0,17.0,76.0,131.0,52.0,14.0,1.0,8.0,139.0,284.0,229.0,50.0,9.0,0.0,0.0,0.0,0.0,0.0,0.0,0.0
2513,"2019","West Bengal","19","Paschim Bardhaman","704","Asansol-Durgapur Pc","2",13.0,22.0,145.0,167.0,118.0,56.0,3.0,9.0,61.0,366.0,189.0,46.0,23.0,0.0,0.0,0.0,0.0,0.0,0.0,0.0
2514,"2019","West Bengal","19","Bankura","305","Bankura","1",10.0,19.0,96.0,131.0,77.0,39.0,0.0,7.0,84.0,364.0,157.0,42.0,20.0,0.0,0.0,0.0,0.0,0.0,0.0,0.0
2515,"2019","West Bengal","19","24 Paraganas North","303","Barrackpur Pc","2",53.0,84.0,276.0,439.0,353.0,170.0,1.0,90.0,380.0,710.0,419.0,152.0,85.0,0.0,0.0,0.0,0.0,0.0,0.0,0.0
2516,"2019","West Bengal","19","24 Paraganas North","303","Bidhannagar Pc","1",9.0,19.0,68.0,136.0,88.0,58.0,0.0,18.0,112.0,245.0,154.0,37.0,21.0,0.0,0.0,0.0,0.0,0.0,0.0,0.0
2517,"2019","West Bengal","19","Birbhum","307","Birbhum","0",5.0,5.0,68.0,89.0,49.0,22.0,0.0,5.0,42.0,211.0,119.0,23.0,5.0,0.0,0.0,0.0,0.0,0.0,0.0,0.0
2518,"2019","West Bengal","19","Coochbehar","308","Coochbehar","0",18.0,22.0,121.0,154.0,71.0,21.0,2.0,31.0,151.0,533.0,334.0,67.0,8.0,0.0,0.0,0.0,0.0,0.0,0.0,0.0
2519,"2019","West Bengal","19","Dinajpur Dakshin","310","Dakshin Dinajpur","2",13.0,23.0,116.0,72.0,52.0,24.0,1.0,16.0,184.0,580.0,115.0,14.0,3.0,0.0,0.0,0.0,0.0,0.0,0.0,0.0
2520,"2019","West Bengal","19","Darjeeling","309","Darjeeling","0",4.0,6.0,22.0,53.0,29.0,12.0,0.0,3.0,31.0,129.0,123.0,15.0,2.0,0.0,0.0,0.0,0.0,0.0,0.0,0.0
2521,"2019","West Bengal","19","Hooghly","312","Hooghly Rural Police","2",11.0,23.0,96.0,180.0,84.0,38.0,1.0,21.0,213.0,441.0,222.0,53.0,21.0,0.0,0.0,0.0,0.0,0.0,0.0,0.0
2522,"2019","West Bengal","19","Howrah","313","Howrah Grp","3",1.0,4.0,28.0,16.0,13.0,9.0,0.0,0.0,4.0,16.0,3.0,4.0,1.0,0.0,0.0,0.0,0.0,0.0,0.0,0.0
2523,"2019","West Bengal","19","Howrah","313","Howrah Pc","7",43.0,58.0,279.0,202.0,115.0,82.0,8.0,24.0,129.0,484.0,137.0,47.0,47.0,0.0,0.0,0.0,0.0,0.0,0.0,0.0
2524,"2019","West Bengal","19","Howrah","313","Howrah Rural","0",25.0,19.0,120.0,180.0,125.0,56.0,0.0,21.0,265.0,483.0,261.0,50.0,26.0,0.0,0.0,0.0,0.0,0.0,0.0,0.0
2525,"2019","West Bengal","19","Jalpaiguri","314","Jalpaiguri","1",10.0,13.0,113.0,139.0,60.0,23.0,1.0,4.0,83.0,448.0,234.0,31.0,15.0,0.0,0.0,0.0,0.0,0.0,0.0,0.0
2526,"2019","West Bengal","19","Jhargram","703","Jhargram","0",0.0,6.0,37.0,27.0,7.0,17.0,0.0,4.0,47.0,136.0,30.0,10.0,12.0,0.0,0.0,0.0,0.0,0.0,0.0,0.0
2527,"2019","West Bengal","19","Medinipur West","318","Kharagpur Grp","0",0.0,1.0,4.0,3.0,1.0,1.0,0.0,0.0,0.0,1.0,0.0,0.0,0.0,0.0,0.0,0.0,0.0,0.0,0.0,0.0
2528,"2019","West Bengal","19","Kolkata","315","Kolkata","15",119.0,189.0,458.0,657.0,577.0,324.0,25.0,90.0,551.0,942.0,577.0,235.0,164.0,0.0,0.0,0.0,0.0,0.0,0.0,0.0
2529,"2019","West Bengal","19","Maldah","316","Malda","4",37.0,46.0,153.0,178.0,80.0,38.0,5.0,26.0,196.0,516.0,285.0,45.0,10.0,0.0,0.0,0.0,0.0,0.0,0.0,0.0
2530,"2019","West Bengal","19","Murshidabad","319","Murshidabad","2",14.0,16.0,223.0,274.0,91.0,34.0,0.0,8.0,30.0,996.0,668.0,63.0,31.0,0.0,0.0,0.0,0.0,0.0,0.0,0.0
2531,"2019","West Bengal","19","Nadia","320","Nadia","5",27.0,50.0,253.0,333.0,215.0,75.0,5.0,32.0,355.0,1156.0,760.0,116.0,44.0,0.0,0.0,0.0,0.0,0.0,0.0,0.0
2532,"2019","West Bengal","19","Medinipur West","318","Paschim Medinipur","1",11.0,40.0,132.0,182.0,141.0,38.0,1.0,16.0,333.0,609.0,237.0,44.0,20.0,0.0,0.0,0.0,0.0,0.0,0.0,0.0
2533,"2019","West Bengal","19","Medinipur East","317","Purab Medinipur","1",17.0,18.0,117.0,85.0,53.0,25.0,2.0,12.0,244.0,549.0,116.0,34.0,17.0,0.0,0.0,0.0,0.0,0.0,0.0,0.0
2534,"2019","West Bengal","19","Purulia","321","Purulia","0",3.0,3.0,74.0,45.0,23.0,7.0,0.0,4.0,18.0,203.0,26.0,12.0,10.0,0.0,0.0,0.0,0.0,0.0,0.0,0.0
2535,"2019","West Bengal","19","Kolkata","315","Sealdah Grp","0",3.0,0.0,7.0,3.0,3.0,1.0,0.0,1.0,5.0,16.0,1.0,2.0,3.0,0.0,0.0,0.0,0.0,0.0,0.0,0.0
2536,"2019","West Bengal","19","Darjeeling","309","Siliguri Grp","0",0.0,0.0,2.0,3.0,0.0,1.0,0.0,0.0,0.0,2.0,1.0,0.0,0.0,0.0,0.0,0.0,0.0,0.0,0.0,0.0
2537,"2019","West Bengal","19","Darjeeling","309","Siliguri Pc","5",28.0,35.0,130.0,195.0,81.0,37.0,4.0,22.0,229.0,386.0,252.0,50.0,15.0,0.0,0.0,0.0,0.0,0.0,0.0,0.0
2538,"2019","West Bengal","19","Dinajpur Uttar","311","Uttar Dinajpur","2",6.0,18.0,82.0,62.0,42.0,4.0,0.0,4.0,39.0,330.0,150.0,18.0,6.0,0.0,0.0,0.0,0.0,0.0,0.0,0.0
2539,"2019","West Bengal","19","24 Paraganas South","304","Baruipur Police","3",27.0,41.0,116.0,206.0,88.0,59.0,3.0,45.0,256.0,446.0,268.0,59.0,56.0,0.0,0.0,0.0,0.0,0.0,0.0,0.0
2540,"2019","West Bengal","19","Hooghly","312","Chandannagar Pc","0",15.0,11.0,87.0,114.0,104.0,59.0,0.0,11.0,75.0,243.0,137.0,58.0,26.0,0.0,0.0,0.0,0.0,0.0,0.0,0.0
2541,"2019","West Bengal","19","24 Paraganas South","304","Diamond Harbour Police","3",40.0,44.0,142.0,213.0,134.0,53.0,4.0,37.0,311.0,538.0,320.0,87.0,34.0,0.0,0.0,0.0,0.0,0.0,0.0,0.0
2542,"2019","West Bengal","19","Kalimpong","702","Kalimpong","1",2.0,7.0,9.0,23.0,9.0,2.0,0.0,1.0,18.0,41.0,58.0,4.0,0.0,0.0,0.0,0.0,0.0,0.0,0.0,0.0
2543,"2019","West Bengal","19","Purba Bardhaman","306","Purba Bardhaman","1",13.0,26.0,101.0,164.0,100.0,29.0,2.0,27.0,252.0,417.0,246.0,44.0,19.0,0.0,0.0,0.0,0.0,0.0,0.0,0.0
2544,"2019","West Bengal","19","24 Paraganas South","304","Sundarban Police","2",6.0,14.0,55.0,71.0,45.0,17.0,1.0,11.0,52.0,314.0,162.0,40.0,10.0,0.0,0.0,0.0,0.0,0.0,0.0,0.0
2545,"2019","West Bengal","19","24 Paraganas North","303","Barasat","1",29.0,87.0,198.0,303.0,189.0,85.0,0.0,45.0,562.0,875.0,576.0,121.0,57.0,0.0,0.0,0.0,0.0,0.0,0.0,0.0
2546,"2019","West Bengal","19","24 Paraganas North","303","Basirhat","0",11.0,21.0,86.0,127.0,73.0,13.0,0.0,17.0,308.0,399.0,268.0,55.0,9.0,0.0,0.0,0.0,0.0,0.0,0.0,0.0
2547,"2019","Andaman And Nicobar Islands","35","South Andamans","602","South Andaman","3",2.0,5.0,27.0,24.0,12.0,6.0,3.0,6.0,24.0,30.0,23.0,3.0,6.0,0.0,0.0,0.0,0.0,0.0,0.0,0.0
2548,"2019","Andaman And Nicobar Islands","35","North And Middle Andaman","632","North And Middle Andaman","0",0.0,0.0,0.0,0.0,0.0,0.0,0.0,0.0,0.0,0.0,0.0,0.0,0.0,0.0,0.0,0.0,0.0,0.0,0.0,0.0
2549,"2019","Andaman And Nicobar Islands","35","Nicobars","603","Nicobar","0",0.0,0.0,0.0,0.0,0.0,0.0,0.0,0.0,0.0,0.0,0.0,0.0,0.0,0.0,0.0,0.0,0.0,0.0,0.0,0.0
2550,"2019","Chandigarh","04","Chandigarh","044","Chandigarh","4",26.0,37.0,116.0,82.0,40.0,27.0,4.0,20.0,111.0,262.0,47.0,13.0,8.0,0.0,0.0,0.0,0.0,0.0,0.0,0.0
2551,"2019","The Dadra And Nagar Haveli And Daman And Diu","38","Dadra And Nagar Haveli","465","Dadra And Nagar Haveli","0",0.0,0.0,10.0,4.0,5.0,0.0,0.0,0.0,3.0,36.0,10.0,1.0,0.0,0.0,0.0,0.0,0.0,0.0,0.0,0.0
2552,"2019","The Dadra And Nagar Haveli And Daman And Diu","38","Daman","463","Daman","0",4.0,1.0,20.0,13.0,4.0,0.0,0.0,3.0,9.0,53.0,6.0,0.0,0.0,0.0,0.0,0.0,0.0,0.0,0.0,0.0
2553,"2019","The Dadra And Nagar Haveli And Daman And Diu","38","Diu","464","Diu","0",0.0,0.0,6.0,3.0,1.0,1.0,0.0,0.0,0.0,9.0,1.0,0.0,1.0,0.0,0.0,0.0,0.0,0.0,0.0,0.0
2554,"2019","Delhi","07","Central","077","Central","6",33.0,97.0,158.0,124.0,49.0,26.0,8.0,25.0,112.0,165.0,142.0,5.0,12.0,0.0,0.0,0.0,0.0,0.0,0.0,0.0
2555,"2019","Delhi","07","North West","082","Crime Branch","0",0.0,0.0,0.0,0.0,0.0,0.0,0.0,0.0,0.0,0.0,0.0,0.0,0.0,0.0,0.0,0.0,0.0,0.0,0.0,0.0
2556,"2019","Delhi","07","East","078","East","1",60.0,43.0,246.0,149.0,64.0,31.0,0.0,57.0,127.0,406.0,87.0,10.0,22.0,0.0,0.0,0.0,0.0,0.0,0.0,0.0
2557,"2019","Delhi","07","New Delhi","079","Eow","0",0.0,0.0,0.0,0.0,0.0,0.0,0.0,0.0,0.0,0.0,0.0,0.0,0.0,0.0,0.0,0.0,0.0,0.0,0.0,0.0
2558,"2019","Delhi","07","New Delhi","079","Igi Airport","0",0.0,0.0,7.0,6.0,2.0,0.0,0.0,0.0,0.0,4.0,1.0,0.0,0.0,0.0,0.0,0.0,0.0,0.0,0.0,0.0
2559,"2019","Delhi","07","North West","082","Metro","1",1.0,1.0,10.0,5.0,4.0,3.0,0.0,1.0,2.0,7.0,2.0,1.0,0.0,0.0,0.0,0.0,0.0,0.0,0.0,0.0
2560,"2019","Delhi","07","New Delhi","079","New Delhi","1",11.0,16.0,52.0,34.0,11.0,3.0,0.0,5.0,18.0,44.0,9.0,6.0,4.0,0.0,0.0,0.0,0.0,0.0,0.0,0.0
2561,"2019","Delhi","07","North","080","North","2",25.0,48.0,257.0,158.0,34.0,17.0,3.0,34.0,136.0,219.0,163.0,14.0,8.0,0.0,0.0,0.0,0.0,0.0,0.0,0.0
2562,"2019","Delhi","07","North East","081","North-East","9",108.0,93.0,461.0,239.0,72.0,75.0,7.0,73.0,269.0,829.0,145.0,25.0,32.0,0.0,0.0,0.0,0.0,0.0,0.0,0.0
2563,"2019","Delhi","07","North West","082","North-West","5",68.0,133.0,345.0,198.0,73.0,23.0,1.0,74.0,236.0,390.0,201.0,27.0,8.0,0.0,0.0,0.0,0.0,0.0,0.0,0.0
2564,"2019","Delhi","07","North West","082","Outer","1",58.0,97.0,431.0,229.0,92.0,42.0,2.0,53.0,304.0,696.0,192.0,46.0,22.0,0.0,0.0,0.0,0.0,0.0,0.0,0.0
2565,"2019","Delhi","07","New Delhi","079","Railway","8",11.0,2.0,42.0,27.0,11.0,11.0,7.0,9.0,2.0,45.0,17.0,6.0,6.0,0.0,0.0,0.0,0.0,0.0,0.0,0.0
2566,"2019","Delhi","07","South","083","South","14",44.0,111.0,316.0,196.0,80.0,35.0,16.0,60.0,212.0,518.0,144.0,33.0,20.0,0.0,0.0,0.0,0.0,0.0,0.0,0.0
2567,"2019","Delhi","07","South East","670","South-East","6",69.0,111.0,271.0,151.0,70.0,36.0,4.0,83.0,228.0,487.0,129.0,27.0,14.0,0.0,0.0,0.0,0.0,0.0,0.0,0.0
2568,"2019","Delhi","07","South West","084","South-West","12",39.0,62.0,203.0,166.0,64.0,11.0,17.0,46.0,188.0,369.0,149.0,18.0,6.0,0.0,0.0,0.0,0.0,0.0,0.0,0.0
2569,"2019","Delhi","07","North West","082","Spl Cell","0",0.0,0.0,0.0,0.0,0.0,0.0,0.0,0.0,0.0,0.0,0.0,0.0,0.0,0.0,0.0,0.0,0.0,0.0,0.0,0.0
2570,"2019","Delhi","07","New Delhi","079","Spuwac","0",0.0,0.0,0.0,0.0,0.0,0.0,0.0,0.0,0.0,0.0,0.0,0.0,0.0,0.0,0.0,0.0,0.0,0.0,0.0,0.0
2571,"2019","Delhi","07","New Delhi","079","Vigilance","0",0.0,0.0,0.0,0.0,0.0,0.0,0.0,0.0,0.0,0.0,0.0,0.0,0.0,0.0,0.0,0.0,0.0,0.0,0.0,0.0
2572,"2019","Delhi","07","West","085","West","0",21.0,95.0,320.0,173.0,15.0,2.0,4.0,37.0,189.0,367.0,188.0,12.0,4.0,0.0,0.0,0.0,0.0,0.0,0.0,0.0
2573,"2019","Delhi","07","North West","082","Rohini","7",59.0,136.0,327.0,207.0,76.0,23.0,14.0,67.0,284.0,536.0,183.0,35.0,15.0,0.0,0.0,0.0,0.0,0.0,0.0,0.0
2574,"2019","Delhi","07","Shahdara","671","Shahdara","6",64.0,43.0,254.0,169.0,68.0,49.0,2.0,62.0,171.0,384.0,79.0,24.0,12.0,0.0,0.0,0.0,0.0,0.0,0.0,0.0
2575,"2019","Delhi","07","South West","084","Dwarka","6",64.0,115.0,264.0,287.0,131.0,63.0,2.0,36.0,302.0,525.0,286.0,37.0,34.0,0.0,0.0,0.0,0.0,0.0,0.0,0.0
2576,"2019","Delhi","07","New Delhi","079","Outer North","32",121.0,122.0,383.0,223.0,93.0,29.0,19.0,104.0,345.0,634.0,153.0,37.0,10.0,0.0,0.0,0.0,0.0,0.0,0.0,0.0
2577,"2019","Lakshadweep","31","Lakshadweep District","553","Lakshadweep","0",0.0,0.0,0.0,1.0,0.0,0.0,0.0,0.0,0.0,0.0,0.0,0.0,0.0,0.0,0.0,0.0,0.0,0.0,0.0,0.0
2578,"2019","Puducherry","34","Karaikal","598","Karaikal","0",0.0,0.0,0.0,0.0,0.0,0.0,0.0,0.0,0.0,0.0,0.0,0.0,0.0,0.0,0.0,0.0,0.0,0.0,0.0,0.0
2579,"2019","Puducherry","34","Pondicherry","600","Puducherry","2",4.0,6.0,25.0,16.0,16.0,9.0,7.0,10.0,19.0,87.0,4.0,2.0,9.0,0.0,0.0,0.0,0.0,0.0,0.0,0.0
2580,"2020","Andhra Pradesh","28","Anantapur","502","Anantapur","0",10.0,22.0,78.0,55.0,29.0,15.0,0.0,5.0,279.0,499.0,67.0,13.0,6.0,0.0,0.0,0.0,0.0,0.0,0.0,0.0
2581,"2020","Andhra Pradesh","28","Chittoor","503","Chittoor","6",22.0,9.0,37.0,36.0,17.0,16.0,11.0,25.0,226.0,386.0,37.0,7.0,3.0,0.0,0.0,0.0,0.0,0.0,0.0,0.0
2582,"2020","Andhra Pradesh","28","Y.S.R.","504","Cuddapah","12",20.0,15.0,48.0,29.0,24.0,19.0,3.0,16.0,119.0,227.0,37.0,11.0,2.0,0.0,0.0,0.0,0.0,0.0,0.0,0.0
2583,"2020","Andhra Pradesh","28","East Godavari","505","East Godavari","2",6.0,32.0,78.0,99.0,63.0,31.0,1.0,13.0,111.0,249.0,105.0,24.0,12.0,0.0,0.0,0.0,0.0,0.0,0.0,0.0
2584,"2020","Andhra Pradesh","28","Anantapur","502","Guntakal Railway","0",0.0,0.0,0.0,0.0,0.0,0.0,0.0,0.0,1.0,1.0,0.0,0.0,0.0,0.0,0.0,0.0,0.0,0.0,0.0,0.0
2585,"2020","Andhra Pradesh","28","Guntur","506","Guntur","13",20.0,28.0,43.0,66.0,41.0,21.0,7.0,21.0,83.0,209.0,75.0,11.0,4.0,0.0,0.0,0.0,0.0,0.0,0.0,0.0
2586,"2020","Andhra Pradesh","28","Guntur","506","Guntur Urban","1",11.0,18.0,43.0,42.0,22.0,14.0,0.0,7.0,70.0,160.0,27.0,8.0,9.0,0.0,0.0,0.0,0.0,0.0,0.0,0.0
2587,"2020","Andhra Pradesh","28","Krishna","510","Krishna","14",15.0,4.0,61.0,60.0,29.0,16.0,15.0,18.0,4.0,238.0,43.0,10.0,5.0,0.0,0.0,0.0,0.0,0.0,0.0,0.0
2588,"2020","Andhra Pradesh","28","Kurnool","511","Kurnool","0",16.0,12.0,35.0,70.0,23.0,20.0,0.0,118.0,99.0,245.0,150.0,15.0,7.0,0.0,0.0,0.0,0.0,0.0,0.0,0.0
2589,"2020","Andhra Pradesh","28","Spsr Nellore","515","Nellore","1",7.0,19.0,31.0,46.0,26.0,11.0,0.0,15.0,105.0,218.0,63.0,14.0,10.0,0.0,0.0,0.0,0.0,0.0,0.0,0.0
2590,"2020","Andhra Pradesh","28","Prakasam","517","Prakasham","15",23.0,15.0,40.0,36.0,27.0,8.0,3.0,20.0,62.0,233.0,45.0,4.0,4.0,0.0,0.0,0.0,0.0,0.0,0.0,0.0
2591,"2020","Andhra Pradesh","28","East Godavari","505","Rajahmundry","10",5.0,6.0,42.0,33.0,19.0,14.0,5.0,8.0,48.0,110.0,23.0,8.0,4.0,0.0,0.0,0.0,0.0,0.0,0.0,0.0
2592,"2020","Andhra Pradesh","28","Srikakulam","519","Srikakulam","8",16.0,15.0,19.0,17.0,8.0,10.0,13.0,8.0,46.0,165.0,17.0,2.0,2.0,0.0,0.0,0.0,0.0,0.0,0.0,0.0
2593,"2020","Andhra Pradesh","28","Tirupati","752","Tirupathi Urban","4",9.0,6.0,15.0,14.0,11.0,9.0,1.0,14.0,72.0,117.0,22.0,7.0,3.0,0.0,0.0,0.0,0.0,0.0,0.0,0.0
2594,"2020","Andhra Pradesh","28","Ntr","749","Vijayawada City","7",23.0,21.0,65.0,84.0,34.0,27.0,8.0,21.0,63.0,232.0,55.0,12.0,8.0,0.0,0.0,0.0,0.0,0.0,0.0,0.0
2595,"2020","Andhra Pradesh","28","Ntr","749","Vijayawada Railway","0",0.0,1.0,3.0,3.0,0.0,0.0,0.0,0.0,2.0,1.0,0.0,0.0,1.0,0.0,0.0,0.0,0.0,0.0,0.0,0.0
2596,"2020","Andhra Pradesh","28","Visakhapatanam","520","Visakha Rural","3",7.0,7.0,20.0,29.0,22.0,8.0,3.0,10.0,47.0,97.0,33.0,3.0,6.0,0.0,0.0,0.0,0.0,0.0,0.0,0.0
2597,"2020","Andhra Pradesh","28","Visakhapatanam","520","Visakhapatnam","1",14.0,22.0,96.0,55.0,33.0,30.0,4.0,11.0,39.0,300.0,60.0,9.0,8.0,0.0,0.0,0.0,0.0,0.0,0.0,0.0
2598,"2020","Andhra Pradesh","28","Vizianagaram","521","Vizianagaram","4",10.0,4.0,35.0,32.0,12.0,10.0,3.0,6.0,26.0,154.0,16.0,3.0,2.0,0.0,0.0,0.0,0.0,0.0,0.0,0.0
2599,"2020","Andhra Pradesh","28","West Godavari","523","West Godavari","20",25.0,17.0,103.0,81.0,55.0,33.0,16.0,32.0,129.0,366.0,94.0,23.0,28.0,0.0,0.0,0.0,0.0,0.0,0.0,0.0
2600,"2020","Arunachal Pradesh","12","Anjaw","628","Anjaw","0",0.0,0.0,0.0,0.0,0.0,0.0,0.0,0.0,0.0,0.0,0.0,0.0,0.0,0.0,0.0,0.0,0.0,0.0,0.0,0.0
2601,"2020","Arunachal Pradesh","12","Changlang","229","Changlang","0",0.0,0.0,0.0,0.0,0.0,0.0,0.0,0.0,0.0,0.0,0.0,0.0,0.0,0.0,0.0,0.0,0.0,0.0,0.0,0.0
2602,"2020","Arunachal Pradesh","12","Papum Pare","237","Crime Branch","0",0.0,0.0,0.0,0.0,0.0,0.0,0.0,0.0,0.0,0.0,0.0,0.0,0.0,0.0,0.0,0.0,0.0,0.0,0.0,0.0
2603,"2020","Arunachal Pradesh","12","Dibang Valley","230","Dibang Valley","0",0.0,0.0,0.0,0.0,0.0,0.0,0.0,0.0,0.0,0.0,0.0,0.0,0.0,0.0,0.0,0.0,0.0,0.0,0.0,0.0
2604,"2020","Arunachal Pradesh","12","East Kameng","231","Kameng East","0",0.0,0.0,0.0,0.0,0.0,0.0,0.0,0.0,0.0,0.0,0.0,0.0,0.0,0.0,0.0,0.0,0.0,0.0,0.0,0.0
2605,"2020","Arunachal Pradesh","12","West Kameng","242","Kameng West","0",0.0,0.0,0.0,0.0,0.0,0.0,0.0,0.0,1.0,0.0,1.0,0.0,0.0,0.0,0.0,0.0,0.0,0.0,0.0,0.0
2606,"2020","Arunachal Pradesh","12","Kurung Kumey","233","Kurung Kumey","0",0.0,0.0,0.0,0.0,0.0,0.0,0.0,0.0,0.0,0.0,0.0,0.0,0.0,0.0,0.0,0.0,0.0,0.0,0.0,0.0
2607,"2020","Arunachal Pradesh","12","Lohit","234","Lohit","0",0.0,0.0,0.0,0.0,0.0,0.0,0.0,0.0,0.0,0.0,0.0,0.0,0.0,0.0,0.0,0.0,0.0,0.0,0.0,0.0
2608,"2020","Arunachal Pradesh","12","Longding","666","Longding","0",0.0,0.0,0.0,0.0,0.0,0.0,0.0,0.0,0.0,0.0,0.0,0.0,0.0,0.0,0.0,0.0,0.0,0.0,0.0,0.0
2609,"2020","Arunachal Pradesh","12","Lower Dibang Valley","235","Lower Dibang Valley","0",0.0,0.0,0.0,0.0,0.0,0.0,0.0,0.0,0.0,0.0,0.0,0.0,0.0,0.0,0.0,0.0,0.0,0.0,0.0,0.0
2610,"2020","Arunachal Pradesh","12","Papum Pare","237","Papum Pare City","0",0.0,3.0,0.0,0.0,2.0,0.0,0.0,0.0,4.0,0.0,0.0,0.0,0.0,0.0,0.0,0.0,0.0,0.0,0.0,0.0
2611,"2020","Arunachal Pradesh","12","Papum Pare","237","Papum Pare Rural","1",0.0,1.0,3.0,1.0,0.0,0.0,0.0,0.0,0.0,0.0,0.0,0.0,0.0,0.0,0.0,0.0,0.0,0.0,0.0,0.0
2612,"2020","Arunachal Pradesh","12","East Siang","232","Siang East","0",0.0,0.0,0.0,0.0,0.0,0.0,0.0,0.0,0.0,0.0,0.0,0.0,0.0,0.0,0.0,0.0,0.0,0.0,0.0,0.0
2613,"2020","Arunachal Pradesh","12","Upper Siang","240","Siang Upper","0",0.0,0.0,0.0,0.0,0.0,0.0,0.0,0.0,0.0,0.0,0.0,0.0,0.0,0.0,0.0,0.0,0.0,0.0,0.0,0.0
2614,"2020","Arunachal Pradesh","12","West Siang","243","Siang West","0",0.0,0.0,0.0,0.0,0.0,0.0,0.0,0.0,0.0,0.0,0.0,0.0,0.0,0.0,0.0,0.0,0.0,0.0,0.0,0.0
2615,"2020","Arunachal Pradesh","12","Lower Subansiri","236","Subansiri Lower","0",0.0,0.0,0.0,0.0,0.0,0.0,0.0,0.0,0.0,0.0,0.0,0.0,0.0,0.0,0.0,0.0,0.0,0.0,0.0,0.0
2616,"2020","Arunachal Pradesh","12","Upper Subansiri","241","Subansiri Upper","0",0.0,0.0,0.0,0.0,0.0,0.0,0.0,0.0,0.0,0.0,0.0,0.0,0.0,0.0,0.0,0.0,0.0,0.0,0.0,0.0
2617,"2020","Arunachal Pradesh","12","Tawang","238","Tawang","0",0.0,0.0,0.0,0.0,0.0,0.0,0.0,0.0,0.0,0.0,0.0,0.0,0.0,0.0,0.0,0.0,0.0,0.0,0.0,0.0
2618,"2020","Arunachal Pradesh","12","Tirap","239","Tirap","0",0.0,0.0,0.0,0.0,0.0,0.0,0.0,0.0,0.0,0.0,0.0,0.0,0.0,0.0,0.0,0.0,0.0,0.0,0.0,0.0
2619,"2020","Arunachal Pradesh","12","Namsai","678","Namsai","0",0.0,0.0,0.0,0.0,0.0,0.0,0.0,0.0,3.0,0.0,0.0,0.0,0.0,0.0,0.0,0.0,0.0,0.0,0.0,0.0
2620,"2020","Arunachal Pradesh","12","Siang","679","Siang","0",0.0,0.0,0.0,0.0,0.0,0.0,0.0,0.0,0.0,0.0,0.0,0.0,0.0,0.0,0.0,0.0,0.0,0.0,0.0,0.0
2621,"2020","Arunachal Pradesh","12","Kamle","718","Kamle","0",0.0,0.0,0.0,0.0,0.0,0.0,0.0,0.0,0.0,0.0,0.0,0.0,0.0,0.0,0.0,0.0,0.0,0.0,0.0,0.0
2622,"2020","Arunachal Pradesh","12","Kra Daadi","677","Kra Dadi","0",0.0,0.0,0.0,0.0,0.0,0.0,0.0,0.0,0.0,0.0,0.0,0.0,0.0,0.0,0.0,0.0,0.0,0.0,0.0,0.0
2623,"2020","Arunachal Pradesh","12","Lower Siang","719","Lower Siang","0",0.0,0.0,0.0,0.0,0.0,0.0,0.0,0.0,0.0,0.0,0.0,0.0,0.0,0.0,0.0,0.0,0.0,0.0,0.0,0.0
2624,"2020","Arunachal Pradesh","12","Leparada","724","Leparada","0",0.0,0.0,0.0,0.0,0.0,0.0,0.0,0.0,0.0,0.0,0.0,0.0,0.0,0.0,0.0,0.0,0.0,0.0,0.0,0.0
2625,"2020","Arunachal Pradesh","12","Shi Yomi","725","Shiyomi","0",0.0,0.0,0.0,0.0,0.0,0.0,0.0,0.0,0.0,0.0,0.0,0.0,0.0,0.0,0.0,0.0,0.0,0.0,0.0,0.0
2626,"2020","Arunachal Pradesh","12","Pakke Kessang","723","Pakkessang","0",0.0,0.0,0.0,0.0,0.0,0.0,0.0,0.0,0.0,0.0,0.0,0.0,0.0,0.0,0.0,0.0,0.0,0.0,0.0,0.0
2627,"2020","Assam","18","Kamrup Metro","618","Bieo","0",0.0,0.0,0.0,0.0,0.0,0.0,0.0,0.0,0.0,0.0,0.0,0.0,0.0,0.0,0.0,0.0,0.0,0.0,0.0,0.0
2628,"2020","Assam","18","Barpeta","280","Barpeta","0",0.0,4.0,3.0,2.0,2.0,0.0,0.0,0.0,14.0,8.0,6.0,0.0,0.0,0.0,0.0,0.0,0.0,0.0,0.0,0.0
2629,"2020","Assam","18","Baksa","616","Baksa","0",0.0,3.0,14.0,6.0,5.0,4.0,0.0,2.0,7.0,98.0,32.0,3.0,0.0,0.0,0.0,0.0,0.0,0.0,0.0,0.0
2630,"2020","Assam","18","Bongaigaon","281","Bongaigaon","0",4.0,4.0,8.0,15.0,2.0,4.0,0.0,0.0,1.0,36.0,42.0,73.0,1.0,0.0,0.0,0.0,0.0,0.0,0.0,0.0
2631,"2020","Assam","18","Kamrup Metro","618","Cid","0",0.0,0.0,0.0,0.0,0.0,0.0,0.0,0.0,0.0,0.0,0.0,0.0,0.0,0.0,0.0,0.0,0.0,0.0,0.0,0.0
2632,"2020","Assam","18","Cachar","282","Cachar","0",45.0,15.0,10.0,12.0,1.0,0.0,1.0,56.0,40.0,30.0,6.0,3.0,0.0,0.0,0.0,0.0,0.0,0.0,0.0,0.0
2633,"2020","Assam","18","Chirang","612","Chirang","0",0.0,1.0,7.0,8.0,4.0,0.0,0.0,0.0,6.0,14.0,7.0,0.0,0.0,0.0,0.0,0.0,0.0,0.0,0.0,0.0
2634,"2020","Assam","18","Darrang","283","Darrang","0",0.0,0.0,7.0,7.0,5.0,0.0,0.0,1.0,10.0,18.0,17.0,0.0,0.0,0.0,0.0,0.0,0.0,0.0,0.0,0.0
2635,"2020","Assam","18","Dhemaji","284","Dhemaji","2",9.0,6.0,9.0,5.0,0.0,1.0,1.0,1.0,16.0,21.0,19.0,1.0,0.0,0.0,0.0,0.0,0.0,0.0,0.0,0.0
2636,"2020","Assam","18","Dhubri","285","Dhubri","1",2.0,10.0,18.0,14.0,2.0,1.0,1.0,3.0,74.0,61.0,42.0,0.0,0.0,0.0,0.0,0.0,0.0,0.0,0.0,0.0
2637,"2020","Assam","18","Dibrugarh","286","Dibrugarh","0",2.0,0.0,0.0,0.0,0.0,0.0,0.0,5.0,1.0,0.0,0.0,0.0,0.0,0.0,0.0,0.0,0.0,0.0,0.0,0.0
2638,"2020","Assam","18","Kamrup Metro","618","Grp","0",1.0,0.0,0.0,0.0,0.0,0.0,0.0,1.0,3.0,0.0,0.0,0.0,0.0,0.0,0.0,0.0,0.0,0.0,0.0,0.0
2639,"2020","Assam","18","Goalpara","287","Goalpara","0",0.0,0.0,0.0,0.0,0.0,0.0,0.0,0.0,0.0,0.0,0.0,0.0,0.0,0.0,0.0,0.0,0.0,0.0,0.0,0.0
2640,"2020","Assam","18","Golaghat","288","Golaghat","0",5.0,6.0,10.0,11.0,1.0,0.0,0.0,0.0,13.0,33.0,112.0,54.0,3.0,0.0,0.0,0.0,0.0,0.0,0.0,0.0
2641,"2020","Assam","18","Kamrup Metro","618","Guwahati City","1",25.0,43.0,127.0,132.0,66.0,27.0,3.0,17.0,70.0,290.0,182.0,30.0,5.0,0.0,0.0,0.0,0.0,0.0,0.0,0.0
2642,"2020","Assam","18","Hailakandi","289","Hailakandi","0",1.0,1.0,7.0,11.0,5.0,1.0,0.0,0.0,22.0,68.0,33.0,2.0,1.0,0.0,0.0,0.0,0.0,0.0,0.0,0.0
2643,"2020","Assam","18","West Karbi Anglong","710","Hamren","0",0.0,0.0,1.0,2.0,1.0,0.0,0.0,0.0,1.0,8.0,3.0,0.0,0.0,0.0,0.0,0.0,0.0,0.0,0.0,0.0
2644,"2020","Assam","18","Jorhat","290","Jorhat","0",10.0,5.0,0.0,0.0,0.0,0.0,0.0,11.0,31.0,0.0,0.0,0.0,0.0,0.0,0.0,0.0,0.0,0.0,0.0,0.0
2645,"2020","Assam","18","Kamrup","291","Kamrup","0",1.0,3.0,27.0,30.0,10.0,8.0,1.0,4.0,20.0,68.0,82.0,18.0,1.0,0.0,0.0,0.0,0.0,0.0,0.0,0.0
2646,"2020","Assam","18","Karbi Anglong","292","Karbi Anglong","0",0.0,0.0,0.0,0.0,0.0,0.0,0.0,0.0,0.0,0.0,0.0,0.0,0.0,0.0,0.0,0.0,0.0,0.0,0.0,0.0
2647,"2020","Assam","18","Karimganj","293","Karimganj","0",0.0,0.0,37.0,0.0,0.0,0.0,0.0,1.0,3.0,67.0,9.0,0.0,0.0,0.0,0.0,0.0,0.0,0.0,0.0,0.0
2648,"2020","Assam","18","Kokrajhar","294","Kokrajhar","0",0.0,3.0,18.0,3.0,0.0,0.0,0.0,0.0,35.0,44.0,9.0,0.0,0.0,0.0,0.0,0.0,0.0,0.0,0.0,0.0
2649,"2020","Assam","18","Lakhimpur","295","Lakhimpur","1",6.0,2.0,6.0,16.0,2.0,3.0,0.0,11.0,30.0,64.0,52.0,6.0,2.0,0.0,0.0,0.0,0.0,0.0,0.0,0.0
2650,"2020","Assam","18","Marigaon","296","Morigaon","0",0.0,0.0,0.0,0.0,0.0,0.0,0.0,0.0,0.0,0.0,0.0,0.0,0.0,0.0,0.0,0.0,0.0,0.0,0.0,0.0
2651,"2020","Assam","18","Dima Hasao","299","Dima Hasao","0",0.0,0.0,6.0,5.0,1.0,1.0,0.0,0.0,0.0,5.0,2.0,0.0,0.0,0.0,0.0,0.0,0.0,0.0,0.0,0.0
2652,"2020","Assam","18","Nagaon","297","Nagaon","0",0.0,0.0,0.0,0.0,0.0,0.0,0.0,0.0,0.0,0.0,0.0,0.0,0.0,0.0,0.0,0.0,0.0,0.0,0.0,0.0
2653,"2020","Assam","18","Nalbari","298","Nalbari","0",0.0,0.0,0.0,0.0,0.0,0.0,0.0,0.0,0.0,0.0,0.0,0.0,0.0,0.0,0.0,0.0,0.0,0.0,0.0,0.0
2654,"2020","Assam","18","Kamrup Metro","618","Rpo","0",0.0,0.0,0.0,0.0,0.0,0.0,0.0,0.0,0.0,0.0,0.0,0.0,0.0,0.0,0.0,0.0,0.0,0.0,0.0,0.0
2655,"2020","Assam","18","Kamrup Metro","618","Sou","0",0.0,0.0,0.0,0.0,0.0,0.0,0.0,0.0,0.0,0.0,0.0,0.0,0.0,0.0,0.0,0.0,0.0,0.0,0.0,0.0
2656,"2020","Assam","18","Kamrup Metro","618","Stf","0",0.0,0.0,0.0,0.0,0.0,0.0,0.0,0.0,0.0,0.0,0.0,0.0,0.0,0.0,0.0,0.0,0.0,0.0,0.0,0.0
2657,"2020","Assam","18","Sivasagar","300","Sibsagar","0",1.0,0.0,1.0,0.0,0.0,0.0,0.0,1.0,0.0,0.0,0.0,0.0,0.0,0.0,0.0,0.0,0.0,0.0,0.0,0.0
2658,"2020","Assam","18","Sonitpur","301","Sonitpur","0",0.0,0.0,0.0,0.0,0.0,0.0,0.0,0.0,0.0,0.0,0.0,0.0,0.0,0.0,0.0,0.0,0.0,0.0,0.0,0.0
2659,"2020","Assam","18","Tinsukia","302","Tinsukia","0",1.0,2.0,7.0,7.0,5.0,0.0,0.0,1.0,4.0,16.0,17.0,4.0,1.0,0.0,0.0,0.0,0.0,0.0,0.0,0.0
2660,"2020","Assam","18","Udalguri","617","Udalguri","0",0.0,0.0,0.0,0.0,0.0,0.0,0.0,0.0,0.0,0.0,0.0,0.0,0.0,0.0,0.0,0.0,0.0,0.0,0.0,0.0
2661,"2020","Assam","18","Tinsukia","302","Sadia","0",2.0,5.0,3.0,11.0,8.0,0.0,0.0,1.0,5.0,15.0,17.0,0.0,1.0,0.0,0.0,0.0,0.0,0.0,0.0,0.0
2662,"2020","Assam","18","Majuli","706","Majuli","0",0.0,3.0,2.0,1.0,0.0,1.0,1.0,1.0,10.0,7.0,1.0,0.0,1.0,0.0,0.0,0.0,0.0,0.0,0.0,0.0
2663,"2020","Assam","18","Biswanath","705","Biswanath","0",0.0,0.0,0.0,0.0,0.0,0.0,0.0,0.0,0.0,0.0,0.0,0.0,0.0,0.0,0.0,0.0,0.0,0.0,0.0,0.0
2664,"2020","Assam","18","Hojai","709","Hojai","0",3.0,9.0,17.0,18.0,7.0,2.0,0.0,19.0,47.0,68.0,47.0,6.0,1.0,0.0,0.0,0.0,0.0,0.0,0.0,0.0
2665,"2020","Assam","18","South Salmara Mancachar","707","South Salmara","0",1.0,1.0,1.0,16.0,0.0,0.0,1.0,0.0,4.0,18.0,7.0,0.0,0.0,0.0,0.0,0.0,0.0,0.0,0.0,0.0
2666,"2020","Assam","18","Charaideo","708","Charaideo","0",1.0,3.0,10.0,14.0,4.0,0.0,0.0,0.0,8.0,52.0,22.0,2.0,0.0,0.0,0.0,3.0,1.0,0.0,1.0,0.0
2667,"2020","Bihar","10","Araria","188","Araria","3",4.0,4.0,3.0,5.0,0.0,3.0,6.0,13.0,56.0,48.0,25.0,15.0,3.0,0.0,0.0,0.0,0.0,0.0,0.0,0.0
2668,"2020","Bihar","10","Arwal","611","Arwal","1",3.0,1.0,3.0,0.0,0.0,0.0,0.0,3.0,10.0,3.0,1.0,0.0,0.0,0.0,0.0,0.0,0.0,0.0,0.0,0.0
2669,"2020","Bihar","10","Aurangabad","189","Aurangabad","1",3.0,6.0,5.0,2.0,1.0,0.0,0.0,10.0,36.0,13.0,3.0,0.0,0.0,0.0,0.0,0.0,0.0,0.0,0.0,0.0
2670,"2020","Bihar","10","Pashchim Champaran","211","Bagaha","0",1.0,3.0,1.0,1.0,0.0,0.0,0.0,39.0,31.0,17.0,4.0,1.0,0.0,0.0,0.0,0.0,0.0,0.0,0.0,0.0
2671,"2020","Bihar","10","Banka","190","Banka","1",5.0,3.0,7.0,1.0,3.0,0.0,0.0,7.0,55.0,15.0,9.0,0.0,0.0,0.0,0.0,0.0,0.0,0.0,0.0,0.0
2672,"2020","Bihar","10","Begusarai","191","Begusarai","0",0.0,0.0,0.0,0.0,0.0,0.0,0.0,0.0,0.0,0.0,0.0,0.0,0.0,0.0,0.0,0.0,0.0,0.0,0.0,0.0
2673,"2020","Bihar","10","Pashchim Champaran","211","Bettiah","0",4.0,4.0,6.0,8.0,5.0,1.0,1.0,22.0,73.0,23.0,10.0,1.0,1.0,0.0,0.0,0.0,0.0,0.0,0.0,0.0
2674,"2020","Bihar","10","Kaimur (Bhabua)","200","Bhabhua","0",1.0,7.0,2.0,0.0,1.0,0.0,0.0,9.0,34.0,14.0,4.0,1.0,0.0,0.0,0.0,0.0,0.0,0.0,0.0,0.0
2675,"2020","Bihar","10","Bhagalpur","192","Bhagalpur","2",7.0,12.0,11.0,12.0,4.0,2.0,1.0,20.0,136.0,67.0,17.0,1.0,2.0,0.0,0.0,0.0,0.0,0.0,0.0,0.0
2676,"2020","Bihar","10","Bhojpur","193","Bhojpur","3",8.0,9.0,13.0,7.0,0.0,3.0,4.0,24.0,77.0,35.0,16.0,0.0,0.0,0.0,0.0,0.0,0.0,0.0,0.0,0.0
2677,"2020","Bihar","10","Buxar","194","Buxar","4",4.0,11.0,7.0,6.0,3.0,2.0,2.0,10.0,35.0,40.0,15.0,1.0,0.0,0.0,0.0,0.0,0.0,0.0,0.0,0.0
2678,"2020","Bihar","10","Darbhanga","195","Darbhanga","1",6.0,4.0,5.0,1.0,3.0,0.0,2.0,24.0,90.0,17.0,6.0,0.0,0.0,0.0,0.0,0.0,0.0,0.0,0.0,0.0
2679,"2020","Bihar","10","Gaya","196","Gaya","6",10.0,15.0,11.0,11.0,2.0,2.0,0.0,36.0,120.0,71.0,34.0,11.0,0.0,0.0,0.0,0.0,0.0,0.0,0.0,0.0
2680,"2020","Bihar","10","Gopalganj","197","Gopalganj","0",9.0,14.0,1.0,1.0,0.0,0.0,0.0,14.0,51.0,85.0,16.0,0.0,0.0,0.0,0.0,0.0,0.0,0.0,0.0,0.0
2681,"2020","Bihar","10","Munger","207","Jamalpur Railway","0",0.0,0.0,0.0,0.0,0.0,0.0,0.0,0.0,0.0,0.0,0.0,0.0,0.0,0.0,0.0,0.0,0.0,0.0,0.0,0.0
2682,"2020","Bihar","10","Jamui","198","Jamui","0",2.0,5.0,9.0,13.0,1.0,1.0,0.0,16.0,29.0,28.0,9.0,1.0,1.0,0.0,0.0,0.0,0.0,0.0,0.0,0.0
2683,"2020","Bihar","10","Jehanabad","199","Jehanabad","1",3.0,7.0,3.0,3.0,3.0,1.0,0.0,7.0,25.0,9.0,4.0,0.0,0.0,0.0,0.0,0.0,0.0,0.0,0.0,0.0
2684,"2020","Bihar","10","Katihar","201","Katihar","0",0.0,0.0,40.0,3.0,0.0,0.0,0.0,4.0,51.0,77.0,9.0,0.0,0.0,0.0,0.0,0.0,0.0,0.0,0.0,0.0
2685,"2020","Bihar","10","Katihar","201","Katihar Railway","0",0.0,0.0,0.0,0.0,0.0,0.0,0.0,0.0,0.0,0.0,0.0,0.0,0.0,0.0,0.0,0.0,0.0,0.0,0.0,0.0
2686,"2020","Bihar","10","Khagaria","202","Khagaria","1",2.0,22.0,17.0,4.0,1.0,0.0,0.0,5.0,29.0,26.0,6.0,0.0,0.0,0.0,0.0,0.0,0.0,0.0,0.0,0.0
2687,"2020","Bihar","10","Kishanganj","203","Kishanganj","0",2.0,5.0,5.0,1.0,1.0,0.0,0.0,8.0,39.0,34.0,6.0,0.0,0.0,0.0,0.0,0.0,0.0,0.0,0.0,0.0
2688,"2020","Bihar","10","Lakhisarai","204","Lakhisarai","0",1.0,2.0,2.0,1.0,0.0,1.0,0.0,5.0,12.0,10.0,4.0,0.0,0.0,0.0,0.0,0.0,0.0,0.0,0.0,0.0
2689,"2020","Bihar","10","Madhepura","205","Madhepura","0",5.0,3.0,16.0,7.0,4.0,0.0,0.0,21.0,26.0,31.0,6.0,1.0,0.0,0.0,0.0,0.0,0.0,0.0,0.0,0.0
2690,"2020","Bihar","10","Madhubani","206","Madhubani","0",4.0,0.0,0.0,2.0,0.0,0.0,2.0,7.0,28.0,7.0,4.0,0.0,0.0,0.0,0.0,0.0,0.0,0.0,0.0,0.0
2691,"2020","Bihar","10","Purbi Champaran","213","Motihari","3",6.0,8.0,9.0,7.0,3.0,0.0,5.0,50.0,118.0,30.0,18.0,2.0,0.0,0.0,0.0,0.0,0.0,0.0,0.0,0.0
2692,"2020","Bihar","10","Munger","207","Munger","0",8.0,5.0,7.0,7.0,3.0,1.0,1.0,18.0,69.0,30.0,6.0,0.0,1.0,0.0,0.0,0.0,0.0,0.0,0.0,0.0
2693,"2020","Bihar","10","Muzaffarpur","208","Muzaffarpur","8",17.0,18.0,34.0,21.0,15.0,7.0,3.0,52.0,200.0,135.0,37.0,5.0,0.0,0.0,0.0,0.0,0.0,0.0,0.0,0.0
2694,"2020","Bihar","10","Muzaffarpur","208","Muzaffarpur Railway","0",0.0,0.0,0.0,0.0,0.0,0.0,0.0,0.0,0.0,0.0,0.0,0.0,0.0,0.0,0.0,0.0,0.0,0.0,0.0,0.0
2695,"2020","Bihar","10","Nalanda","209","Nalanda","4",18.0,21.0,22.0,14.0,8.0,2.0,1.0,242.0,166.0,80.0,24.0,4.0,2.0,0.0,0.0,0.0,0.0,0.0,0.0,0.0
2696,"2020","Bihar","10","Bhagalpur","192","Naugachia","0",0.0,0.0,0.0,0.0,0.0,0.0,0.0,0.0,0.0,0.0,0.0,0.0,0.0,0.0,0.0,0.0,0.0,0.0,0.0,0.0
2697,"2020","Bihar","10","Nawada","210","Nawadah","0",3.0,5.0,0.0,0.0,0.0,0.0,0.0,18.0,56.0,0.0,0.0,0.0,0.0,0.0,0.0,0.0,0.0,0.0,0.0,0.0
2698,"2020","Bihar","10","Patna","212","Patna","3",34.0,57.0,59.0,58.0,33.0,14.0,2.0,98.0,371.0,196.0,56.0,11.0,2.0,0.0,0.0,0.0,0.0,0.0,0.0,0.0
2699,"2020","Bihar","10","Patna","212","Patna Railway","0",1.0,0.0,0.0,1.0,1.0,0.0,0.0,0.0,2.0,0.0,0.0,0.0,0.0,0.0,0.0,0.0,0.0,0.0,0.0,0.0
2700,"2020","Bihar","10","Purnia","214","Purnea","0",6.0,7.0,5.0,6.0,3.0,0.0,0.0,30.0,57.0,55.0,27.0,2.0,0.0,0.0,0.0,0.0,0.0,0.0,0.0,0.0
2701,"2020","Bihar","10","Rohtas","215","Rohtas","3",12.0,11.0,11.0,9.0,3.0,2.0,0.0,17.0,76.0,38.0,9.0,3.0,0.0,0.0,0.0,0.0,0.0,0.0,0.0,0.0
2702,"2020","Bihar","10","Saharsa","216","Saharsa","0",4.0,1.0,4.0,3.0,2.0,1.0,0.0,11.0,32.0,26.0,10.0,0.0,0.0,0.0,0.0,0.0,0.0,0.0,0.0,0.0
2703,"2020","Bihar","10","Samastipur","217","Samastipur","0",0.0,0.0,11.0,5.0,4.0,0.0,0.0,1.0,144.0,53.0,0.0,0.0,0.0,0.0,0.0,0.0,0.0,0.0,0.0,0.0
2704,"2020","Bihar","10","Saran","218","Saran","6",19.0,15.0,16.0,16.0,9.0,7.0,6.0,42.0,181.0,74.0,8.0,7.0,2.0,0.0,0.0,0.0,0.0,0.0,0.0,0.0
2705,"2020","Bihar","10","Sheikhpura","219","Sheikhpura","0",1.0,2.0,3.0,4.0,1.0,0.0,1.0,6.0,16.0,5.0,1.0,0.0,0.0,0.0,0.0,0.0,0.0,0.0,0.0,0.0
2706,"2020","Bihar","10","Sheohar","220","Sheohar","0",0.0,0.0,2.0,0.0,0.0,0.0,0.0,0.0,14.0,18.0,12.0,0.0,0.0,0.0,0.0,0.0,0.0,0.0,0.0,0.0
2707,"2020","Bihar","10","Sitamarhi","221","Sitamarhi","0",16.0,44.0,12.0,0.0,0.0,0.0,1.0,35.0,195.0,40.0,0.0,0.0,0.0,0.0,0.0,0.0,0.0,0.0,0.0,0.0
2708,"2020","Bihar","10","Siwan","222","Siwan","0",8.0,8.0,3.0,4.0,1.0,1.0,0.0,20.0,97.0,36.0,7.0,0.0,0.0,0.0,0.0,0.0,0.0,0.0,0.0,0.0
2709,"2020","Bihar","10","Supaul","223","Supaul","1",3.0,4.0,4.0,2.0,1.0,1.0,0.0,14.0,65.0,22.0,6.0,0.0,0.0,0.0,0.0,0.0,0.0,0.0,0.0,0.0
2710,"2020","Bihar","10","Vaishali","224","Vaishali","9",14.0,16.0,28.0,9.0,6.0,6.0,8.0,37.0,251.0,53.0,22.0,0.0,0.0,0.0,0.0,0.0,0.0,0.0,0.0,0.0
2711,"2020","Bihar","10","Patna","212","Economic Offences Unit","0",0.0,0.0,0.0,0.0,0.0,0.0,0.0,0.0,0.0,0.0,0.0,0.0,0.0,0.0,0.0,0.0,0.0,0.0,0.0,0.0
2712,"2020","Bihar","10","Patna","212","Anti Terrorist Squad","0",0.0,0.0,0.0,0.0,0.0,0.0,0.0,0.0,0.0,0.0,0.0,0.0,0.0,0.0,0.0,0.0,0.0,0.0,0.0,0.0
2713,"2020","Chhattisgarh","22","Balod","646","Balod","0",1.0,14.0,33.0,25.0,20.0,12.0,0.0,3.0,29.0,176.0,59.0,9.0,4.0,0.0,0.0,0.0,0.0,0.0,0.0,0.0
2714,"2020","Chhattisgarh","22","Baloda Bazar","644","Balodbazar","0",3.0,9.0,78.0,20.0,16.0,13.0,1.0,16.0,159.0,286.0,45.0,8.0,7.0,0.0,0.0,0.0,0.0,0.0,0.0,0.0
2715,"2020","Chhattisgarh","22","Balrampur","649","Balrampur","0",1.0,15.0,14.0,16.0,3.0,0.0,0.0,9.0,51.0,82.0,16.0,0.0,0.0,0.0,0.0,0.0,0.0,0.0,0.0,0.0
2716,"2020","Chhattisgarh","22","Bemetara","650","Bemetra","1",2.0,7.0,23.0,14.0,5.0,3.0,0.0,2.0,38.0,156.0,14.0,4.0,1.0,0.0,0.0,0.0,0.0,0.0,0.0,0.0
2717,"2020","Chhattisgarh","22","Bilaspur","375","Bilaspur","1",16.0,16.0,99.0,112.0,33.0,11.0,1.0,33.0,154.0,374.0,139.0,30.0,11.0,0.0,0.0,0.0,0.0,0.0,0.0,0.0
2718,"2020","Chhattisgarh","22","Bijapur","636","Bizapur","0",3.0,1.0,10.0,5.0,3.0,0.0,0.0,2.0,9.0,13.0,7.0,0.0,1.0,0.0,0.0,0.0,0.0,0.0,0.0,0.0
2719,"2020","Chhattisgarh","22","Dantewada","376","Dantewara","0",1.0,1.0,3.0,6.0,1.0,1.0,0.0,4.0,9.0,27.0,4.0,0.0,0.0,0.0,0.0,0.0,0.0,0.0,0.0,0.0
2720,"2020","Chhattisgarh","22","Dhamtari","377","Dhamtari","0",0.0,11.0,48.0,34.0,12.0,9.0,0.0,3.0,58.0,238.0,41.0,14.0,3.0,0.0,0.0,0.0,0.0,0.0,0.0,0.0
2721,"2020","Chhattisgarh","22","Durg","378","Durg","0",7.0,34.0,126.0,89.0,42.0,29.0,0.0,12.0,149.0,482.0,126.0,20.0,9.0,0.0,0.0,0.0,0.0,0.0,0.0,0.0
2722,"2020","Chhattisgarh","22","Gariyaband","645","Gariyaband","0",0.0,4.0,28.0,10.0,4.0,1.0,0.0,0.0,38.0,127.0,17.0,0.0,3.0,0.0,0.0,0.0,0.0,0.0,0.0,0.0
2723,"2020","Chhattisgarh","22","Raipur","387","Grp Raipur","0",0.0,0.0,0.0,2.0,0.0,1.0,0.0,1.0,3.0,7.0,4.0,0.0,0.0,0.0,0.0,0.0,0.0,0.0,0.0,0.0
2724,"2020","Chhattisgarh","22","Bastar","374","Jagdalpur","0",2.0,4.0,34.0,23.0,5.0,4.0,0.0,4.0,74.0,118.0,20.0,4.0,2.0,0.0,0.0,0.0,0.0,0.0,0.0,0.0
2725,"2020","Chhattisgarh","22","Janjgir-Champa","379","Janjgir","0",10.0,11.0,47.0,36.0,27.0,7.0,0.0,11.0,133.0,286.0,80.0,13.0,3.0,0.0,0.0,0.0,0.0,0.0,0.0,0.0
2726,"2020","Chhattisgarh","22","Jashpur","380","Jashpur","0",0.0,6.0,13.0,12.0,7.0,5.0,2.0,11.0,63.0,81.0,23.0,6.0,4.0,0.0,0.0,0.0,0.0,0.0,0.0,0.0
2727,"2020","Chhattisgarh","22","Kabirdham","382","Kabirdham","1",6.0,10.0,43.0,17.0,10.0,3.0,0.0,5.0,57.0,157.0,20.0,7.0,1.0,0.0,0.0,0.0,0.0,0.0,0.0,0.0
2728,"2020","Chhattisgarh","22","Kanker","381","Kanker","0",0.0,1.0,26.0,17.0,11.0,3.0,0.0,2.0,45.0,133.0,26.0,2.0,4.0,0.0,0.0,0.0,0.0,0.0,0.0,0.0
2729,"2020","Chhattisgarh","22","Kondagaon","643","Kondagaon","1",0.0,0.0,19.0,9.0,3.0,1.0,0.0,2.0,22.0,71.0,13.0,1.0,2.0,0.0,0.0,0.0,0.0,0.0,0.0,0.0
2730,"2020","Chhattisgarh","22","Korba","383","Korba","0",10.0,10.0,35.0,56.0,25.0,8.0,0.0,10.0,76.0,170.0,101.0,10.0,3.0,0.0,0.0,0.0,0.0,0.0,0.0,0.0
2731,"2020","Chhattisgarh","22","Korea","384","Koriya","0",4.0,4.0,24.0,18.0,10.0,6.0,0.0,13.0,36.0,122.0,32.0,6.0,3.0,0.0,0.0,0.0,0.0,0.0,0.0,0.0
2732,"2020","Chhattisgarh","22","Mahasamund","385","Mahasamund","0",0.0,5.0,65.0,18.0,9.0,8.0,0.0,1.0,49.0,203.0,29.0,2.0,1.0,0.0,0.0,0.0,0.0,0.0,0.0,0.0
2733,"2020","Chhattisgarh","22","Mungeli","647","Mungali","0",0.0,8.0,22.0,13.0,10.0,7.0,0.0,2.0,48.0,123.0,20.0,7.0,0.0,0.0,0.0,0.0,0.0,0.0,0.0,0.0
2734,"2020","Chhattisgarh","22","Narayanpur","637","Narayanpur","0",2.0,1.0,2.0,0.0,1.0,0.0,1.0,1.0,10.0,11.0,3.0,0.0,0.0,0.0,0.0,0.0,0.0,0.0,0.0,0.0
2735,"2020","Chhattisgarh","22","Raigarh","386","Raigarh","0",3.0,14.0,83.0,53.0,15.0,11.0,0.0,10.0,121.0,289.0,78.0,19.0,9.0,0.0,0.0,0.0,0.0,0.0,0.0,0.0
2736,"2020","Chhattisgarh","22","Raipur","387","Raipur","0",15.0,31.0,138.0,210.0,120.0,40.0,0.0,18.0,242.0,654.0,364.0,59.0,26.0,0.0,0.0,0.0,0.0,0.0,0.0,0.0
2737,"2020","Chhattisgarh","22","Rajnandgaon","388","Rajnandgaon","0",3.0,9.0,86.0,50.0,17.0,13.0,1.0,2.0,84.0,364.0,56.0,11.0,8.0,0.0,0.0,0.0,0.0,0.0,0.0,0.0
2738,"2020","Chhattisgarh","22","Surguja","389","Sarguja","0",1.0,10.0,33.0,29.0,8.0,5.0,0.0,4.0,66.0,127.0,52.0,8.0,8.0,0.0,0.0,0.0,0.0,0.0,0.0,0.0
2739,"2020","Chhattisgarh","22","Sukma","642","Sukma","1",0.0,3.0,6.0,1.0,4.0,0.0,0.0,1.0,5.0,13.0,1.0,0.0,0.0,0.0,0.0,0.0,0.0,0.0,0.0,0.0
2740,"2020","Chhattisgarh","22","Surajpur","648","Surajpur","0",0.0,8.0,20.0,14.0,7.0,3.0,0.0,6.0,47.0,127.0,23.0,3.0,1.0,0.0,0.0,0.0,0.0,0.0,0.0,0.0
2741,"2020","Chhattisgarh","22","Gaurella Pendra Marwahi","734","Gaurela-Pendra-Marwari","0",4.0,6.0,62.0,43.0,13.0,4.0,0.0,1.0,37.0,168.0,41.0,5.0,5.0,0.0,0.0,0.0,0.0,0.0,0.0,0.0
2742,"2020","Goa","30","North Goa","551","North Goa","0",2.0,4.0,47.0,35.0,21.0,13.0,2.0,0.0,1.0,61.0,19.0,4.0,5.0,0.0,0.0,0.0,0.0,0.0,0.0,0.0
2743,"2020","Goa","30","South Goa","552","South Goa","1",2.0,0.0,36.0,43.0,26.0,24.0,0.0,1.0,2.0,65.0,13.0,8.0,9.0,0.0,0.0,0.0,0.0,0.0,0.0,0.0
2744,"2020","Goa","30","North Goa","551","Cid","0",0.0,0.0,2.0,0.0,1.0,0.0,0.0,0.0,0.0,0.0,0.0,0.0,0.0,0.0,0.0,0.0,0.0,0.0,0.0,0.0
2745,"2020","Gujarat","24","Ahmadabad","438","Ahmedabad City","2",27.0,35.0,356.0,284.0,137.0,72.0,3.0,40.0,221.0,1557.0,239.0,44.0,30.0,0.0,0.0,0.0,0.0,0.0,0.0,0.0
2746,"2020","Gujarat","24","Ahmadabad","438","Ahmedabad Rural","2",6.0,1.0,13.0,15.0,6.0,1.0,1.0,1.0,0.0,76.0,13.0,4.0,2.0,0.0,0.0,0.0,0.0,0.0,0.0,0.0
2747,"2020","Gujarat","24","Amreli","439","Amreli","0",0.0,0.0,7.0,17.0,1.0,1.0,0.0,0.0,0.0,72.0,0.0,10.0,0.0,0.0,0.0,0.0,0.0,0.0,0.0,0.0
2748,"2020","Gujarat","24","Anand","440","Anand","0",0.0,0.0,38.0,35.0,23.0,12.0,0.0,0.0,0.0,225.0,37.0,4.0,1.0,0.0,0.0,0.0,0.0,0.0,0.0,0.0
2749,"2020","Gujarat","24","Arvalli","672","Arvalli","0",0.0,0.0,48.0,12.0,8.0,0.0,0.0,0.0,0.0,143.0,26.0,0.0,0.0,0.0,0.0,0.0,0.0,0.0,0.0,0.0
2750,"2020","Gujarat","24","Banas Kantha","441","Banaskantha","0",0.0,0.0,28.0,16.0,7.0,1.0,0.0,0.0,0.0,156.0,19.0,3.0,1.0,0.0,0.0,0.0,0.0,0.0,0.0,0.0
2751,"2020","Gujarat","24","Bharuch","442","Bharuch","8",9.0,0.0,51.0,42.0,32.0,14.0,6.0,8.0,0.0,188.0,22.0,4.0,3.0,0.0,0.0,0.0,0.0,0.0,0.0,0.0
2752,"2020","Gujarat","24","Bhavnagar","443","Bhavnagar","1",0.0,5.0,35.0,10.0,1.0,1.0,2.0,0.0,5.0,109.0,13.0,0.0,0.0,0.0,0.0,0.0,0.0,0.0,0.0,0.0
2753,"2020","Gujarat","24","Botad","676","Botad","0",0.0,1.0,5.0,7.0,0.0,0.0,0.0,2.0,14.0,52.0,11.0,1.0,1.0,0.0,0.0,0.0,0.0,0.0,0.0,0.0
2754,"2020","Gujarat","24","Chhotaudepur","668","Chhotaudepur","1",2.0,0.0,10.0,13.0,4.0,4.0,0.0,1.0,2.0,4.0,4.0,3.0,2.0,0.0,0.0,0.0,0.0,0.0,0.0,0.0
2755,"2020","Gujarat","24","Gandhinagar","446","Cid Crime","0",0.0,0.0,0.0,0.0,0.0,0.0,0.0,0.0,0.0,0.0,0.0,0.0,0.0,0.0,0.0,0.0,0.0,0.0,0.0,0.0
2756,"2020","Gujarat","24","Dohad","445","Dahod","0",1.0,0.0,8.0,3.0,1.0,1.0,4.0,11.0,114.0,45.0,7.0,1.0,0.0,0.0,0.0,0.0,0.0,0.0,0.0,0.0
2757,"2020","Gujarat","24","Dang","444","Dang","0",0.0,0.0,0.0,0.0,0.0,0.0,0.0,0.0,0.0,0.0,0.0,0.0,0.0,0.0,0.0,0.0,0.0,0.0,0.0,0.0
2758,"2020","Gujarat","24","Devbhumi Dwarka","674","Devbhumi Dwarka","1",0.0,0.0,11.0,9.0,4.0,1.0,0.0,0.0,0.0,44.0,1.0,0.0,0.0,0.0,0.0,0.0,0.0,0.0,0.0,0.0
2759,"2020","Gujarat","24","Gandhinagar","446","Gandhinagar","12",6.0,1.0,62.0,27.0,15.0,9.0,8.0,4.0,0.0,200.0,26.0,7.0,2.0,0.0,0.0,0.0,0.0,0.0,0.0,0.0
2760,"2020","Gujarat","24","Gir Somnath","675","Gir Somnath","2",0.0,1.0,6.0,4.0,2.0,0.0,3.0,6.0,27.0,20.0,3.0,0.0,0.0,0.0,0.0,0.0,0.0,0.0,0.0,0.0
2761,"2020","Gujarat","24","Jamnagar","447","Jamnagar","2",4.0,0.0,30.0,9.0,5.0,9.0,3.0,3.0,0.0,118.0,24.0,3.0,2.0,0.0,0.0,0.0,0.0,0.0,0.0,0.0
2762,"2020","Gujarat","24","Junagadh","448","Junagadh","0",2.0,0.0,10.0,7.0,6.0,2.0,0.0,1.0,0.0,22.0,7.0,6.0,0.0,0.0,0.0,0.0,0.0,0.0,0.0,0.0
2763,"2020","Gujarat","24","Kachchh","449","Kachchh East(G)","0",1.0,4.0,38.0,31.0,17.0,3.0,0.0,13.0,44.0,126.0,59.0,4.0,0.0,0.0,0.0,0.0,0.0,0.0,0.0,0.0
2764,"2020","Gujarat","24","Kachchh","449","Kachchh West(B)","0",1.0,0.0,29.0,28.0,10.0,5.0,0.0,5.0,32.0,149.0,20.0,5.0,1.0,0.0,0.0,0.0,0.0,0.0,0.0,0.0
2765,"2020","Gujarat","24","Kheda","450","Kheda","0",0.0,0.0,11.0,9.0,7.0,4.0,0.0,0.0,0.0,69.0,17.0,5.0,0.0,0.0,0.0,0.0,0.0,0.0,0.0,0.0
2766,"2020","Gujarat","24","Mahisagar","669","Mahisagar","1",2.0,0.0,6.0,3.0,3.0,2.0,2.0,0.0,1.0,23.0,9.0,1.0,0.0,0.0,0.0,0.0,0.0,0.0,0.0,0.0
2767,"2020","Gujarat","24","Mahesana","451","Mehsana","1",0.0,0.0,48.0,22.0,13.0,3.0,1.0,0.0,0.0,255.0,33.0,4.0,3.0,0.0,0.0,0.0,0.0,0.0,0.0,0.0
2768,"2020","Gujarat","24","Morbi","673","Morbi","0",0.0,0.0,6.0,9.0,4.0,2.0,0.0,0.0,0.0,40.0,3.0,0.0,0.0,0.0,0.0,0.0,0.0,0.0,0.0,0.0
2769,"2020","Gujarat","24","Narmada","452","Narmada","2",0.0,0.0,4.0,4.0,1.0,0.0,0.0,1.0,0.0,9.0,4.0,1.0,0.0,0.0,0.0,0.0,0.0,0.0,0.0,0.0
2770,"2020","Gujarat","24","Navsari","453","Navsari","2",1.0,0.0,17.0,20.0,9.0,16.0,5.0,1.0,1.0,65.0,16.0,2.0,4.0,0.0,0.0,0.0,0.0,0.0,0.0,0.0
2771,"2020","Gujarat","24","Panch Mahals","454","Panchmahal","7",1.0,0.0,23.0,12.0,5.0,2.0,3.0,1.0,0.0,63.0,12.0,2.0,1.0,0.0,0.0,0.0,0.0,0.0,0.0,0.0
2772,"2020","Gujarat","24","Patan","455","Patan","1",1.0,0.0,24.0,21.0,7.0,1.0,0.0,2.0,0.0,183.0,23.0,6.0,1.0,0.0,0.0,0.0,0.0,0.0,0.0,0.0
2773,"2020","Gujarat","24","Porbandar","456","Porbandar","1",2.0,1.0,7.0,11.0,2.0,3.0,2.0,0.0,0.0,49.0,3.0,0.0,0.0,0.0,0.0,0.0,0.0,0.0,0.0,0.0
2774,"2020","Gujarat","24","Rajkot","457","Rajkot City","0",0.0,0.0,55.0,89.0,42.0,18.0,0.0,0.0,0.0,267.0,93.0,19.0,11.0,0.0,0.0,0.0,0.0,0.0,0.0,0.0
2775,"2020","Gujarat","24","Rajkot","457","Rajkot Rural","0",2.0,3.0,24.0,23.0,10.0,4.0,1.0,21.0,61.0,175.0,29.0,5.0,3.0,0.0,0.0,0.0,0.0,0.0,0.0,0.0
2776,"2020","Gujarat","24","Sabar Kantha","458","Sabarkantha","0",2.0,0.0,22.0,13.0,2.0,0.0,0.0,0.0,10.0,130.0,22.0,1.0,2.0,0.0,0.0,0.0,0.0,0.0,0.0,0.0
2777,"2020","Gujarat","24","Surat","459","Surat City","42",42.0,10.0,332.0,186.0,90.0,48.0,56.0,38.0,32.0,901.0,159.0,18.0,11.0,0.0,0.0,0.0,0.0,0.0,0.0,0.0
2778,"2020","Gujarat","24","Surat","459","Surat Rural","6",1.0,0.0,21.0,26.0,11.0,3.0,1.0,4.0,1.0,66.0,14.0,1.0,2.0,0.0,0.0,0.0,0.0,0.0,0.0,0.0
2779,"2020","Gujarat","24","Surendranagar","460","Surendranagar","1",0.0,0.0,12.0,7.0,2.0,0.0,0.0,3.0,0.0,36.0,7.0,0.0,0.0,0.0,0.0,0.0,0.0,0.0,0.0,0.0
2780,"2020","Gujarat","24","Tapi","641","Tapi","0",0.0,0.0,6.0,7.0,8.0,0.0,3.0,0.0,0.0,18.0,5.0,0.0,0.0,0.0,0.0,0.0,0.0,0.0,0.0,0.0
2781,"2020","Gujarat","24","Vadodara","461","Vadodara City","0",5.0,8.0,35.0,58.0,58.0,31.0,3.0,9.0,62.0,176.0,119.0,24.0,7.0,0.0,0.0,0.0,1.0,0.0,0.0,0.0
2782,"2020","Gujarat","24","Vadodara","461","Vadodara Rural","0",0.0,0.0,19.0,26.0,9.0,2.0,0.0,0.0,0.0,74.0,13.0,5.0,0.0,0.0,0.0,0.0,0.0,0.0,0.0,0.0
2783,"2020","Gujarat","24","Valsad","462","Valsad","4",1.0,1.0,18.0,24.0,8.0,5.0,5.0,0.0,0.0,57.0,8.0,1.0,1.0,0.0,0.0,0.0,0.0,0.0,0.0,0.0
2784,"2020","Gujarat","24","Ahmadabad","438","W.Rly Ahmedabad","0",0.0,0.0,1.0,0.0,0.0,0.0,0.0,0.0,0.0,2.0,0.0,0.0,0.0,0.0,0.0,0.0,0.0,0.0,0.0,0.0
2785,"2020","Gujarat","24","Vadodara","461","W.Rly Vadodara","0",0.0,0.0,1.0,3.0,0.0,0.0,0.0,0.0,1.0,5.0,0.0,0.0,1.0,0.0,0.0,0.0,0.0,0.0,0.0,0.0
2786,"2020","Gujarat","24","Ahmadabad","438","Cyber Ahmedabad Range","0",0.0,0.0,0.0,0.0,0.0,0.0,0.0,0.0,0.0,0.0,0.0,0.0,0.0,0.0,0.0,0.0,0.0,0.0,0.0,0.0
2787,"2020","Gujarat","24","Bhavnagar","443","Cyber Bhavnagar Range","0",0.0,0.0,0.0,0.0,0.0,0.0,0.0,0.0,0.0,0.0,0.0,0.0,0.0,0.0,0.0,0.0,0.0,0.0,0.0,0.0
2788,"2020","Gujarat","24","Cyber Border Range","9999","Cyber Border Range","0",0.0,0.0,0.0,0.0,0.0,0.0,0.0,0.0,0.0,0.0,0.0,0.0,0.0,0.0,0.0,0.0,0.0,0.0,0.0,0.0
2789,"2020","Gujarat","24","Gandhinagar","446","Cyber Gandhinagar Range","0",0.0,0.0,0.0,0.0,0.0,0.0,0.0,0.0,0.0,0.0,0.0,0.0,0.0,0.0,0.0,0.0,0.0,0.0,0.0,0.0
2790,"2020","Gujarat","24","Junagadh","448","Cyber Junagadh Range","0",0.0,0.0,0.0,0.0,0.0,0.0,0.0,0.0,0.0,0.0,0.0,0.0,0.0,0.0,0.0,0.0,0.0,0.0,0.0,0.0
2791,"2020","Gujarat","24","Panch Mahals","454","Cyber Panchmahal Range","0",0.0,0.0,0.0,0.0,0.0,0.0,0.0,0.0,0.0,0.0,0.0,0.0,0.0,0.0,0.0,0.0,0.0,0.0,0.0,0.0
2792,"2020","Gujarat","24","Rajkot","457","Cyber Rajkot Range","0",0.0,0.0,0.0,0.0,0.0,0.0,0.0,0.0,0.0,0.0,0.0,0.0,0.0,0.0,0.0,0.0,0.0,0.0,0.0,0.0
2793,"2020","Gujarat","24","Surat","459","Cyber Surat Range","0",0.0,0.0,0.0,0.0,0.0,0.0,0.0,0.0,0.0,0.0,0.0,0.0,0.0,0.0,0.0,0.0,0.0,0.0,0.0,0.0
2794,"2020","Gujarat","24","Vadodara","461","Cyber Vadodara Range","0",0.0,0.0,0.0,0.0,0.0,0.0,0.0,0.0,0.0,0.0,0.0,0.0,0.0,0.0,0.0,0.0,0.0,0.0,0.0,0.0
2795,"2020","Haryana","06","Ambala","058","Ambala","4",6.0,2.0,73.0,48.0,24.0,16.0,4.0,5.0,7.0,169.0,38.0,4.0,3.0,0.0,0.0,0.0,0.0,0.0,0.0,0.0
2796,"2020","Haryana","06","Bhiwani","059","Bhiwani","9",9.0,21.0,57.0,24.0,13.0,5.0,6.0,8.0,34.0,216.0,38.0,3.0,0.0,0.0,0.0,0.0,0.0,0.0,0.0,0.0
2797,"2020","Haryana","06","Faridabad","060","Faridabad","25",29.0,18.0,187.0,101.0,40.0,26.0,20.0,22.0,13.0,478.0,109.0,12.0,6.0,0.0,0.0,0.0,0.0,0.0,0.0,0.0
2798,"2020","Haryana","06","Fatehabad","061","Fatehabad","7",11.0,9.0,32.0,33.0,6.0,3.0,13.0,5.0,9.0,175.0,46.0,2.0,0.0,0.0,0.0,0.0,0.0,0.0,0.0,0.0
2799,"2020","Haryana","06","Ambala","058","Grp","0",0.0,0.0,2.0,1.0,0.0,0.0,0.0,0.0,1.0,2.0,4.0,0.0,0.0,0.0,0.0,0.0,0.0,0.0,0.0,0.0
2800,"2020","Haryana","06","Gurugram","062","Gurugram","0",7.0,18.0,45.0,68.0,29.0,7.0,2.0,13.0,106.0,146.0,70.0,3.0,2.0,0.0,0.0,0.0,0.0,0.0,0.0,0.0
2801,"2020","Haryana","06","Hisar","063","Hissar","0",6.0,20.0,48.0,42.0,17.0,2.0,0.0,6.0,51.0,298.0,56.0,6.0,0.0,0.0,0.0,0.0,0.0,0.0,0.0,0.0
2802,"2020","Haryana","06","Jhajjar","064","Jhajjar","0",6.0,16.0,75.0,39.0,5.0,2.0,0.0,1.0,22.0,119.0,107.0,7.0,3.0,0.0,0.0,0.0,0.0,0.0,0.0,0.0
2803,"2020","Haryana","06","Jind","065","Jind","8",8.0,22.0,45.0,33.0,26.0,7.0,9.0,9.0,47.0,177.0,36.0,2.0,3.0,0.0,0.0,0.0,0.0,0.0,0.0,0.0
2804,"2020","Haryana","06","Kaithal","066","Kaithal","2",5.0,13.0,45.0,28.0,21.0,7.0,5.0,1.0,7.0,79.0,26.0,6.0,2.0,0.0,0.0,0.0,0.0,0.0,0.0,0.0
2805,"2020","Haryana","06","Karnal","067","Karnal","0",4.0,11.0,34.0,33.0,18.0,9.0,2.0,3.0,12.0,73.0,37.0,4.0,1.0,0.0,0.0,0.0,0.0,0.0,0.0,0.0
2806,"2020","Haryana","06","Kurukshetra","068","Kurukshetra","5",4.0,1.0,100.0,70.0,7.0,1.0,4.0,7.0,41.0,120.0,111.0,5.0,0.0,0.0,0.0,0.0,0.0,0.0,0.0,0.0
2807,"2020","Haryana","06","Mahendragarh","069","Mahendergarh","8",5.0,11.0,23.0,13.0,5.0,4.0,9.0,4.0,29.0,169.0,25.0,1.0,0.0,0.0,0.0,0.0,0.0,0.0,0.0,0.0
2808,"2020","Haryana","06","Nuh","604","Nuh","3",5.0,4.0,18.0,6.0,2.0,2.0,1.0,7.0,3.0,27.0,17.0,0.0,0.0,0.0,0.0,0.0,0.0,0.0,0.0,0.0
2809,"2020","Haryana","06","Palwal","619","Palwal","2",6.0,13.0,42.0,21.0,9.0,4.0,4.0,6.0,48.0,116.0,17.0,2.0,1.0,0.0,0.0,0.0,0.0,0.0,0.0,0.0
2810,"2020","Haryana","06","Panchkula","070","Panchkula","0",2.0,9.0,22.0,22.0,8.0,6.0,0.0,3.0,38.0,148.0,19.0,2.0,0.0,0.0,0.0,0.0,0.0,0.0,0.0,0.0
2811,"2020","Haryana","06","Panipat","071","Panipat","11",23.0,33.0,77.0,82.0,44.0,16.0,13.0,31.0,169.0,139.0,98.0,26.0,3.0,0.0,0.0,0.0,0.0,0.0,0.0,0.0
2812,"2020","Haryana","06","Rewari","072","Rewari","7",13.0,16.0,53.0,35.0,15.0,8.0,9.0,15.0,46.0,200.0,41.0,1.0,3.0,0.0,0.0,0.0,0.0,0.0,0.0,0.0
2813,"2020","Haryana","06","Rohtak","073","Rohtak","0",7.0,30.0,116.0,75.0,33.0,11.0,0.0,5.0,45.0,284.0,53.0,12.0,4.0,0.0,0.0,0.0,0.0,0.0,0.0,0.0
2814,"2020","Haryana","06","Sirsa","074","Sirsa","0",6.0,12.0,38.0,37.0,10.0,8.0,0.0,8.0,87.0,292.0,50.0,4.0,3.0,0.0,0.0,0.0,0.0,0.0,0.0,0.0
2815,"2020","Haryana","06","Sonipat","075","Sonipat","5",18.0,39.0,79.0,51.0,22.0,18.0,4.0,7.0,67.0,276.0,67.0,6.0,8.0,0.0,0.0,0.0,0.0,0.0,0.0,0.0
2816,"2020","Haryana","06","Yamunanagar","076","Yamunanagar","9",15.0,23.0,71.0,60.0,29.0,13.0,7.0,18.0,47.0,220.0,64.0,8.0,5.0,0.0,0.0,0.0,0.0,0.0,0.0,0.0
2817,"2020","Haryana","06","Gurugram","062","Irrigation And Power","0",0.0,0.0,0.0,0.0,0.0,0.0,0.0,0.0,0.0,0.0,0.0,0.0,0.0,0.0,0.0,0.0,0.0,0.0,0.0,0.0
2818,"2020","Haryana","06","Charki Dadri","701","Charkhi Dadri","0",3.0,5.0,9.0,12.0,8.0,4.0,0.0,1.0,8.0,80.0,21.0,1.0,0.0,0.0,0.0,0.0,0.0,0.0,0.0,0.0
2819,"2020","Haryana","06","Hisar","063","Hansi","0",3.0,5.0,27.0,20.0,7.0,0.0,0.0,0.0,13.0,115.0,15.0,3.0,1.0,0.0,0.0,0.0,0.0,0.0,0.0,0.0
2820,"2020","Himachal Pradesh","02","Solan","025","Baddi","0",5.0,1.0,20.0,10.0,3.0,2.0,0.0,5.0,15.0,170.0,11.0,3.0,0.0,0.0,0.0,0.0,0.0,0.0,0.0,0.0
2821,"2020","Himachal Pradesh","02","Bilaspur","015","Bilaspur","0",1.0,2.0,13.0,12.0,10.0,3.0,0.0,1.0,20.0,84.0,19.0,1.0,1.0,0.0,0.0,0.0,0.0,0.0,0.0,0.0
2822,"2020","Himachal Pradesh","02","Chamba","016","Chamba","0",0.0,1.0,12.0,15.0,5.0,2.0,0.0,0.0,16.0,37.0,12.0,0.0,0.0,0.0,0.0,0.0,0.0,0.0,0.0,0.0
2823,"2020","Himachal Pradesh","02","Shimla","023","Cid","0",0.0,0.0,0.0,0.0,0.0,0.0,0.0,0.0,0.0,0.0,0.0,0.0,0.0,0.0,0.0,0.0,0.0,0.0,0.0,0.0
2824,"2020","Himachal Pradesh","02","Shimla","023","Grp","0",0.0,0.0,0.0,0.0,0.0,0.0,0.0,0.0,0.0,0.0,0.0,0.0,0.0,0.0,0.0,0.0,0.0,0.0,0.0,0.0
2825,"2020","Himachal Pradesh","02","Hamirpur","017","Hamirpur","0",4.0,1.0,11.0,11.0,9.0,1.0,0.0,0.0,7.0,48.0,11.0,2.0,2.0,0.0,0.0,0.0,0.0,0.0,0.0,0.0
2826,"2020","Himachal Pradesh","02","Kangra","018","Kangra","0",1.0,2.0,22.0,10.0,8.0,5.0,0.0,0.0,5.0,58.0,11.0,1.0,0.0,0.0,0.0,0.0,0.0,0.0,0.0,0.0
2827,"2020","Himachal Pradesh","02","Kinnaur","019","Kinnaur","0",1.0,0.0,9.0,8.0,3.0,1.0,0.0,0.0,6.0,11.0,7.0,1.0,2.0,0.0,0.0,0.0,0.0,0.0,0.0,0.0
2828,"2020","Himachal Pradesh","02","Kullu","020","Kullu","0",4.0,3.0,15.0,13.0,2.0,5.0,0.0,0.0,10.0,31.0,18.0,3.0,4.0,0.0,0.0,0.0,0.0,0.0,0.0,0.0
2829,"2020","Himachal Pradesh","02","Lahul And Spiti","021","Lahaul And Spiti","0",0.0,0.0,2.0,0.0,0.0,1.0,0.0,0.0,0.0,3.0,1.0,0.0,1.0,0.0,0.0,0.0,0.0,0.0,0.0,0.0
2830,"2020","Himachal Pradesh","02","Mandi","022","Mandi","0",3.0,8.0,25.0,24.0,10.0,6.0,0.0,2.0,54.0,125.0,36.0,5.0,0.0,0.0,0.0,0.0,0.0,0.0,0.0,0.0
2831,"2020","Himachal Pradesh","02","Shimla","023","Shimla","0",8.0,8.0,1.0,1.0,0.0,0.0,0.0,12.0,34.0,6.0,1.0,0.0,0.0,0.0,0.0,0.0,0.0,0.0,0.0,0.0
2832,"2020","Himachal Pradesh","02","Sirmaur","024","Sirmaur","1",3.0,1.0,16.0,10.0,9.0,3.0,2.0,3.0,10.0,54.0,19.0,2.0,0.0,0.0,0.0,0.0,0.0,0.0,0.0,0.0
2833,"2020","Himachal Pradesh","02","Solan","025","Solan","0",0.0,4.0,9.0,7.0,5.0,0.0,0.0,3.0,14.0,41.0,14.0,2.0,0.0,0.0,0.0,0.0,0.0,0.0,0.0,0.0
2834,"2020","Himachal Pradesh","02","Una","026","Una","0",1.0,0.0,2.0,10.0,3.0,0.0,0.0,1.0,5.0,7.0,5.0,0.0,0.0,0.0,0.0,0.0,0.0,0.0,0.0,0.0
2835,"2020","Himachal Pradesh","02","Shimla","023","Cyber","0",0.0,0.0,0.0,0.0,0.0,0.0,0.0,0.0,0.0,0.0,0.0,0.0,0.0,0.0,0.0,0.0,0.0,0.0,0.0,0.0
2836,"2020","Jammu And Kashmir","01","Anantnag","001","Anantnag","0",0.0,0.0,28.0,5.0,4.0,2.0,0.0,0.0,16.0,27.0,10.0,0.0,0.0,0.0,0.0,0.0,0.0,0.0,0.0,0.0
2837,"2020","Jammu And Kashmir","01","Pulwama","011","Awantipora","0",0.0,0.0,34.0,3.0,1.0,0.0,0.0,0.0,0.0,3.0,2.0,0.0,0.0,0.0,0.0,0.0,0.0,0.0,0.0,0.0
2838,"2020","Jammu And Kashmir","01","Bandipora","623","Bandipora","0",0.0,5.0,6.0,6.0,1.0,0.0,0.0,0.0,2.0,10.0,3.0,0.0,1.0,0.0,0.0,0.0,0.0,0.0,0.0,0.0
2839,"2020","Jammu And Kashmir","01","Baramulla","003","Baramulla","0",0.0,0.0,0.0,0.0,0.0,0.0,0.0,5.0,25.0,37.0,0.0,0.0,0.0,0.0,0.0,0.0,0.0,0.0,0.0,0.0
2840,"2020","Jammu And Kashmir","01","Budgam","002","Budgam","0",1.0,0.0,16.0,2.0,2.0,0.0,0.0,0.0,0.0,25.0,8.0,0.0,0.0,0.0,0.0,0.0,0.0,0.0,0.0,0.0
2841,"2020","Jammu And Kashmir","01","Jammu","005","Crime Jammu","0",0.0,0.0,0.0,0.0,0.0,0.0,0.0,0.0,0.0,0.0,0.0,0.0,0.0,0.0,0.0,0.0,0.0,0.0,0.0,0.0
2842,"2020","Jammu And Kashmir","01","Jammu","005","Crime Srinagar","0",0.0,0.0,0.0,0.0,0.0,0.0,0.0,0.0,0.0,0.0,0.0,0.0,0.0,0.0,0.0,0.0,0.0,0.0,0.0,0.0
2843,"2020","Jammu And Kashmir","01","Doda","004","Doda","0",0.0,2.0,10.0,9.0,4.0,0.0,0.0,0.0,0.0,38.0,20.0,10.0,0.0,0.0,0.0,0.0,0.0,0.0,0.0,0.0
2844,"2020","Jammu And Kashmir","01","Ganderbal","626","Ganderbal","1",0.0,1.0,15.0,5.0,3.0,0.0,0.0,0.0,0.0,24.0,13.0,2.0,0.0,0.0,0.0,0.0,0.0,0.0,0.0,0.0
2845,"2020","Jammu And Kashmir","01","Kupwara","008","Handwara","0",1.0,0.0,7.0,0.0,0.0,0.0,0.0,1.0,4.0,8.0,2.0,0.0,0.0,0.0,0.0,0.0,0.0,0.0,0.0,0.0
2846,"2020","Jammu And Kashmir","01","Jammu","005","Jammu","0",0.0,0.0,65.0,32.0,36.0,3.0,0.0,0.0,0.0,202.0,33.0,22.0,0.0,0.0,0.0,0.0,0.0,0.0,0.0,0.0
2847,"2020","Jammu And Kashmir","01","Kathua","007","Kathua","1",4.0,1.0,14.0,16.0,5.0,0.0,3.0,5.0,19.0,89.0,44.0,2.0,0.0,0.0,0.0,0.0,0.0,0.0,0.0,0.0
2848,"2020","Jammu And Kashmir","01","Kishtwar","620","Kishtwar","0",0.0,0.0,2.0,1.0,1.0,0.0,0.0,0.0,0.0,29.0,3.0,1.0,1.0,0.0,0.0,0.0,0.0,0.0,0.0,0.0
2849,"2020","Jammu And Kashmir","01","Kulgam","622","Kulgam","0",0.0,1.0,31.0,1.0,2.0,0.0,0.0,0.0,4.0,12.0,2.0,0.0,0.0,0.0,0.0,0.0,0.0,0.0,0.0,0.0
2850,"2020","Jammu And Kashmir","01","Kupwara","008","Kupwara","0",1.0,1.0,9.0,5.0,2.0,1.0,0.0,0.0,5.0,33.0,10.0,3.0,1.0,0.0,0.0,0.0,0.0,0.0,0.0,0.0
2851,"2020","Jammu And Kashmir","01","Poonch","010","Poonch","1",0.0,2.0,7.0,4.0,0.0,0.0,1.0,3.0,12.0,50.0,11.0,0.0,0.0,0.0,0.0,0.0,0.0,0.0,0.0,0.0
2852,"2020","Jammu And Kashmir","01","Pulwama","011","Pulwama","0",0.0,0.0,14.0,2.0,2.0,0.0,0.0,0.0,0.0,6.0,2.0,2.0,0.0,0.0,0.0,0.0,0.0,0.0,0.0,0.0
2853,"2020","Jammu And Kashmir","01","Jammu","005","Railways Jammu","0",0.0,0.0,0.0,1.0,0.0,0.0,0.0,0.0,0.0,0.0,0.0,0.0,0.0,0.0,0.0,0.0,0.0,0.0,0.0,0.0
2854,"2020","Jammu And Kashmir","01","Jammu","005","Railways Kashmir","0",0.0,0.0,0.0,0.0,0.0,0.0,0.0,0.0,0.0,0.0,0.0,0.0,0.0,0.0,0.0,0.0,0.0,0.0,0.0,0.0
2855,"2020","Jammu And Kashmir","01","Reasi","627","Railways Katra","0",0.0,0.0,0.0,0.0,0.0,0.0,0.0,0.0,0.0,0.0,0.0,0.0,0.0,0.0,0.0,0.0,0.0,0.0,0.0,0.0
2856,"2020","Jammu And Kashmir","01","Rajouri","012","Rajouri","0",1.0,4.0,7.0,3.0,0.0,0.0,0.0,1.0,5.0,61.0,11.0,2.0,0.0,0.0,0.0,0.0,0.0,0.0,0.0,0.0
2857,"2020","Jammu And Kashmir","01","Ramban","621","Ramban","0",0.0,0.0,3.0,2.0,1.0,2.0,0.0,0.0,1.0,28.0,11.0,0.0,0.0,0.0,0.0,0.0,0.0,0.0,0.0,0.0
2858,"2020","Jammu And Kashmir","01","Reasi","627","Reasi","0",0.0,0.0,7.0,3.0,1.0,0.0,0.0,0.0,0.0,44.0,15.0,1.0,0.0,0.0,0.0,0.0,0.0,0.0,0.0,0.0
2859,"2020","Jammu And Kashmir","01","Samba","624","Samba","0",2.0,0.0,20.0,5.0,5.0,3.0,1.0,0.0,4.0,24.0,10.0,3.0,1.0,0.0,0.0,0.0,0.0,0.0,0.0,0.0
2860,"2020","Jammu And Kashmir","01","Shopian","625","Shopian","0",0.0,10.0,28.0,5.0,0.0,0.0,0.0,0.0,8.0,20.0,5.0,0.0,0.0,0.0,0.0,0.0,0.0,0.0,0.0,0.0
2861,"2020","Jammu And Kashmir","01","Baramulla","003","Sopore","0",0.0,6.0,12.0,3.0,0.0,0.0,0.0,0.0,22.0,35.0,10.0,0.0,0.0,0.0,0.0,0.0,0.0,0.0,0.0,0.0
2862,"2020","Jammu And Kashmir","01","Srinagar","013","Srinagar","0",4.0,0.0,49.0,29.0,13.0,10.0,0.0,5.0,0.0,54.0,29.0,11.0,3.0,0.0,0.0,0.0,0.0,0.0,0.0,0.0
2863,"2020","Jammu And Kashmir","01","Udhampur","014","Udhampur","5",2.0,6.0,11.0,6.0,4.0,2.0,2.0,3.0,10.0,45.0,9.0,4.0,0.0,0.0,0.0,0.0,0.0,0.0,0.0,0.0
2864,"2020","Jharkhand","20","Bokaro","322","Bokaro","0",0.0,11.0,0.0,0.0,0.0,0.0,0.0,0.0,14.0,0.0,0.0,0.0,0.0,0.0,0.0,0.0,0.0,0.0,0.0,0.0
2865,"2020","Jharkhand","20","West Singhbhum","343","Chaibasa","0",0.0,0.0,0.0,0.0,0.0,0.0,0.0,0.0,2.0,0.0,0.0,0.0,0.0,0.0,0.0,0.0,0.0,0.0,0.0,0.0
2866,"2020","Jharkhand","20","Chatra","323","Chatra","0",7.0,2.0,2.0,3.0,1.0,2.0,0.0,0.0,6.0,10.0,3.0,0.0,1.0,0.0,0.0,0.0,0.0,0.0,0.0,0.0
2867,"2020","Jharkhand","20","Deoghar","324","Deoghar","0",3.0,3.0,4.0,0.0,0.0,1.0,0.0,0.0,1.0,2.0,2.0,0.0,0.0,0.0,0.0,0.0,0.0,0.0,0.0,0.0
2868,"2020","Jharkhand","20","Dhanbad","325","Dhanbad","0",0.0,1.0,1.0,1.0,0.0,0.0,0.0,0.0,1.0,1.0,0.0,0.0,0.0,0.0,0.0,0.0,0.0,0.0,0.0,0.0
2869,"2020","Jharkhand","20","Dhanbad","325","Dhanbad Railway","1",0.0,1.0,1.0,2.0,0.0,0.0,0.0,0.0,0.0,1.0,0.0,0.0,0.0,0.0,0.0,0.0,0.0,0.0,0.0,0.0
2870,"2020","Jharkhand","20","Dumka","326","Dumka","0",5.0,6.0,2.0,1.0,1.0,0.0,0.0,2.0,7.0,5.0,2.0,0.0,0.0,0.0,0.0,0.0,0.0,0.0,0.0,0.0
2871,"2020","Jharkhand","20","Garhwa","328","Garhwa","0",1.0,4.0,0.0,0.0,0.0,0.0,0.0,0.0,19.0,0.0,0.0,0.0,0.0,0.0,0.0,0.0,0.0,0.0,0.0,0.0
2872,"2020","Jharkhand","20","Giridih","329","Giridih","0",0.0,0.0,0.0,0.0,0.0,0.0,0.0,0.0,0.0,0.0,0.0,0.0,0.0,0.0,0.0,0.0,0.0,0.0,0.0,0.0
2873,"2020","Jharkhand","20","Godda","330","Godda","0",0.0,1.0,0.0,0.0,0.0,0.0,0.0,0.0,2.0,0.0,0.0,0.0,0.0,0.0,0.0,0.0,0.0,0.0,0.0,0.0
2874,"2020","Jharkhand","20","Gumla","331","Gumla","0",0.0,4.0,0.0,0.0,0.0,0.0,0.0,0.0,2.0,2.0,0.0,0.0,0.0,0.0,0.0,0.0,0.0,0.0,0.0,0.0
2875,"2020","Jharkhand","20","Hazaribagh","332","Hazaribagh","0",2.0,8.0,7.0,7.0,1.0,1.0,0.0,0.0,15.0,28.0,4.0,2.0,0.0,0.0,0.0,0.0,0.0,0.0,0.0,0.0
2876,"2020","Jharkhand","20","East Singhbum","327","Jamshedpur","0",3.0,2.0,14.0,14.0,4.0,0.0,0.0,2.0,4.0,19.0,11.0,1.0,2.0,0.0,0.0,0.0,0.0,0.0,0.0,0.0
2877,"2020","Jharkhand","20","East Singhbum","327","Jamshedpur Railway","0",0.0,0.0,1.0,3.0,1.0,0.0,0.0,0.0,0.0,1.0,1.0,0.0,0.0,0.0,0.0,0.0,0.0,0.0,0.0,0.0
2878,"2020","Jharkhand","20","Jamtara","333","Jamtara","0",3.0,11.0,0.0,0.0,0.0,0.0,0.0,5.0,16.0,0.0,0.0,0.0,0.0,0.0,0.0,0.0,0.0,0.0,0.0,0.0
2879,"2020","Jharkhand","20","Khunti","606","Khunti","0",3.0,2.0,2.0,0.0,0.0,0.0,0.0,3.0,7.0,3.0,0.0,0.0,0.0,0.0,0.0,0.0,0.0,0.0,0.0,0.0
2880,"2020","Jharkhand","20","Koderma","334","Koderma","0",0.0,0.0,0.0,0.0,0.0,0.0,0.0,0.0,0.0,0.0,0.0,0.0,0.0,0.0,0.0,0.0,0.0,0.0,0.0,0.0
2881,"2020","Jharkhand","20","Latehar","335","Latehar","0",1.0,2.0,2.0,2.0,1.0,0.0,1.0,0.0,5.0,0.0,1.0,1.0,1.0,0.0,0.0,0.0,0.0,0.0,0.0,0.0
2882,"2020","Jharkhand","20","Lohardaga","336","Lohardagga","0",4.0,3.0,0.0,0.0,0.0,0.0,0.0,11.0,14.0,0.0,0.0,0.0,0.0,0.0,0.0,0.0,0.0,0.0,0.0,0.0
2883,"2020","Jharkhand","20","Pakur","337","Pakur","0",0.0,0.0,0.0,0.0,0.0,0.0,0.0,0.0,1.0,0.0,0.0,0.0,0.0,0.0,0.0,0.0,0.0,0.0,0.0,0.0
2884,"2020","Jharkhand","20","Palamu","338","Palamu","0",5.0,5.0,11.0,1.0,0.0,3.0,0.0,5.0,7.0,24.0,4.0,1.0,0.0,0.0,0.0,0.0,0.0,0.0,0.0,0.0
2885,"2020","Jharkhand","20","Ramgarh","607","Ramgarh","0",1.0,1.0,2.0,3.0,0.0,1.0,0.0,4.0,1.0,6.0,1.0,0.0,0.0,0.0,0.0,0.0,0.0,0.0,0.0,0.0
2886,"2020","Jharkhand","20","Ranchi","339","Ranchi","0",5.0,6.0,23.0,14.0,9.0,4.0,0.0,1.0,10.0,47.0,13.0,2.0,2.0,0.0,0.0,0.0,0.0,0.0,0.0,0.0
2887,"2020","Jharkhand","20","Sahebganj","340","Sahebganj","0",0.0,1.0,0.0,0.0,0.0,0.0,0.0,0.0,2.0,2.0,0.0,0.0,0.0,0.0,0.0,0.0,0.0,0.0,0.0,0.0
2888,"2020","Jharkhand","20","Saraikela Kharsawan","341","Saraikela","0",13.0,2.0,0.0,0.0,0.0,0.0,0.0,0.0,0.0,0.0,0.0,0.0,0.0,0.0,0.0,0.0,0.0,0.0,0.0,0.0
2889,"2020","Jharkhand","20","Simdega","342","Simdega","0",5.0,0.0,0.0,0.0,0.0,0.0,0.0,32.0,0.0,0.0,0.0,0.0,0.0,0.0,0.0,0.0,0.0,0.0,0.0,0.0
2890,"2020","Karnataka","29","Bagalkote","524","Bagalkot","0",0.0,1.0,2.0,18.0,19.0,6.0,2.0,0.0,0.0,63.0,24.0,15.0,2.0,0.0,0.0,0.0,0.0,0.0,0.0,0.0
2891,"2020","Karnataka","29","Bengaluru Urban","525","Bengaluru City","68",53.0,3.0,297.0,577.0,326.0,182.0,67.0,83.0,5.0,1580.0,560.0,111.0,72.0,0.0,0.0,0.0,0.0,0.0,0.0,0.0
2892,"2020","Karnataka","29","Bengaluru Urban","525","Bengaluru District","12",15.0,0.0,51.0,76.0,61.0,27.0,14.0,21.0,1.0,411.0,144.0,24.0,14.0,0.0,0.0,0.0,0.0,0.0,0.0,0.0
2893,"2020","Karnataka","29","Belagavi","527","Belagavi District","8",8.0,0.0,26.0,41.0,21.0,13.0,11.0,8.0,0.0,148.0,67.0,6.0,5.0,0.0,0.0,0.0,0.0,0.0,0.0,0.0
2894,"2020","Karnataka","29","Ballari","528","Ballari","9",5.0,1.0,46.0,30.0,19.0,12.0,3.0,5.0,12.0,140.0,21.0,3.0,6.0,0.0,0.0,0.0,0.0,0.0,0.0,0.0
2895,"2020","Karnataka","29","Bidar","529","Bidar","2",3.0,7.0,12.0,15.0,4.0,0.0,0.0,6.0,5.0,35.0,25.0,19.0,6.0,0.0,0.0,0.0,0.0,0.0,0.0,0.0
2896,"2020","Karnataka","29","Vijayapura","530","Vijayapura","1",8.0,16.0,35.0,25.0,7.0,0.0,0.0,11.0,14.0,140.0,30.0,1.0,0.0,0.0,0.0,0.0,0.0,0.0,0.0,0.0
2897,"2020","Karnataka","29","Chikkaballapura","630","Chikkaballapura","0",0.0,0.0,18.0,32.0,11.0,0.0,0.0,4.0,0.0,217.0,90.0,6.0,4.0,0.0,0.0,0.0,0.0,0.0,0.0,0.0
2898,"2020","Karnataka","29","Chamarajanagara","531","Chamarajnagar","3",4.0,0.0,17.0,21.0,14.0,10.0,4.0,4.0,0.0,95.0,19.0,5.0,3.0,0.0,0.0,0.0,0.0,0.0,0.0,0.0
2899,"2020","Karnataka","29","Chikkamagaluru","532","Chikkamagaluru","2",8.0,0.0,5.0,39.0,36.0,15.0,8.0,1.0,0.0,1.0,80.0,75.0,19.0,0.0,0.0,0.0,0.0,0.0,0.0,0.0
2900,"2020","Karnataka","29","Chitradurga","533","Chitradurga","3",4.0,0.0,20.0,44.0,21.0,16.0,4.0,9.0,0.0,265.0,76.0,8.0,5.0,0.0,0.0,0.0,0.0,0.0,0.0,0.0
2901,"2020","Karnataka","29","Dakshina Kannada","534","Dakshina Kannada","1",0.0,0.0,13.0,18.0,22.0,11.0,2.0,2.0,1.0,31.0,19.0,3.0,2.0,0.0,0.0,0.0,0.0,0.0,0.0,0.0
2902,"2020","Karnataka","29","Davangere","535","Davanagere","7",11.0,2.0,37.0,39.0,15.0,13.0,8.0,4.0,13.0,221.0,28.0,9.0,7.0,0.0,0.0,0.0,0.0,0.0,0.0,0.0
2903,"2020","Karnataka","29","Dharwad","536","Dharwad","0",0.0,0.0,4.0,12.0,10.0,6.0,0.0,0.0,0.0,45.0,6.0,1.0,0.0,0.0,0.0,0.0,0.0,0.0,0.0,0.0
2904,"2020","Karnataka","29","Gadag","537","Gadag","3",1.0,0.0,5.0,2.0,3.0,1.0,5.0,2.0,0.0,50.0,16.0,3.0,1.0,0.0,0.0,0.0,0.0,0.0,0.0,0.0
2905,"2020","Karnataka","29","Kalaburagi","538","Kalaburgi","0",0.0,0.0,15.0,13.0,4.0,1.0,0.0,1.0,0.0,65.0,7.0,0.0,1.0,0.0,0.0,0.0,0.0,0.0,0.0,0.0
2906,"2020","Karnataka","29","Hassan","539","Hassan","6",5.0,2.0,22.0,44.0,36.0,19.0,2.0,3.0,0.0,228.0,66.0,16.0,3.0,0.0,0.0,0.0,0.0,0.0,0.0,0.0
2907,"2020","Karnataka","29","Haveri","540","Haveri","0",0.0,4.0,12.0,24.0,31.0,4.0,0.0,0.0,9.0,116.0,58.0,14.0,8.0,0.0,0.0,0.0,0.0,0.0,0.0,0.0
2908,"2020","Karnataka","29","Dharwad","536","Hubballi Dharwad City","1",1.0,0.0,9.0,17.0,30.0,5.0,2.0,6.0,3.0,52.0,5.0,3.0,1.0,0.0,0.0,0.0,0.0,0.0,0.0,0.0
2909,"2020","Karnataka","29","Belagavi","527","K.G.F.","2",0.0,0.0,5.0,5.0,12.0,2.0,2.0,2.0,6.0,57.0,5.0,0.0,1.0,0.0,0.0,0.0,0.0,0.0,0.0,0.0
2910,"2020","Karnataka","29","Kodagu","541","Kodagu","0",0.0,11.0,20.0,30.0,4.0,5.0,0.0,0.0,11.0,45.0,59.0,7.0,2.0,0.0,0.0,0.0,0.0,0.0,0.0,0.0
2911,"2020","Karnataka","29","Kolar","542","Kolar","3",5.0,1.0,30.0,24.0,11.0,9.0,6.0,9.0,3.0,175.0,25.0,2.0,4.0,0.0,0.0,0.0,0.0,0.0,0.0,0.0
2912,"2020","Karnataka","29","Koppal","543","Koppal","0",0.0,0.0,9.0,20.0,13.0,4.0,0.0,0.0,15.0,76.0,23.0,4.0,3.0,0.0,0.0,0.0,0.0,0.0,0.0,0.0
2913,"2020","Karnataka","29","Mandya","544","Mandya","18",10.0,0.0,28.0,72.0,48.0,36.0,17.0,17.0,2.0,322.0,87.0,26.0,10.0,0.0,0.0,0.0,0.0,0.0,0.0,0.0
2914,"2020","Karnataka","29","Dakshina Kannada","534","Mangaluru City","0",1.0,0.0,24.0,36.0,22.0,7.0,0.0,0.0,0.0,58.0,10.0,3.0,2.0,0.0,0.0,0.0,0.0,0.0,0.0,0.0
2915,"2020","Karnataka","29","Mysuru","545","Mysuru City","7",5.0,0.0,45.0,39.0,36.0,23.0,10.0,3.0,1.0,141.0,24.0,12.0,10.0,0.0,0.0,0.0,0.0,0.0,0.0,0.0
2916,"2020","Karnataka","29","Mysuru","545","Mysuru District","11",2.0,1.0,54.0,44.0,32.0,25.0,9.0,8.0,1.0,286.0,30.0,3.0,7.0,0.0,0.0,0.0,0.0,0.0,0.0,0.0
2917,"2020","Karnataka","29","Raichur","546","Raichur","6",4.0,1.0,24.0,16.0,4.0,4.0,2.0,7.0,4.0,116.0,5.0,3.0,0.0,0.0,0.0,0.0,0.0,0.0,0.0,0.0
2918,"2020","Karnataka","29","Bengaluru Urban","525","K.Railways","0",0.0,0.0,5.0,4.0,4.0,1.0,0.0,0.0,0.0,5.0,1.0,1.0,1.0,0.0,0.0,0.0,0.0,0.0,0.0,0.0
2919,"2020","Karnataka","29","Ramanagara","631","Ramanagara","14",7.0,0.0,23.0,41.0,34.0,28.0,11.0,15.0,2.0,196.0,70.0,16.0,11.0,0.0,0.0,0.0,0.0,0.0,0.0,0.0
2920,"2020","Karnataka","29","Shivamogga","547","Shimoga","13",9.0,0.0,75.0,80.0,35.0,23.0,23.0,12.0,1.0,400.0,47.0,12.0,4.0,0.0,0.0,0.0,0.0,0.0,0.0,0.0
2921,"2020","Karnataka","29","Tumakuru","548","Tumakuru","10",10.0,2.0,52.0,48.0,24.0,26.0,11.0,4.0,4.0,358.0,42.0,3.0,12.0,0.0,0.0,0.0,0.0,0.0,0.0,0.0
2922,"2020","Karnataka","29","Udupi","549","Udupi","0",0.0,1.0,12.0,23.0,28.0,9.0,2.0,6.0,3.0,42.0,25.0,4.0,0.0,0.0,0.0,0.0,0.0,0.0,0.0,0.0
2923,"2020","Karnataka","29","Uttara Kannada","550","Uttara Kannada","4",2.0,2.0,24.0,29.0,12.0,7.0,3.0,3.0,0.0,117.0,11.0,7.0,3.0,0.0,0.0,0.0,0.0,0.0,0.0,0.0
2924,"2020","Karnataka","29","Yadgir","635","Yadgiri","0",0.0,5.0,5.0,9.0,4.0,3.0,0.0,0.0,4.0,33.0,2.0,2.0,0.0,0.0,0.0,0.0,0.0,0.0,0.0,0.0
2925,"2020","Karnataka","29","Belagavi","527","Belagavi City","0",6.0,3.0,12.0,18.0,18.0,8.0,0.0,3.0,3.0,55.0,10.0,5.0,1.0,0.0,0.0,0.0,0.0,0.0,0.0,0.0
2926,"2020","Karnataka","29","Kalaburagi","538","Kalaburgi City","4",2.0,1.0,5.0,9.0,2.0,1.0,2.0,2.0,0.0,60.0,4.0,0.0,0.0,0.0,0.0,0.0,0.0,0.0,0.0,0.0
2927,"2020","Kerala","32","Alappuzha","554","Alapuzha","5",9.0,15.0,36.0,34.0,31.0,28.0,3.0,11.0,21.0,402.0,66.0,11.0,7.0,0.0,0.0,0.0,0.0,0.0,0.0,0.0
2928,"2020","Kerala","32","Ernakulam","555","Ernakulam Commr.","1",4.0,13.0,30.0,30.0,30.0,20.0,0.0,2.0,11.0,111.0,28.0,8.0,3.0,0.0,0.0,0.0,0.0,0.0,0.0,0.0
2929,"2020","Kerala","32","Ernakulam","555","Ernakulam Rural","5",7.0,21.0,50.0,49.0,31.0,24.0,3.0,14.0,17.0,225.0,69.0,13.0,8.0,0.0,0.0,0.0,0.0,0.0,0.0,0.0
2930,"2020","Kerala","32","Idukki","556","Idukki","4",12.0,17.0,45.0,21.0,13.0,10.0,3.0,2.0,19.0,171.0,48.0,9.0,4.0,0.0,0.0,0.0,0.0,0.0,0.0,0.0
2931,"2020","Kerala","32","Kannur","557","Kannur","7",11.0,7.0,9.0,21.0,29.0,10.0,5.0,10.0,15.0,121.0,46.0,5.0,3.0,0.0,0.0,0.0,0.0,0.0,0.0,0.0
2932,"2020","Kerala","32","Kasaragod","558","Kasargod","6",8.0,6.0,18.0,18.0,13.0,9.0,7.0,10.0,6.0,92.0,16.0,1.0,1.0,0.0,0.0,0.0,0.0,0.0,0.0,0.0
2933,"2020","Kerala","32","Kollam","559","Kollam Commr.","8",12.0,25.0,36.0,27.0,31.0,22.0,12.0,12.0,39.0,397.0,59.0,17.0,6.0,0.0,0.0,0.0,0.0,0.0,0.0,0.0
2934,"2020","Kerala","32","Kollam","559","Kollam Rural","7",18.0,12.0,23.0,40.0,50.0,40.0,8.0,8.0,16.0,360.0,90.0,15.0,9.0,0.0,0.0,0.0,0.0,0.0,0.0,0.0
2935,"2020","Kerala","32","Kottayam","560","Kottayam","3",4.0,9.0,41.0,27.0,32.0,13.0,4.0,8.0,28.0,197.0,44.0,11.0,3.0,0.0,0.0,0.0,0.0,0.0,0.0,0.0
2936,"2020","Kerala","32","Kozhikode","561","Kozhikode Commr.","7",5.0,20.0,24.0,22.0,16.0,11.0,0.0,4.0,24.0,113.0,33.0,4.0,1.0,0.0,0.0,0.0,0.0,0.0,0.0,0.0
2937,"2020","Kerala","32","Kozhikode","561","Kozhikode Rural","10",14.0,12.0,18.0,37.0,38.0,11.0,3.0,14.0,13.0,215.0,59.0,16.0,5.0,0.0,0.0,0.0,0.0,0.0,0.0,0.0
2938,"2020","Kerala","32","Malappuram","562","Malappuram","10",21.0,42.0,51.0,25.0,30.0,25.0,7.0,13.0,16.0,261.0,46.0,6.0,6.0,0.0,0.0,0.0,0.0,0.0,0.0,0.0
2939,"2020","Kerala","32","Palakkad","563","Palakkad","12",11.0,15.0,38.0,40.0,34.0,24.0,7.0,9.0,40.0,265.0,79.0,23.0,9.0,0.0,0.0,0.0,0.0,0.0,0.0,0.0
2940,"2020","Kerala","32","Pathanamthitta","564","Pathanamthitta","5",7.0,6.0,23.0,28.0,23.0,18.0,4.0,4.0,17.0,21.0,39.0,5.0,5.0,0.0,0.0,0.0,0.0,0.0,0.0,0.0
2941,"2020","Kerala","32","Thiruvananthapuram","565","Railways","0",0.0,1.0,5.0,6.0,1.0,2.0,0.0,0.0,0.0,0.0,0.0,0.0,0.0,0.0,0.0,0.0,0.0,0.0,0.0,0.0
2942,"2020","Kerala","32","Thrissur","566","Thrissur Commr.","4",15.0,12.0,27.0,45.0,29.0,19.0,13.0,14.0,27.0,186.0,50.0,7.0,15.0,0.0,0.0,0.0,0.0,0.0,0.0,0.0
2943,"2020","Kerala","32","Thrissur","566","Thrissur Rural","3",8.0,6.0,46.0,29.0,34.0,19.0,241.0,2.0,8.0,19.0,287.0,164.0,36.0,0.0,0.0,0.0,0.0,0.0,0.0,0.0
2944,"2020","Kerala","32","Thiruvananthapuram","565","Trivandrum Commr.","0",3.0,14.0,39.0,43.0,31.0,18.0,3.0,7.0,19.0,277.0,86.0,5.0,8.0,0.0,0.0,0.0,0.0,0.0,0.0,0.0
2945,"2020","Kerala","32","Thiruvananthapuram","565","Trivandrum Rural","9",13.0,57.0,75.0,44.0,38.0,28.0,8.0,18.0,32.0,279.0,61.0,18.0,11.0,1.0,1.0,1.0,1.0,3.0,3.0,3.0
2946,"2020","Kerala","32","Wayanad","567","Wayanadu","8",4.0,6.0,8.0,19.0,17.0,9.0,9.0,6.0,8.0,89.0,19.0,4.0,2.0,0.0,0.0,0.0,0.0,0.0,0.0,0.0
2947,"2020","Kerala","32","Thiruvananthapuram","565","Crime Branch","0",0.0,0.0,0.0,0.0,0.0,0.0,1.0,0.0,0.0,0.0,0.0,0.0,0.0,1.0,0.0,0.0,0.0,0.0,0.0,0.0
2948,"2020","Madhya Pradesh","23","Agar Malwa","667","Agar","0",0.0,5.0,25.0,16.0,12.0,3.0,0.0,4.0,28.0,110.0,19.0,2.0,0.0,0.0,0.0,0.0,0.0,0.0,0.0,0.0
2949,"2020","Madhya Pradesh","23","Alirajpur","639","Alirajpur","0",0.0,4.0,16.0,22.0,11.0,0.0,1.0,13.0,77.0,232.0,44.0,8.0,0.0,0.0,0.0,0.0,0.0,0.0,0.0,0.0
2950,"2020","Madhya Pradesh","23","Anuppur","390","Anuppur","1",2.0,7.0,42.0,29.0,22.0,1.0,0.0,10.0,83.0,152.0,41.0,8.0,4.0,0.0,0.0,0.0,0.0,0.0,0.0,0.0
2951,"2020","Madhya Pradesh","23","Ashoknagar","391","Ashok Nagar","1",4.0,13.0,51.0,33.0,8.0,8.0,1.0,9.0,97.0,158.0,37.0,2.0,2.0,0.0,0.0,0.0,0.0,0.0,0.0,0.0
2952,"2020","Madhya Pradesh","23","Balaghat","392","Balaghat","0",3.0,14.0,108.0,60.0,49.0,20.0,0.0,7.0,150.0,452.0,90.0,28.0,9.0,0.0,0.0,0.0,0.0,0.0,0.0,0.0
2953,"2020","Madhya Pradesh","23","Barwani","393","Barwani","1",4.0,5.0,25.0,41.0,15.0,7.0,2.0,10.0,106.0,260.0,47.0,8.0,1.0,0.0,0.0,0.0,0.0,0.0,0.0,0.0
2954,"2020","Madhya Pradesh","23","Betul","394","Betul","2",15.0,19.0,93.0,71.0,34.0,14.0,5.0,16.0,149.0,568.0,80.0,11.0,12.0,0.0,0.0,0.0,0.0,0.0,0.0,0.0
2955,"2020","Madhya Pradesh","23","Bhind","395","Bhind","1",14.0,23.0,47.0,22.0,13.0,0.0,1.0,20.0,58.0,107.0,26.0,3.0,0.0,0.0,0.0,0.0,0.0,0.0,0.0,0.0
2956,"2020","Madhya Pradesh","23","Bhopal","396","Bhopal","0",53.0,49.0,5.0,0.0,0.0,0.0,2.0,116.0,159.0,2.0,0.0,0.0,0.0,0.0,0.0,0.0,0.0,0.0,0.0,0.0
2957,"2020","Madhya Pradesh","23","Bhopal","396","Bhopal Railway","0",2.0,5.0,7.0,3.0,6.0,1.0,0.0,0.0,5.0,13.0,1.0,1.0,2.0,0.0,0.0,0.0,0.0,0.0,0.0,0.0
2958,"2020","Madhya Pradesh","23","Burhanpur","397","Burhanpur","0",3.0,2.0,34.0,26.0,13.0,6.0,1.0,13.0,37.0,116.0,24.0,5.0,2.0,0.0,0.0,0.0,0.0,0.0,0.0,0.0
2959,"2020","Madhya Pradesh","23","Chhatarpur","398","Chhatarpur","0",9.0,25.0,77.0,30.0,10.0,0.0,0.0,51.0,102.0,204.0,99.0,7.0,0.0,0.0,0.0,0.0,0.0,0.0,0.0,0.0
2960,"2020","Madhya Pradesh","23","Chhindwara","399","Chhindwara","0",11.0,4.0,140.0,87.0,51.0,30.0,2.0,10.0,112.0,700.0,91.0,15.0,13.0,0.0,0.0,0.0,0.0,0.0,0.0,0.0
2961,"2020","Madhya Pradesh","23","Damoh","400","Damoh","0",5.0,16.0,104.0,58.0,19.0,7.0,3.0,17.0,125.0,254.0,74.0,14.0,7.0,0.0,0.0,0.0,0.0,0.0,0.0,0.0
2962,"2020","Madhya Pradesh","23","Datia","401","Datia","0",4.0,10.0,42.0,30.0,13.0,8.0,0.0,1.0,43.0,107.0,24.0,4.0,0.0,0.0,0.0,0.0,0.0,0.0,0.0,0.0
2963,"2020","Madhya Pradesh","23","Dewas","402","Dewas","1",3.0,12.0,89.0,70.0,19.0,5.0,1.0,21.0,166.0,388.0,186.0,37.0,8.0,0.0,0.0,0.0,0.0,0.0,0.0,0.0
2964,"2020","Madhya Pradesh","23","Dhar","403","Dhar","2",16.0,16.0,129.0,70.0,26.0,1.0,1.0,27.0,306.0,765.0,136.0,19.0,3.0,0.0,0.0,0.0,0.0,0.0,0.0,0.0
2965,"2020","Madhya Pradesh","23","Dindori","404","Dindori","0",5.0,10.0,19.0,11.0,7.0,0.0,0.0,7.0,77.0,111.0,45.0,29.0,1.0,0.0,0.0,0.0,0.0,0.0,0.0,0.0
2966,"2020","Madhya Pradesh","23","Guna","406","Guna","0",5.0,15.0,73.0,50.0,16.0,10.0,0.0,12.0,149.0,279.0,34.0,8.0,5.0,0.0,0.0,0.0,0.0,0.0,0.0,0.0
2967,"2020","Madhya Pradesh","23","Gwalior","407","Gwalior","2",31.0,63.0,211.0,157.0,62.0,38.0,0.0,33.0,172.0,547.0,153.0,28.0,18.0,0.0,0.0,0.0,0.0,0.0,0.0,0.0
2968,"2020","Madhya Pradesh","23","Harda","408","Harda","1",5.0,5.0,52.0,23.0,11.0,2.0,0.0,3.0,67.0,235.0,21.0,2.0,2.0,0.0,0.0,0.0,0.0,0.0,0.0,0.0
2969,"2020","Madhya Pradesh","23","Narmadapuram","409","Hoshangabad","2",8.0,9.0,149.0,81.0,24.0,15.0,2.0,12.0,112.0,445.0,83.0,11.0,5.0,0.0,0.0,0.0,0.0,0.0,0.0,0.0
2970,"2020","Madhya Pradesh","23","Indore","410","Indore","5",69.0,74.0,577.0,330.0,100.0,72.0,2.0,104.0,405.0,1361.0,310.0,52.0,28.0,0.0,0.0,0.0,0.0,0.0,0.0,0.0
2971,"2020","Madhya Pradesh","23","Indore","410","Indore Railway","0",0.0,0.0,0.0,0.0,0.0,2.0,1.0,0.0,0.0,3.0,1.0,0.0,0.0,0.0,0.0,0.0,0.0,0.0,0.0,0.0
2972,"2020","Madhya Pradesh","23","Jabalpur","411","Jabalpur","2",13.0,67.0,328.0,187.0,94.0,61.0,2.0,21.0,310.0,810.0,226.0,35.0,23.0,0.0,0.0,0.0,0.0,0.0,0.0,0.0
2973,"2020","Madhya Pradesh","23","Jabalpur","411","Jabalpur Railway","0",0.0,0.0,2.0,3.0,2.0,0.0,1.0,0.0,0.0,5.0,4.0,0.0,0.0,0.0,0.0,0.0,0.0,0.0,0.0,0.0
2974,"2020","Madhya Pradesh","23","Jhabua","412","Jhabua","0",0.0,0.0,31.0,16.0,5.0,0.0,0.0,4.0,66.0,231.0,30.0,3.0,0.0,0.0,0.0,0.0,0.0,0.0,0.0,0.0
2975,"2020","Madhya Pradesh","23","Katni","413","Katni","0",10.0,16.0,85.0,49.0,31.0,13.0,0.0,19.0,110.0,329.0,63.0,8.0,10.0,0.0,0.0,0.0,0.0,0.0,0.0,0.0
2976,"2020","Madhya Pradesh","23","Indore","410","Khandwa","0",12.0,48.0,138.0,99.0,73.0,24.0,1.0,88.0,122.0,492.0,361.0,161.0,14.0,0.0,0.0,0.0,0.0,0.0,0.0,0.0
2977,"2020","Madhya Pradesh","23","Khargone","414","Khargone","8",16.0,9.0,85.0,52.0,18.0,12.0,11.0,43.0,230.0,465.0,96.0,15.0,3.0,0.0,0.0,0.0,0.0,0.0,0.0,0.0
2978,"2020","Madhya Pradesh","23","Mandla","415","Mandla","0",5.0,14.0,55.0,32.0,23.0,4.0,0.0,7.0,108.0,228.0,44.0,4.0,4.0,0.0,0.0,0.0,0.0,0.0,0.0,0.0
2979,"2020","Madhya Pradesh","23","Mandsaur","416","Mandsaur","1",10.0,11.0,109.0,44.0,16.0,2.0,3.0,18.0,64.0,367.0,81.0,15.0,0.0,0.0,0.0,0.0,0.0,0.0,0.0,0.0
2980,"2020","Madhya Pradesh","23","Morena","417","Morena","0",12.0,32.0,80.0,42.0,14.0,10.0,1.0,9.0,74.0,199.0,68.0,8.0,4.0,0.0,0.0,0.0,0.0,0.0,0.0,0.0
2981,"2020","Madhya Pradesh","23","Narsinghpur","418","Narsinghpur","0",7.0,7.0,101.0,60.0,23.0,12.0,0.0,4.0,107.0,323.0,61.0,11.0,6.0,0.0,0.0,0.0,0.0,0.0,0.0,0.0
2982,"2020","Madhya Pradesh","23","Neemuch","419","Neemuch","0",1.0,4.0,59.0,24.0,13.0,7.0,0.0,6.0,50.0,251.0,56.0,3.0,0.0,0.0,0.0,0.0,0.0,0.0,0.0,0.0
2983,"2020","Madhya Pradesh","23","Panna","420","Panna","0",2.0,10.0,40.0,29.0,17.0,6.0,0.0,11.0,116.0,188.0,39.0,11.0,6.0,0.0,0.0,0.0,0.0,0.0,0.0,0.0
2984,"2020","Madhya Pradesh","23","Raisen","421","Raisen","2",5.0,16.0,53.0,71.0,35.0,0.0,0.0,14.0,170.0,334.0,190.0,36.0,0.0,0.0,0.0,0.0,0.0,0.0,0.0,0.0
2985,"2020","Madhya Pradesh","23","Rajgarh","422","Rajgarh","0",3.0,7.0,30.0,48.0,26.0,4.0,0.0,8.0,98.0,235.0,98.0,17.0,2.0,0.0,0.0,0.0,0.0,0.0,0.0,0.0
2986,"2020","Madhya Pradesh","23","Ratlam","423","Ratlam","0",4.0,13.0,124.0,59.0,26.0,5.0,1.0,77.0,137.0,538.0,94.0,22.0,7.0,0.0,0.0,0.0,0.0,0.0,0.0,0.0
2987,"2020","Madhya Pradesh","23","Rewa","424","Rewa","1",12.0,37.0,29.0,2.0,0.0,0.0,2.0,13.0,101.0,106.0,5.0,0.0,0.0,0.0,0.0,0.0,0.0,0.0,0.0,0.0
2988,"2020","Madhya Pradesh","23","Sagar","425","Sagar","2",22.0,52.0,242.0,116.0,40.0,20.0,4.0,20.0,280.0,668.0,116.0,21.0,15.0,0.0,0.0,0.0,0.0,0.0,0.0,0.0
2989,"2020","Madhya Pradesh","23","Satna","426","Satna","0",31.0,51.0,125.0,109.0,41.0,35.0,0.0,91.0,106.0,431.0,180.0,27.0,11.0,0.0,0.0,0.0,0.0,0.0,0.0,0.0
2990,"2020","Madhya Pradesh","23","Seoni","428","Seoni","6",5.0,11.0,110.0,60.0,35.0,12.0,1.0,10.0,124.0,406.0,56.0,12.0,5.0,0.0,0.0,0.0,0.0,0.0,0.0,0.0
2991,"2020","Madhya Pradesh","23","Shahdol","429","Shahdol","0",11.0,19.0,145.0,66.0,25.0,22.0,0.0,17.0,113.0,597.0,150.0,19.0,6.0,0.0,0.0,0.0,0.0,0.0,0.0,0.0
2992,"2020","Madhya Pradesh","23","Shajapur","430","Shajapur","0",3.0,6.0,28.0,21.0,10.0,5.0,0.0,3.0,80.0,163.0,41.0,2.0,1.0,0.0,0.0,0.0,0.0,0.0,0.0,0.0
2993,"2020","Madhya Pradesh","23","Sheopur","431","Sheopur","0",0.0,3.0,16.0,13.0,8.0,3.0,0.0,0.0,23.0,84.0,11.0,6.0,1.0,0.0,0.0,0.0,0.0,0.0,0.0,0.0
2994,"2020","Madhya Pradesh","23","Shivpuri","432","Shivpuri","0",10.0,15.0,76.0,32.0,12.0,4.0,0.0,30.0,105.0,305.0,50.0,7.0,4.0,0.0,0.0,0.0,0.0,0.0,0.0,0.0
2995,"2020","Madhya Pradesh","23","Sidhi","433","Sidhi","0",11.0,20.0,38.0,27.0,15.0,7.0,0.0,13.0,103.0,199.0,57.0,5.0,3.0,0.0,0.0,0.0,0.0,0.0,0.0,0.0
2996,"2020","Madhya Pradesh","23","Sehore","427","Sehore","5",10.0,10.0,69.0,72.0,28.0,11.0,1.0,3.0,74.0,268.0,115.0,16.0,5.0,0.0,0.0,0.0,0.0,0.0,0.0,0.0
2997,"2020","Madhya Pradesh","23","Singrauli","638","Singrauli","0",14.0,17.0,55.0,27.0,11.0,4.0,0.0,6.0,83.0,148.0,34.0,6.0,4.0,0.0,0.0,0.0,0.0,0.0,0.0,0.0
2998,"2020","Madhya Pradesh","23","Tikamgarh","434","Tikamgarh","0",0.0,4.0,29.0,20.0,14.0,3.0,0.0,0.0,16.0,141.0,30.0,1.0,2.0,0.0,0.0,0.0,0.0,0.0,0.0,0.0
2999,"2020","Madhya Pradesh","23","Ujjain","435","Ujjain","0",9.0,16.0,121.0,80.0,46.0,16.0,1.0,33.0,122.0,494.0,115.0,12.0,3.0,0.0,0.0,0.0,0.0,0.0,0.0,0.0
3000,"2020","Madhya Pradesh","23","Umaria","436","Umaria","0",1.0,7.0,37.0,11.0,8.0,5.0,1.0,0.0,45.0,126.0,25.0,5.0,0.0,0.0,0.0,0.0,0.0,0.0,0.0,0.0
3001,"2020","Madhya Pradesh","23","Vidisha","437","Vidisha","0",14.0,17.0,40.0,61.0,59.0,21.0,1.0,72.0,83.0,149.0,138.0,49.0,37.0,0.0,0.0,0.0,0.0,0.0,0.0,0.0
3002,"2020","Madhya Pradesh","23","Cyber Crime Cell","9999","Cyber Crime Cell","0",0.0,0.0,0.0,0.0,0.0,0.0,0.0,0.0,0.0,0.0,0.0,0.0,0.0,0.0,0.0,0.0,0.0,0.0,0.0,0.0
3003,"2020","Madhya Pradesh","23","Niwari","722","Niwari","0",0.0,7.0,19.0,13.0,7.0,1.0,0.0,2.0,11.0,57.0,10.0,4.0,1.0,0.0,0.0,0.0,0.0,0.0,0.0,0.0
3004,"2020","Maharashtra","27","Ahmednagar","466","Ahmednagar","26",25.0,11.0,336.0,205.0,74.0,79.0,22.0,23.0,69.0,915.0,191.0,25.0,26.0,0.0,0.0,0.0,0.0,0.0,0.0,0.0
3005,"2020","Maharashtra","27","Akola","467","Akola","9",2.0,1.0,94.0,62.0,30.0,26.0,11.0,13.0,0.0,344.0,47.0,12.0,6.0,0.0,0.0,0.0,0.0,0.0,0.0,0.0
3006,"2020","Maharashtra","27","Amravati","468","Amravati Commr.","0",0.0,0.0,50.0,94.0,60.0,35.0,0.0,0.0,0.0,198.0,88.0,22.0,15.0,0.0,0.0,0.0,0.0,0.0,0.0,0.0
3007,"2020","Maharashtra","27","Amravati","468","Amravati Rural","3",3.0,2.0,77.0,71.0,58.0,30.0,0.0,3.0,106.0,388.0,72.0,30.0,9.0,0.0,0.0,0.0,0.0,0.0,0.0,0.0
3008,"2020","Maharashtra","27","Aurangabad","469","Aurangabad Commr.","12",15.0,30.0,161.0,170.0,60.0,20.0,9.0,11.0,11.0,341.0,131.0,36.0,13.0,0.0,0.0,0.0,0.0,0.0,0.0,0.0
3009,"2020","Maharashtra","27","Aurangabad","469","Aurangabad Rural","2",3.0,2.0,104.0,53.0,25.0,10.0,3.0,3.0,22.0,232.0,51.0,19.0,8.0,0.0,0.0,0.0,0.0,0.0,0.0,0.0
3010,"2020","Maharashtra","27","Beed","470","Beed","10",8.0,1.0,63.0,89.0,49.0,16.0,8.0,10.0,0.0,199.0,129.0,20.0,7.0,0.0,0.0,0.0,0.0,0.0,0.0,0.0
3011,"2020","Maharashtra","27","Bhandara","471","Bhandara","0",2.0,8.0,61.0,57.0,42.0,16.0,0.0,4.0,56.0,388.0,62.0,17.0,11.0,0.0,0.0,0.0,0.0,0.0,0.0,0.0
3012,"2020","Maharashtra","27","Buldhana","472","Buldhana","21",25.0,2.0,108.0,77.0,21.0,18.0,20.0,22.0,6.0,323.0,85.0,8.0,12.0,0.0,0.0,0.0,0.0,0.0,0.0,0.0
3013,"2020","Maharashtra","27","Chandrapur","473","Chandrapur","0",0.0,0.0,289.0,52.0,15.0,10.0,0.0,0.0,0.0,565.0,117.0,25.0,12.0,0.0,0.0,0.0,0.0,0.0,0.0,0.0
3014,"2020","Maharashtra","27","Dhule","474","Dhule","0",18.0,9.0,62.0,89.0,50.0,0.0,0.0,0.0,91.0,149.0,119.0,0.0,0.0,0.0,0.0,0.0,0.0,0.0,0.0,0.0
3015,"2020","Maharashtra","27","Gadchiroli","475","Gadchiroli","1",0.0,0.0,36.0,40.0,25.0,0.0,3.0,4.0,15.0,148.0,30.0,11.0,0.0,0.0,0.0,0.0,0.0,0.0,0.0,0.0
3016,"2020","Maharashtra","27","Gondia","476","Gondia","0",0.0,0.0,25.0,60.0,11.0,3.0,0.0,0.0,0.0,131.0,77.0,52.0,16.0,0.0,0.0,0.0,0.0,0.0,0.0,0.0
3017,"2020","Maharashtra","27","Hingoli","477","Hingoli","0",1.0,3.0,43.0,30.0,9.0,9.0,0.0,0.0,12.0,82.0,24.0,2.0,2.0,0.0,0.0,0.0,0.0,0.0,0.0,0.0
3018,"2020","Maharashtra","27","Jalgaon","478","Jalgaon","32",18.0,7.0,135.0,213.0,136.0,20.0,20.0,13.0,7.0,638.0,249.0,51.0,8.0,0.0,0.0,0.0,0.0,0.0,0.0,0.0
3019,"2020","Maharashtra","27","Jalna","479","Jalna","0",0.0,0.0,6.0,11.0,0.0,0.0,0.0,0.0,24.0,18.0,10.0,0.0,0.0,0.0,0.0,0.0,0.0,0.0,0.0,0.0
3020,"2020","Maharashtra","27","Kolhapur","480","Kolhapur","23",17.0,0.0,166.0,134.0,44.0,40.0,19.0,16.0,0.0,883.0,136.0,31.0,19.0,0.0,0.0,0.0,0.0,0.0,0.0,0.0
3021,"2020","Maharashtra","27","Latur","481","Latur","0",0.0,0.0,49.0,85.0,39.0,7.0,0.0,0.0,0.0,121.0,118.0,52.0,13.0,0.0,0.0,0.0,0.0,0.0,0.0,0.0
3022,"2020","Maharashtra","27","Mumbai","482","Mumbai Commr.","14",113.0,207.0,702.0,1074.0,684.0,346.0,16.0,113.0,662.0,1857.0,1159.0,333.0,160.0,0.0,0.0,0.0,0.0,0.0,0.0,0.0
3023,"2020","Maharashtra","27","Mumbai","482","Mumbai Railway","3",2.0,0.0,19.0,8.0,6.0,11.0,3.0,1.0,0.0,19.0,1.0,1.0,0.0,0.0,0.0,0.0,0.0,0.0,0.0,0.0
3024,"2020","Maharashtra","27","Nagpur","484","Nagpur Commr.","5",0.0,18.0,360.0,376.0,202.0,122.0,1.0,19.0,39.0,823.0,421.0,122.0,52.0,0.0,0.0,0.0,0.0,0.0,0.0,0.0
3025,"2020","Maharashtra","27","Nagpur","484","Nagpur Railway","1",0.0,1.0,1.0,3.0,1.0,0.0,0.0,0.0,0.0,2.0,3.0,0.0,0.0,0.0,0.0,0.0,0.0,0.0,0.0,0.0
3026,"2020","Maharashtra","27","Nagpur","484","Nagpur Rural","0",0.0,0.0,87.0,156.0,70.0,15.0,0.0,0.0,0.0,482.0,175.0,48.0,15.0,0.0,0.0,0.0,0.0,0.0,0.0,0.0
3027,"2020","Maharashtra","27","Nanded","485","Nanded","9",9.0,5.0,142.0,67.0,35.0,15.0,7.0,13.0,14.0,316.0,61.0,7.0,13.0,0.0,0.0,0.0,0.0,0.0,0.0,0.0
3028,"2020","Maharashtra","27","Nandurbar","486","Nandurbar","0",1.0,0.0,50.0,36.0,8.0,6.0,0.0,1.0,0.0,192.0,33.0,11.0,1.0,0.0,0.0,0.0,0.0,0.0,0.0,0.0
3029,"2020","Maharashtra","27","Nashik","487","Nasik Commr.","15",19.0,0.0,217.0,182.0,95.0,47.0,15.0,6.0,3.0,596.0,142.0,36.0,27.0,0.0,0.0,0.0,1.0,0.0,0.0,0.0
3030,"2020","Maharashtra","27","Nashik","487","Nasik Rural","0",0.0,0.0,188.0,232.0,135.0,40.0,0.0,0.0,0.0,859.0,280.0,158.0,14.0,0.0,0.0,0.0,0.0,0.0,0.0,0.0
3031,"2020","Maharashtra","27","Mumbai Suburban","483","Navi Mumbai","22",12.0,4.0,239.0,162.0,76.0,49.0,19.0,8.0,10.0,481.0,166.0,37.0,25.0,0.0,0.0,0.0,0.0,0.0,0.0,0.0
3032,"2020","Maharashtra","27","Osmanabad","488","Osmanabad","9",4.0,0.0,46.0,43.0,18.0,13.0,9.0,6.0,1.0,208.0,48.0,11.0,2.0,0.0,0.0,0.0,0.0,0.0,0.0,0.0
3033,"2020","Maharashtra","27","Palghar","665","Palghar","8",10.0,1.0,57.0,42.0,28.0,14.0,5.0,11.0,1.0,185.0,33.0,5.0,7.0,0.0,0.0,0.0,0.0,0.0,0.0,0.0
3034,"2020","Maharashtra","27","Parbhani","489","Parbhani","0",0.0,0.0,83.0,39.0,16.0,5.0,0.0,0.0,0.0,154.0,43.0,19.0,13.0,0.0,0.0,0.0,0.0,0.0,0.0,0.0
3035,"2020","Maharashtra","27","Pune","490","Pune Commr.","22",16.0,7.0,487.0,364.0,112.0,115.0,11.0,16.0,34.0,1124.0,282.0,58.0,44.0,0.0,0.0,0.0,0.0,0.0,0.0,0.0
3036,"2020","Maharashtra","27","Pune","490","Pune Railway","0",0.0,0.0,1.0,2.0,4.0,1.0,0.0,0.0,0.0,2.0,1.0,1.0,0.0,0.0,0.0,0.0,0.0,0.0,0.0,0.0
3037,"2020","Maharashtra","27","Pune","490","Pune Rural","41",25.0,9.0,316.0,226.0,83.0,55.0,21.0,26.0,59.0,1043.0,181.0,42.0,31.0,0.0,0.0,0.0,0.0,0.0,0.0,0.0
3038,"2020","Maharashtra","27","Raigad","491","Raigad","7",8.0,0.0,71.0,62.0,27.0,20.0,7.0,12.0,2.0,247.0,49.0,7.0,7.0,0.0,0.0,0.0,0.0,0.0,0.0,0.0
3039,"2020","Maharashtra","27","Ratnagiri","492","Ratnagiri","3",5.0,3.0,67.0,58.0,28.0,21.0,4.0,4.0,4.0,161.0,32.0,7.0,6.0,0.0,0.0,0.0,0.0,0.0,0.0,0.0
3040,"2020","Maharashtra","27","Sangli","493","Sangli","5",8.0,3.0,187.0,143.0,56.0,28.0,11.0,8.0,5.0,635.0,203.0,41.0,29.0,0.0,0.0,0.0,0.0,0.0,0.0,0.0
3041,"2020","Maharashtra","27","Satara","494","Satara","31",1.0,6.0,164.0,129.0,54.0,44.0,17.0,15.0,41.0,787.0,112.0,26.0,16.0,0.0,0.0,0.0,0.0,0.0,0.0,0.0
3042,"2020","Maharashtra","27","Sindhudurg","495","Sindhudurg","4",2.0,0.0,25.0,21.0,21.0,13.0,3.0,4.0,0.0,54.0,26.0,7.0,10.0,0.0,0.0,0.0,0.0,0.0,0.0,0.0
3043,"2020","Maharashtra","27","Solapur","496","Solapur Commr.","10",13.0,2.0,36.0,104.0,63.0,40.0,3.0,12.0,1.0,178.0,111.0,24.0,20.0,0.0,0.0,0.0,0.0,0.0,0.0,0.0
3044,"2020","Maharashtra","27","Solapur","496","Solapur Rural","0",0.0,0.0,113.0,131.0,73.0,29.0,0.0,0.0,0.0,397.0,179.0,29.0,16.0,0.0,0.0,0.0,0.0,0.0,0.0,0.0
3045,"2020","Maharashtra","27","Thane","497","Thane Commr.","0",15.0,19.0,642.0,532.0,238.0,0.0,0.0,12.0,76.0,1334.0,403.0,105.0,0.0,0.0,0.0,0.0,0.0,0.0,0.0,0.0
3046,"2020","Maharashtra","27","Thane","497","Thane Rural","0",2.0,0.0,79.0,64.0,27.0,15.0,1.0,2.0,24.0,270.0,56.0,6.0,4.0,0.0,0.0,0.0,0.0,0.0,0.0,0.0
3047,"2020","Maharashtra","27","Wardha","498","Wardha","0",0.0,0.0,142.0,122.0,58.0,31.0,0.0,0.0,0.0,452.0,79.0,13.0,13.0,0.0,0.0,0.0,0.0,0.0,0.0,0.0
3048,"2020","Maharashtra","27","Washim","499","Washim","0",0.0,2.0,54.0,46.0,27.0,7.0,0.0,0.0,18.0,127.0,50.0,7.0,5.0,0.0,0.0,0.0,0.0,0.0,0.0,0.0
3049,"2020","Maharashtra","27","Yavatmal","500","Yavatmal","1",3.0,0.0,201.0,107.0,46.0,21.0,2.0,1.0,7.0,506.0,149.0,18.0,4.0,0.0,0.0,0.0,0.0,0.0,0.0,0.0
3050,"2020","Maharashtra","27","Pune","490","Pimpri Chinchwad City","0",3.0,1.0,279.0,304.0,135.0,74.0,0.0,1.0,2.0,702.0,354.0,70.0,30.0,0.0,0.0,0.0,0.0,0.0,0.0,0.0
3051,"2020","Maharashtra","27","Aurangabad","469","Aurangabad Railway","0",0.0,0.0,7.0,6.0,4.0,0.0,0.0,0.0,0.0,8.0,0.0,0.0,0.0,0.0,0.0,0.0,0.0,0.0,0.0,0.0
3052,"2020","Maharashtra","27","Thane","497","Mira Bhayandar Vasai Virar Commr.","20",16.0,5.0,256.0,188.0,75.0,49.0,31.0,28.0,30.0,396.0,266.0,158.0,34.0,0.0,0.0,0.0,0.0,0.0,0.0,0.0
3053,"2020","Manipur","14","Bishnupur","252","Bishnupur","1",0.0,4.0,3.0,5.0,3.0,1.0,1.0,2.0,2.0,9.0,5.0,2.0,0.0,0.0,0.0,0.0,0.0,0.0,0.0,0.0
3054,"2020","Manipur","14","Chandel","253","Chandel","0",0.0,0.0,0.0,0.0,0.0,0.0,0.0,0.0,1.0,2.0,0.0,0.0,0.0,0.0,0.0,0.0,0.0,0.0,0.0,0.0
3055,"2020","Manipur","14","Churachandpur","254","Churachandpur","0",0.0,0.0,0.0,0.0,0.0,0.0,0.0,0.0,0.0,0.0,0.0,0.0,0.0,0.0,0.0,0.0,0.0,0.0,0.0,0.0
3056,"2020","Manipur","14","Imphal West","256","Cid","0",0.0,0.0,0.0,0.0,0.0,0.0,0.0,0.0,0.0,0.0,0.0,0.0,0.0,0.0,0.0,0.0,0.0,0.0,0.0,0.0
3057,"2020","Manipur","14","Imphal East","255","Imphal East","0",2.0,3.0,6.0,9.0,3.0,0.0,0.0,4.0,2.0,8.0,20.0,1.0,0.0,0.0,0.0,0.0,0.0,0.0,0.0,0.0
3058,"2020","Manipur","14","Imphal West","256","Imphal West","0",1.0,2.0,3.0,3.0,0.0,0.0,0.0,3.0,4.0,8.0,10.0,1.0,0.0,0.0,0.0,0.0,0.0,0.0,0.0,0.0
3059,"2020","Manipur","14","Senapati","257","Senapati","0",0.0,0.0,0.0,0.0,0.0,0.0,0.0,0.0,0.0,0.0,0.0,0.0,0.0,0.0,0.0,0.0,0.0,0.0,0.0,0.0
3060,"2020","Manipur","14","Tamenglong","258","Tamenglong","0",0.0,0.0,0.0,0.0,0.0,0.0,0.0,0.0,0.0,0.0,0.0,0.0,0.0,0.0,0.0,0.0,0.0,0.0,0.0,0.0
3061,"2020","Manipur","14","Thoubal","259","Thoubal","0",0.0,3.0,6.0,0.0,4.0,0.0,0.0,3.0,5.0,5.0,2.0,1.0,1.0,0.0,0.0,0.0,0.0,0.0,0.0,0.0
3062,"2020","Manipur","14","Ukhrul","260","Ukhrul","0",0.0,0.0,0.0,0.0,0.0,0.0,0.0,0.0,0.0,0.0,0.0,0.0,0.0,0.0,0.0,0.0,0.0,0.0,0.0,0.0
3063,"2020","Manipur","14","Kakching","711","Kakching","0",0.0,2.0,2.0,4.0,1.0,1.0,0.0,2.0,1.0,12.0,3.0,0.0,0.0,0.0,0.0,0.0,0.0,0.0,0.0,0.0
3064,"2020","Manipur","14","Kamjong","717","Kamjong","0",0.0,0.0,0.0,0.0,0.0,0.0,0.0,0.0,0.0,0.0,0.0,0.0,0.0,0.0,0.0,0.0,0.0,0.0,0.0,0.0
3065,"2020","Manipur","14","Kangpokpi","712","Kangpokpi","0",0.0,0.0,0.0,0.0,0.0,0.0,0.0,0.0,0.0,0.0,0.0,0.0,0.0,0.0,0.0,0.0,0.0,0.0,0.0,0.0
3066,"2020","Manipur","14","Jiribam","713","Jiribam","0",0.0,0.0,1.0,3.0,0.0,0.0,0.0,1.0,2.0,2.0,0.0,0.0,0.0,0.0,0.0,0.0,0.0,0.0,0.0,0.0
3067,"2020","Manipur","14","Noney","714","Noney","0",0.0,0.0,0.0,0.0,0.0,0.0,0.0,0.0,0.0,0.0,0.0,0.0,0.0,0.0,0.0,0.0,0.0,0.0,0.0,0.0
3068,"2020","Manipur","14","Pherzawl","715","Pherzawl","0",0.0,0.0,0.0,0.0,0.0,0.0,0.0,0.0,0.0,0.0,0.0,0.0,0.0,0.0,0.0,0.0,0.0,0.0,0.0,0.0
3069,"2020","Manipur","14","Tengnoupal","716","Tengnoupal","0",0.0,0.0,0.0,0.0,0.0,0.0,0.0,0.0,0.0,0.0,0.0,0.0,0.0,0.0,0.0,0.0,0.0,0.0,0.0,0.0
3070,"2020","Manipur","14","Imphal West","256","Narcotic","0",0.0,0.0,0.0,0.0,0.0,0.0,0.0,0.0,0.0,0.0,0.0,0.0,0.0,0.0,0.0,0.0,0.0,0.0,0.0,0.0
3071,"2020","Meghalaya","17","East Garo Hills","273","Garo Hills East","0",0.0,0.0,0.0,0.0,0.0,0.0,0.0,0.0,1.0,0.0,0.0,0.0,0.0,0.0,0.0,0.0,0.0,0.0,0.0,0.0
3072,"2020","Meghalaya","17","North Garo Hills","656","Garo Hills North","0",0.0,0.0,0.0,2.0,0.0,0.0,0.0,0.0,0.0,3.0,1.0,0.0,0.0,0.0,0.0,0.0,0.0,0.0,0.0,0.0
3073,"2020","Meghalaya","17","South Garo Hills","277","Garo Hills South","0",0.0,0.0,0.0,0.0,0.0,0.0,0.0,0.0,0.0,0.0,0.0,0.0,0.0,0.0,0.0,0.0,0.0,0.0,0.0,0.0
3074,"2020","Meghalaya","17","South West Garo Hills","663","Garo Hills South West","0",0.0,0.0,0.0,0.0,0.0,0.0,0.0,0.0,0.0,0.0,0.0,0.0,0.0,0.0,0.0,0.0,0.0,0.0,0.0,0.0
3075,"2020","Meghalaya","17","West Garo Hills","278","Garo Hills West","0",0.0,0.0,2.0,1.0,1.0,0.0,1.0,3.0,9.0,12.0,5.0,0.0,0.0,0.0,0.0,0.0,0.0,0.0,0.0,0.0
3076,"2020","Meghalaya","17","West Jaintia Hills","275","Jaintia Hills West","0",0.0,1.0,1.0,0.0,0.0,0.0,0.0,0.0,2.0,0.0,0.0,0.0,0.0,0.0,0.0,0.0,0.0,0.0,0.0,0.0
3077,"2020","Meghalaya","17","East Jaintia Hills","657","Jaintia Hills East","0",0.0,0.0,0.0,0.0,0.0,0.0,0.0,0.0,0.0,0.0,0.0,0.0,0.0,0.0,0.0,0.0,0.0,0.0,0.0,0.0
3078,"2020","Meghalaya","17","East Khasi Hills","274","Khasi Hills East","0",2.0,4.0,34.0,23.0,5.0,4.0,0.0,2.0,13.0,29.0,12.0,3.0,2.0,0.0,0.0,0.0,0.0,0.0,0.0,0.0
3079,"2020","Meghalaya","17","South West Khasi Hills","658","Khasi Hills South West","0",0.0,0.0,0.0,2.0,0.0,0.0,0.0,1.0,0.0,0.0,0.0,0.0,0.0,0.0,0.0,0.0,0.0,0.0,0.0,0.0
3080,"2020","Meghalaya","17","West Khasi Hills","279","Khasi Hills West","0",0.0,0.0,0.0,0.0,0.0,0.0,0.0,0.0,0.0,0.0,0.0,0.0,0.0,0.0,0.0,0.0,0.0,0.0,0.0,0.0
3081,"2020","Meghalaya","17","Ri Bhoi","276","Ri-Bhoi","0",0.0,5.0,4.0,0.0,0.0,1.0,0.0,0.0,0.0,3.0,0.0,0.0,0.0,0.0,0.0,0.0,0.0,0.0,0.0,0.0
3082,"2020","Meghalaya","17","East Khasi Hills","274","Cyber Cell","0",0.0,0.0,0.0,0.0,0.0,0.0,0.0,0.0,0.0,0.0,0.0,0.0,0.0,0.0,0.0,0.0,0.0,0.0,0.0,0.0
3083,"2020","Mizoram","15","Aizawl","261","Aizawl","0",0.0,0.0,0.0,0.0,0.0,0.0,0.0,0.0,0.0,0.0,0.0,0.0,0.0,0.0,0.0,0.0,0.0,0.0,0.0,0.0
3084,"2020","Mizoram","15","Champhai","262","Champhai","0",0.0,0.0,0.0,0.0,0.0,0.0,0.0,0.0,0.0,0.0,0.0,0.0,0.0,0.0,0.0,0.0,0.0,0.0,0.0,0.0
3085,"2020","Mizoram","15","Kolasib","263","Kolasib","0",0.0,0.0,0.0,0.0,0.0,0.0,0.0,0.0,0.0,0.0,0.0,0.0,0.0,0.0,0.0,0.0,0.0,0.0,0.0,0.0
3086,"2020","Mizoram","15","Lawngtlai","264","Lawngtlai","0",0.0,0.0,0.0,0.0,0.0,0.0,0.0,0.0,0.0,0.0,0.0,0.0,0.0,0.0,0.0,0.0,0.0,0.0,0.0,0.0
3087,"2020","Mizoram","15","Lunglei","265","Lunglei","0",0.0,0.0,0.0,0.0,0.0,0.0,0.0,0.0,0.0,0.0,0.0,0.0,0.0,0.0,0.0,0.0,0.0,0.0,0.0,0.0
3088,"2020","Mizoram","15","Mamit","266","Mamit","0",0.0,0.0,0.0,0.0,0.0,0.0,0.0,0.0,0.0,0.0,0.0,0.0,0.0,0.0,0.0,0.0,0.0,0.0,0.0,0.0
3089,"2020","Mizoram","15","Saiha","267","Saiha","0",0.0,0.0,0.0,0.0,0.0,0.0,0.0,0.0,0.0,0.0,0.0,0.0,0.0,0.0,0.0,0.0,0.0,0.0,0.0,0.0
3090,"2020","Mizoram","15","Serchhip","268","Serchhip","0",0.0,0.0,0.0,0.0,0.0,0.0,0.0,0.0,0.0,0.0,0.0,0.0,0.0,0.0,0.0,0.0,0.0,0.0,0.0,0.0
3091,"2020","Mizoram","15","Aizawl","261","Spl Narcotic","0",0.0,0.0,0.0,0.0,0.0,0.0,0.0,0.0,0.0,0.0,0.0,0.0,0.0,0.0,0.0,0.0,0.0,0.0,0.0,0.0
3092,"2020","Mizoram","15","Saitual","727","Saitual","0",0.0,0.0,0.0,0.0,0.0,0.0,0.0,0.0,0.0,0.0,0.0,0.0,0.0,0.0,0.0,0.0,0.0,0.0,0.0,0.0
3093,"2020","Mizoram","15","Khawzawl","728","Khawzawl","0",0.0,0.0,0.0,0.0,0.0,0.0,0.0,0.0,0.0,0.0,0.0,0.0,0.0,0.0,0.0,0.0,0.0,0.0,0.0,0.0
3094,"2020","Mizoram","15","Hnahthial","726","Hnahthial","0",0.0,0.0,0.0,0.0,0.0,0.0,0.0,0.0,0.0,0.0,0.0,0.0,0.0,0.0,0.0,0.0,0.0,0.0,0.0,0.0
3095,"2020","Mizoram","15","Aizawl","261","Cyber","0",0.0,0.0,0.0,0.0,0.0,0.0,0.0,0.0,0.0,0.0,0.0,0.0,0.0,0.0,0.0,0.0,0.0,0.0,0.0,0.0
3096,"2020","Nagaland","13","Dimapur","244","Dimapur","0",0.0,0.0,6.0,1.0,2.0,1.0,0.0,3.0,1.0,4.0,1.0,0.0,0.0,0.0,0.0,0.0,0.0,0.0,0.0,0.0
3097,"2020","Nagaland","13","Kiphire","614","Kiphire","0",0.0,0.0,0.0,0.0,0.0,0.0,0.0,0.0,0.0,0.0,0.0,0.0,0.0,0.0,0.0,0.0,0.0,0.0,0.0,0.0
3098,"2020","Nagaland","13","Kohima","245","Kohima","0",2.0,2.0,0.0,0.0,0.0,0.0,0.0,5.0,8.0,4.0,1.0,0.0,0.0,0.0,0.0,0.0,0.0,0.0,0.0,0.0
3099,"2020","Nagaland","13","Longleng","615","Longleng","0",0.0,0.0,0.0,0.0,0.0,0.0,0.0,0.0,0.0,0.0,0.0,0.0,0.0,0.0,0.0,0.0,0.0,0.0,0.0,0.0
3100,"2020","Nagaland","13","Mokokchung","246","Mokokchung","0",0.0,0.0,0.0,0.0,0.0,0.0,0.0,0.0,0.0,0.0,0.0,0.0,0.0,0.0,0.0,0.0,0.0,0.0,0.0,0.0
3101,"2020","Nagaland","13","Mon","247","Mon","0",0.0,0.0,0.0,0.0,0.0,0.0,0.0,0.0,0.0,0.0,0.0,0.0,0.0,0.0,0.0,0.0,0.0,0.0,0.0,0.0
3102,"2020","Nagaland","13","Peren","613","Peren","0",0.0,0.0,0.0,0.0,0.0,0.0,0.0,0.0,0.0,0.0,0.0,0.0,0.0,0.0,0.0,0.0,0.0,0.0,0.0,0.0
3103,"2020","Nagaland","13","Phek","248","Phek","0",0.0,0.0,0.0,0.0,0.0,0.0,0.0,0.0,0.0,0.0,0.0,0.0,0.0,0.0,0.0,0.0,0.0,0.0,0.0,0.0
3104,"2020","Nagaland","13","Tuensang","249","Tuensang","0",0.0,0.0,0.0,0.0,0.0,0.0,0.0,0.0,0.0,0.0,0.0,0.0,0.0,0.0,0.0,0.0,0.0,0.0,0.0,0.0
3105,"2020","Nagaland","13","Wokha","250","Wokha","0",0.0,0.0,0.0,0.0,0.0,0.0,0.0,0.0,0.0,0.0,0.0,0.0,0.0,0.0,0.0,0.0,0.0,0.0,0.0,0.0
3106,"2020","Nagaland","13","Zunheboto","251","Zunheboto","0",0.0,0.0,0.0,0.0,0.0,0.0,0.0,0.0,0.0,0.0,0.0,0.0,0.0,0.0,0.0,0.0,0.0,0.0,0.0,0.0
3107,"2020","Odisha","21","Anugul","344","Angul","0",0.0,0.0,0.0,0.0,0.0,0.0,0.0,0.0,0.0,0.0,0.0,0.0,0.0,0.0,0.0,0.0,0.0,0.0,0.0,0.0
3108,"2020","Odisha","21","Baleshwar","346","Balasore","0",0.0,0.0,0.0,0.0,0.0,0.0,0.0,0.0,0.0,0.0,0.0,0.0,0.0,0.0,0.0,0.0,0.0,0.0,0.0,0.0
3109,"2020","Odisha","21","Bargarh","347","Baragarh","0",0.0,0.0,0.0,0.0,0.0,0.0,0.0,0.0,0.0,0.0,0.0,0.0,0.0,0.0,0.0,0.0,0.0,0.0,0.0,0.0
3110,"2020","Odisha","21","Baleshwar","346","Berhampur","0",0.0,0.0,0.0,0.0,0.0,0.0,0.0,0.0,0.0,0.0,0.0,0.0,0.0,0.0,0.0,0.0,0.0,0.0,0.0,0.0
3111,"2020","Odisha","21","Bhadrak","348","Bhadrak","0",0.0,0.0,0.0,0.0,0.0,0.0,0.0,0.0,0.0,0.0,0.0,0.0,0.0,0.0,0.0,0.0,0.0,0.0,0.0,0.0
3112,"2020","Odisha","21","Balangir","345","Bolangir","0",0.0,0.0,0.0,0.0,0.0,0.0,0.0,0.0,0.0,0.0,0.0,0.0,0.0,0.0,0.0,0.0,0.0,0.0,0.0,0.0
3113,"2020","Odisha","21","Boudh","349","Boudh","0",0.0,0.0,0.0,0.0,0.0,0.0,0.0,0.0,0.0,0.0,0.0,0.0,0.0,0.0,0.0,0.0,0.0,0.0,0.0,0.0
3114,"2020","Odisha","21","Cuttack","350","Cuttack","0",0.0,0.0,0.0,0.0,0.0,0.0,0.0,0.0,0.0,0.0,0.0,0.0,0.0,0.0,0.0,0.0,0.0,0.0,0.0,0.0
3115,"2020","Odisha","21","Khordha","362","Dcp Bbsr","0",0.0,0.0,0.0,0.0,0.0,0.0,0.0,0.0,0.0,0.0,0.0,0.0,0.0,0.0,0.0,0.0,0.0,0.0,0.0,0.0
3116,"2020","Odisha","21","Cuttack","350","Dcp Ctc","0",0.0,0.0,0.0,0.0,0.0,0.0,0.0,0.0,0.0,0.0,0.0,0.0,0.0,0.0,0.0,0.0,0.0,0.0,0.0,0.0
3117,"2020","Odisha","21","Deogarh","351","Deogarh","0",0.0,0.0,0.0,0.0,0.0,0.0,0.0,0.0,0.0,0.0,0.0,0.0,0.0,0.0,0.0,0.0,0.0,0.0,0.0,0.0
3118,"2020","Odisha","21","Dhenkanal","352","Dhenkanal","0",2.0,4.0,21.0,20.0,8.0,0.0,0.0,8.0,31.0,199.0,14.0,3.0,0.0,0.0,0.0,0.0,0.0,0.0,0.0,0.0
3119,"2020","Odisha","21","Gajapati","353","Gajapati","0",0.0,0.0,0.0,0.0,0.0,0.0,0.0,0.0,0.0,0.0,0.0,0.0,0.0,0.0,0.0,0.0,0.0,0.0,0.0,0.0
3120,"2020","Odisha","21","Ganjam","354","Ganjam","0",0.0,0.0,0.0,0.0,0.0,0.0,0.0,0.0,0.0,0.0,0.0,0.0,0.0,0.0,0.0,0.0,0.0,0.0,0.0,0.0
3121,"2020","Odisha","21","Jagatsinghapur","355","Jagatsinghpur","0",0.0,0.0,0.0,0.0,0.0,0.0,0.0,0.0,0.0,0.0,0.0,0.0,0.0,0.0,0.0,0.0,0.0,0.0,0.0,0.0
3122,"2020","Odisha","21","Jajapur","356","Jajpur","0",0.0,0.0,0.0,0.0,0.0,0.0,0.0,0.0,0.0,0.0,0.0,0.0,0.0,0.0,0.0,0.0,0.0,0.0,0.0,0.0
3123,"2020","Odisha","21","Jharsuguda","357","Jharsuguda","0",0.0,0.0,0.0,0.0,0.0,0.0,0.0,0.0,0.0,0.0,0.0,0.0,0.0,0.0,0.0,0.0,0.0,0.0,0.0,0.0
3124,"2020","Odisha","21","Kalahandi","358","Kalahandi","0",0.0,0.0,0.0,0.0,0.0,0.0,0.0,0.0,0.0,0.0,0.0,0.0,0.0,0.0,0.0,0.0,0.0,0.0,0.0,0.0
3125,"2020","Odisha","21","Kandhamal","359","Kandhamal","0",0.0,0.0,0.0,0.0,0.0,0.0,0.0,0.0,0.0,0.0,0.0,0.0,0.0,0.0,0.0,0.0,0.0,0.0,0.0,0.0
3126,"2020","Odisha","21","Kendrapara","360","Kendrapara","0",0.0,0.0,0.0,0.0,0.0,0.0,0.0,0.0,0.0,0.0,0.0,0.0,0.0,0.0,0.0,0.0,0.0,0.0,0.0,0.0
3127,"2020","Odisha","21","Kendujhar","361","Keonjhar","0",0.0,0.0,0.0,0.0,0.0,0.0,0.0,0.0,0.0,0.0,0.0,0.0,0.0,0.0,0.0,0.0,0.0,0.0,0.0,0.0
3128,"2020","Odisha","21","Khordha","362","Khurda","0",0.0,0.0,0.0,0.0,0.0,0.0,0.0,0.0,0.0,0.0,0.0,0.0,0.0,0.0,0.0,0.0,0.0,0.0,0.0,0.0
3129,"2020","Odisha","21","Koraput","363","Koraput","0",0.0,0.0,0.0,0.0,0.0,0.0,0.0,0.0,0.0,0.0,0.0,0.0,0.0,0.0,0.0,0.0,0.0,0.0,0.0,0.0
3130,"2020","Odisha","21","Malkangiri","364","Malkangiri","0",0.0,0.0,0.0,0.0,0.0,0.0,0.0,0.0,0.0,0.0,0.0,0.0,0.0,0.0,0.0,0.0,0.0,0.0,0.0,0.0
3131,"2020","Odisha","21","Mayurbhanj","365","Mayurbhanj","0",0.0,0.0,0.0,0.0,0.0,0.0,0.0,0.0,0.0,0.0,0.0,0.0,0.0,0.0,0.0,0.0,0.0,0.0,0.0,0.0
3132,"2020","Odisha","21","Nayagarh","367","Nayagarh","0",0.0,0.0,0.0,0.0,0.0,0.0,0.0,0.0,0.0,0.0,0.0,0.0,0.0,0.0,0.0,0.0,0.0,0.0,0.0,0.0
3133,"2020","Odisha","21","Nabarangpur","366","Nabarangpur","0",0.0,0.0,0.0,0.0,0.0,0.0,0.0,0.0,0.0,0.0,0.0,0.0,0.0,0.0,0.0,0.0,0.0,0.0,0.0,0.0
3134,"2020","Odisha","21","Nuapada","368","Nuapada","0",0.0,0.0,0.0,0.0,0.0,0.0,0.0,0.0,0.0,0.0,0.0,0.0,0.0,0.0,0.0,0.0,0.0,0.0,0.0,0.0
3135,"2020","Odisha","21","Puri","369","Puri","0",0.0,0.0,0.0,0.0,0.0,0.0,0.0,0.0,0.0,0.0,0.0,0.0,0.0,0.0,0.0,0.0,0.0,0.0,0.0,0.0
3136,"2020","Odisha","21","Rayagada","370","Rayagada","0",0.0,0.0,0.0,0.0,0.0,0.0,0.0,0.0,0.0,0.0,0.0,0.0,0.0,0.0,0.0,0.0,0.0,0.0,0.0,0.0
3137,"2020","Odisha","21","Sundargarh","373","Rourkela","0",0.0,0.0,0.0,0.0,0.0,0.0,0.0,0.0,0.0,0.0,0.0,0.0,0.0,0.0,0.0,0.0,0.0,0.0,0.0,0.0
3138,"2020","Odisha","21","Sambalpur","371","Sambalpur","0",0.0,0.0,0.0,0.0,0.0,0.0,0.0,0.0,0.0,0.0,0.0,0.0,0.0,0.0,0.0,0.0,0.0,0.0,0.0,0.0
3139,"2020","Odisha","21","Sonepur","372","Sonepur","0",0.0,0.0,0.0,0.0,0.0,0.0,0.0,0.0,0.0,0.0,0.0,0.0,0.0,0.0,0.0,0.0,0.0,0.0,0.0,0.0
3140,"2020","Odisha","21","Cuttack","350","Srp(Cuttack)","0",0.0,0.0,0.0,0.0,0.0,0.0,0.0,0.0,0.0,0.0,0.0,0.0,0.0,0.0,0.0,0.0,0.0,0.0,0.0,0.0
3141,"2020","Odisha","21","Sundargarh","373","Srp(Rourkela)","0",0.0,0.0,0.0,0.0,0.0,0.0,0.0,0.0,0.0,0.0,0.0,0.0,0.0,0.0,0.0,0.0,0.0,0.0,0.0,0.0
3142,"2020","Odisha","21","Sundargarh","373","Sundargarh","0",0.0,0.0,0.0,0.0,0.0,0.0,0.0,0.0,0.0,0.0,0.0,0.0,0.0,0.0,0.0,0.0,0.0,0.0,0.0,0.0
3143,"2020","Odisha","21","Cuttack","350","Cid Cb","24",138.0,175.0,1085.0,728.0,395.0,236.0,16.0,386.0,2115.0,7441.0,1280.0,214.0,149.0,0.0,0.0,0.0,0.0,0.0,0.0,0.0
3144,"2020","Punjab","03","Amritsar","027","Amritsar Rural","2",3.0,0.0,7.0,12.0,5.0,3.0,1.0,7.0,59.0,13.0,7.0,2.0,1.0,0.0,0.0,0.0,0.0,0.0,0.0,0.0
3145,"2020","Punjab","03","Barnala","605","Barnala","0",0.0,1.0,1.0,7.0,2.0,2.0,0.0,0.0,11.0,6.0,3.0,0.0,1.0,0.0,0.0,0.0,0.0,0.0,0.0,0.0
3146,"2020","Punjab","03","Gurdaspur","032","Batala","0",0.0,1.0,16.0,14.0,9.0,1.0,0.0,0.0,0.0,7.0,5.0,2.0,0.0,0.0,0.0,0.0,0.0,0.0,0.0,0.0
3147,"2020","Punjab","03","Bathinda","028","Bathinda","1",1.0,0.0,14.0,11.0,6.0,6.0,2.0,0.0,1.0,21.0,10.0,2.0,0.0,0.0,0.0,0.0,0.0,0.0,0.0,0.0
3148,"2020","Punjab","03","Amritsar","027","Cp Amritsar","0",4.0,5.0,26.0,22.0,16.0,6.0,0.0,7.0,60.0,56.0,13.0,3.0,0.0,0.0,0.0,0.0,0.0,0.0,0.0,0.0
3149,"2020","Punjab","03","Jalandhar","034","Cp Jalandhar","0",0.0,0.0,64.0,48.0,17.0,11.0,0.0,0.0,0.0,135.0,30.0,4.0,3.0,0.0,0.0,0.0,0.0,0.0,0.0,0.0
3150,"2020","Punjab","03","Ludhiana","036","Cp Ludhiana","4",10.0,5.0,16.0,15.0,8.0,2.0,1.0,5.0,19.0,34.0,7.0,2.0,0.0,0.0,0.0,0.0,0.0,0.0,0.0,0.0
3151,"2020","Punjab","03","Faridkot","029","Faridkot","0",0.0,0.0,8.0,3.0,7.0,0.0,0.0,0.0,0.0,9.0,2.0,0.0,0.0,0.0,0.0,0.0,0.0,0.0,0.0,0.0
3152,"2020","Punjab","03","Fatehgarh Sahib","030","Fatehgarh Sahib","2",4.0,3.0,23.0,23.0,15.0,14.0,0.0,1.0,1.0,43.0,7.0,0.0,1.0,0.0,0.0,0.0,0.0,0.0,0.0,0.0
3153,"2020","Punjab","03","Fazilka","651","Fazilka","1",2.0,2.0,16.0,14.0,12.0,4.0,1.0,2.0,3.0,30.0,10.0,1.0,0.0,0.0,0.0,0.0,0.0,0.0,0.0,0.0
3154,"2020","Punjab","03","Ferozepur","031","Ferozepur","0",0.0,0.0,20.0,15.0,17.0,7.0,0.0,2.0,29.0,21.0,4.0,3.0,5.0,0.0,0.0,0.0,0.0,0.0,0.0,0.0
3155,"2020","Punjab","03","Patiala","041","Grp","1",0.0,0.0,0.0,0.0,1.0,0.0,1.0,0.0,0.0,2.0,0.0,0.0,0.0,0.0,0.0,0.0,0.0,0.0,0.0,0.0
3156,"2020","Punjab","03","Gurdaspur","032","Gurdaspur","0",0.0,2.0,6.0,2.0,2.0,3.0,0.0,0.0,0.0,1.0,5.0,1.0,2.0,0.0,0.0,0.0,0.0,0.0,0.0,0.0
3157,"2020","Punjab","03","Hoshiarpur","033","Hoshiarpur","0",0.0,0.0,14.0,12.0,9.0,8.0,1.0,3.0,38.0,90.0,53.0,5.0,1.0,0.0,0.0,0.0,0.0,0.0,0.0,0.0
3158,"2020","Punjab","03","Jalandhar","034","Jalandhar Rural","3",12.0,7.0,38.0,24.0,24.0,9.0,5.0,15.0,21.0,130.0,61.0,4.0,1.0,0.0,0.0,0.0,0.0,0.0,0.0,0.0
3159,"2020","Punjab","03","Kapurthala","035","Kapurthala","0",0.0,0.0,13.0,11.0,5.0,0.0,0.0,0.0,0.0,16.0,8.0,0.0,1.0,0.0,0.0,0.0,0.0,0.0,0.0,0.0
3160,"2020","Punjab","03","Ludhiana","036","Khanna","0",2.0,1.0,11.0,18.0,4.0,6.0,0.0,1.0,8.0,27.0,9.0,3.0,1.0,0.0,0.0,0.0,0.0,0.0,0.0,0.0
3161,"2020","Punjab","03","Ludhiana","036","Ludhiana Rural","0",0.0,0.0,9.0,9.0,4.0,4.0,0.0,0.0,0.0,6.0,3.0,0.0,0.0,0.0,0.0,0.0,0.0,0.0,0.0,0.0
3162,"2020","Punjab","03","Mansa","037","Mansa","0",0.0,0.0,0.0,1.0,3.0,0.0,0.0,0.0,0.0,3.0,2.0,0.0,0.0,0.0,0.0,0.0,0.0,0.0,0.0,0.0
3163,"2020","Punjab","03","Moga","038","Moga","0",3.0,0.0,25.0,18.0,12.0,7.0,1.0,0.0,1.0,22.0,11.0,1.0,1.0,0.0,0.0,0.0,0.0,0.0,0.0,0.0
3164,"2020","Punjab","03","Sri Muktsar Sahib","039","Muktsar","0",0.0,1.0,11.0,30.0,7.0,4.0,1.0,1.0,0.0,26.0,11.0,4.0,1.0,0.0,0.0,0.0,0.0,0.0,0.0,0.0
3165,"2020","Punjab","03","Pathankot","662","Pathankot","2",0.0,0.0,2.0,12.0,5.0,1.0,0.0,0.0,0.0,9.0,4.0,3.0,0.0,0.0,0.0,0.0,0.0,0.0,0.0,0.0
3166,"2020","Punjab","03","Patiala","041","Patiala","1",4.0,10.0,21.0,13.0,10.0,1.0,6.0,12.0,83.0,92.0,18.0,2.0,0.0,0.0,0.0,0.0,0.0,0.0,0.0,0.0
3167,"2020","Punjab","03","Rupnagar","042","Ropar","1",2.0,1.0,14.0,14.0,6.0,4.0,1.0,3.0,19.0,9.0,3.0,3.0,2.0,0.0,0.0,0.0,0.0,0.0,0.0,0.0
3168,"2020","Punjab","03","Sangrur","043","Sangrur","4",2.0,2.0,10.0,5.0,4.0,1.0,2.0,10.0,67.0,27.0,5.0,2.0,0.0,0.0,0.0,0.0,0.0,0.0,0.0,0.0
3169,"2020","Punjab","03","S.A.S Nagar","608","Sas Nagar","0",0.0,0.0,5.0,7.0,5.0,1.0,0.0,0.0,2.0,12.0,8.0,1.0,1.0,0.0,0.0,0.0,0.0,0.0,0.0,0.0
3170,"2020","Punjab","03","Shahid Bhagat Singh Nagar","040","Sbs Nagar","0",2.0,0.0,3.0,6.0,3.0,6.0,0.0,9.0,6.0,7.0,7.0,1.0,0.0,0.0,0.0,0.0,0.0,0.0,0.0,0.0
3171,"2020","Punjab","03","Tarn Taran","609","Tarn Taran","1",1.0,6.0,12.0,14.0,11.0,4.0,0.0,1.0,3.0,8.0,7.0,4.0,1.0,0.0,0.0,0.0,0.0,0.0,0.0,0.0
3172,"2020","Punjab","03","S.A.S Nagar","608","Bureau Of Investigation","0",0.0,0.0,0.0,0.0,0.0,0.0,0.0,0.0,0.0,0.0,0.0,0.0,0.0,0.0,0.0,0.0,0.0,0.0,0.0,0.0
3173,"2020","Punjab","03","S.A.S Nagar","608","Intelligence Wing","0",0.0,0.0,0.0,0.0,0.0,0.0,0.0,0.0,0.0,0.0,0.0,0.0,0.0,0.0,0.0,0.0,0.0,0.0,0.0,0.0
3174,"2020","Punjab","03","S.A.S Nagar","608","Nri Wing","0",0.0,0.0,0.0,0.0,0.0,0.0,0.0,0.0,0.0,0.0,0.0,0.0,0.0,0.0,0.0,0.0,0.0,0.0,0.0,0.0
3175,"2020","Punjab","03","Amritsar","027","Special Task Force","0",0.0,0.0,0.0,0.0,0.0,0.0,0.0,0.0,0.0,0.0,0.0,0.0,0.0,0.0,0.0,0.0,0.0,0.0,0.0,0.0
3176,"2020","Rajasthan","08","Ajmer","086","Ajmer","7",21.0,18.0,92.0,80.0,54.0,13.0,7.0,35.0,137.0,544.0,190.0,27.0,7.0,0.0,0.0,0.0,0.0,0.0,0.0,0.0
3177,"2020","Rajasthan","08","Alwar","087","Alwar","1",7.0,14.0,31.0,42.0,26.0,7.0,0.0,10.0,63.0,147.0,77.0,9.0,3.0,0.0,0.0,0.0,0.0,0.0,0.0,0.0
3178,"2020","Rajasthan","08","Banswara","088","Banswara","0",0.0,1.0,41.0,20.0,11.0,2.0,0.0,0.0,5.0,152.0,85.0,9.0,0.0,0.0,0.0,0.0,0.0,0.0,0.0,0.0
3179,"2020","Rajasthan","08","Baran","089","Baran","1",1.0,10.0,31.0,22.0,14.0,8.0,1.0,6.0,67.0,301.0,49.0,1.0,3.0,0.0,0.0,0.0,0.0,0.0,0.0,0.0
3180,"2020","Rajasthan","08","Barmer","090","Barmer","1",0.0,4.0,20.0,8.0,6.0,2.0,1.0,10.0,38.0,112.0,10.0,1.0,1.0,0.0,0.0,0.0,0.0,0.0,0.0,0.0
3181,"2020","Rajasthan","08","Bharatpur","091","Bharatpur","1",7.0,6.0,59.0,25.0,10.0,5.0,0.0,5.0,4.0,113.0,34.0,16.0,6.0,0.0,0.0,0.0,0.0,0.0,0.0,0.0
3182,"2020","Rajasthan","08","Bhilwara","092","Bhilwara","1",2.0,8.0,101.0,41.0,11.0,6.0,0.0,10.0,195.0,631.0,100.0,8.0,5.0,0.0,0.0,0.0,0.0,0.0,0.0,0.0
3183,"2020","Rajasthan","08","Bikaner","093","Bikaner","0",0.0,0.0,0.0,0.0,0.0,0.0,0.0,0.0,0.0,0.0,0.0,0.0,0.0,0.0,0.0,0.0,0.0,0.0,0.0,0.0
3184,"2020","Rajasthan","08","Bundi","094","Bundi","0",3.0,3.0,46.0,13.0,6.0,3.0,0.0,13.0,84.0,336.0,3.0,0.0,0.0,0.0,0.0,0.0,0.0,0.0,0.0,0.0
3185,"2020","Rajasthan","08","Chittorgarh","095","Chittorgarh","0",0.0,9.0,81.0,33.0,15.0,3.0,0.0,10.0,144.0,486.0,71.0,5.0,1.0,0.0,0.0,0.0,0.0,0.0,0.0,0.0
3186,"2020","Rajasthan","08","Churu","096","Churu","0",1.0,6.0,27.0,23.0,5.0,1.0,0.0,4.0,31.0,207.0,22.0,1.0,0.0,0.0,0.0,0.0,0.0,0.0,0.0,0.0
3187,"2020","Rajasthan","08","Dausa","097","Dausa","1",2.0,7.0,76.0,45.0,26.0,5.0,0.0,6.0,20.0,95.0,37.0,9.0,1.0,0.0,0.0,0.0,0.0,0.0,0.0,0.0
3188,"2020","Rajasthan","08","Dholpur","098","Dholpur","2",5.0,0.0,19.0,10.0,4.0,2.0,2.0,0.0,0.0,63.0,20.0,1.0,1.0,0.0,0.0,0.0,0.0,0.0,0.0,0.0
3189,"2020","Rajasthan","08","Dungarpur","099","Dungarpur","0",1.0,3.0,32.0,10.0,6.0,1.0,0.0,9.0,44.0,212.0,45.0,3.0,0.0,0.0,0.0,0.0,0.0,0.0,0.0,0.0
3190,"2020","Rajasthan","08","Ajmer","086","Grp Ajmer","0",1.0,0.0,2.0,0.0,0.0,3.0,0.0,0.0,0.0,1.0,0.0,0.0,0.0,0.0,0.0,0.0,0.0,0.0,0.0,0.0
3191,"2020","Rajasthan","08","Jodhpur","107","Grp Jodhpur","0",1.0,0.0,2.0,0.0,3.0,0.0,0.0,0.0,1.0,0.0,1.0,1.0,0.0,0.0,0.0,0.0,0.0,0.0,0.0,0.0
3192,"2020","Rajasthan","08","Ganganagar","100","Ganganagar","0",4.0,12.0,82.0,107.0,55.0,24.0,0.0,2.0,2.0,66.0,754.0,508.0,85.0,0.0,0.0,0.0,0.0,0.0,0.0,0.0
3193,"2020","Rajasthan","08","Hanumangarh","101","Hanumangarh","0",1.0,6.0,72.0,28.0,20.0,5.0,1.0,6.0,51.0,305.0,45.0,4.0,0.0,0.0,0.0,0.0,0.0,0.0,0.0,0.0
3194,"2020","Rajasthan","08","Jaipur","102","Jaipur East","0",4.0,2.0,91.0,51.0,24.0,14.0,3.0,8.0,6.0,221.0,77.0,12.0,11.0,0.0,0.0,0.0,0.0,0.0,0.0,0.0
3195,"2020","Rajasthan","08","Jaipur","102","Jaipur North","4",5.0,9.0,77.0,42.0,15.0,14.0,1.0,9.0,59.0,237.0,40.0,4.0,1.0,0.0,0.0,0.0,0.0,0.0,0.0,0.0
3196,"2020","Rajasthan","08","Jaipur (Gramin)","783","Jaipur Rural","2",0.0,3.0,61.0,51.0,31.0,32.0,25.0,3.0,27.0,123.0,40.0,12.0,13.0,0.0,0.0,0.0,0.0,0.0,0.0,0.0
3197,"2020","Rajasthan","08","Jaipur","102","Jaipur South","1",10.0,23.0,98.0,49.0,30.0,9.0,1.0,18.0,79.0,246.0,45.0,8.0,5.0,0.0,0.0,0.0,0.0,0.0,0.0,0.0
3198,"2020","Rajasthan","08","Jaipur","102","Jaipur West","0",6.0,26.0,86.0,65.0,21.0,30.0,0.0,11.0,88.0,247.0,34.0,7.0,3.0,0.0,0.0,0.0,0.0,0.0,0.0,0.0
3199,"2020","Rajasthan","08","Jaisalmer","103","Jaisalmer","0",1.0,0.0,9.0,4.0,2.0,3.0,0.0,3.0,7.0,30.0,7.0,0.0,0.0,0.0,0.0,0.0,0.0,0.0,0.0,0.0
3200,"2020","Rajasthan","08","Jalore","104","Jalore","0",1.0,4.0,28.0,17.0,4.0,2.0,0.0,4.0,58.0,231.0,37.0,3.0,1.0,0.0,0.0,0.0,0.0,0.0,0.0,0.0
3201,"2020","Rajasthan","08","Jhalawar","105","Jhalawar","0",3.0,7.0,45.0,25.0,6.0,2.0,0.0,27.0,98.0,320.0,44.0,8.0,7.0,0.0,0.0,0.0,0.0,0.0,0.0,0.0
3202,"2020","Rajasthan","08","Jhunjhunu","106","Jhunjhunu","0",4.0,6.0,33.0,20.0,14.0,5.0,0.0,9.0,50.0,339.0,33.0,2.0,1.0,0.0,0.0,0.0,0.0,0.0,0.0,0.0
3203,"2020","Rajasthan","08","Jodhpur","107","Jodhpur East","1",1.0,1.0,48.0,25.0,12.0,1.0,2.0,5.0,30.0,149.0,15.0,7.0,1.0,0.0,0.0,0.0,0.0,0.0,0.0,0.0
3204,"2020","Rajasthan","08","Jodhpur","107","Jodhpur West","0",4.0,13.0,62.0,54.0,15.0,3.0,0.0,8.0,41.0,143.0,55.0,6.0,2.0,0.0,0.0,0.0,0.0,0.0,0.0,0.0
3205,"2020","Rajasthan","08","Jodhpur","107","Jodhpur Rural","0",3.0,7.0,39.0,10.0,4.0,2.0,0.0,6.0,39.0,115.0,15.0,0.0,0.0,0.0,0.0,0.0,0.0,0.0,0.0,0.0
3206,"2020","Rajasthan","08","Karauli","108","Karauli","0",1.0,6.0,19.0,18.0,3.0,2.0,0.0,1.0,3.0,50.0,27.0,2.0,4.0,0.0,0.0,0.0,0.0,0.0,0.0,0.0
3207,"2020","Rajasthan","08","Kota","109","Kota City","2",6.0,27.0,77.0,73.0,38.0,23.0,0.0,6.0,104.0,402.0,91.0,21.0,8.0,0.0,0.0,0.0,0.0,0.0,0.0,0.0
3208,"2020","Rajasthan","08","Kota","109","Kota Rural","0",4.0,1.0,30.0,22.0,9.0,1.0,0.0,9.0,66.0,258.0,45.0,5.0,1.0,0.0,0.0,0.0,0.0,0.0,0.0,0.0
3209,"2020","Rajasthan","08","Nagaur","110","Nagaur","0",2.0,12.0,76.0,18.0,17.0,0.0,0.0,10.0,83.0,333.0,20.0,4.0,0.0,0.0,0.0,0.0,0.0,0.0,0.0,0.0
3210,"2020","Rajasthan","08","Pali","111","Pali","28",32.0,10.0,102.0,87.0,37.0,19.0,37.0,30.0,9.0,732.0,186.0,22.0,7.0,0.0,0.0,0.0,0.0,0.0,0.0,0.0
3211,"2020","Rajasthan","08","Pratapgarh","629","Pratapgarh","0",0.0,6.0,25.0,18.0,4.0,0.0,0.0,0.0,71.0,185.0,18.0,1.0,2.0,0.0,0.0,0.0,0.0,0.0,0.0,0.0
3212,"2020","Rajasthan","08","Rajsamand","112","Rajsamand","0",4.0,7.0,51.0,19.0,10.0,3.0,0.0,6.0,99.0,482.0,75.0,6.0,4.0,0.0,0.0,0.0,0.0,0.0,0.0,0.0
3213,"2020","Rajasthan","08","Sawai Madhopur","113","Sawai Madhopur","0",3.0,5.0,14.0,4.0,7.0,1.0,0.0,2.0,4.0,106.0,11.0,2.0,0.0,0.0,0.0,0.0,0.0,0.0,0.0,0.0
3214,"2020","Rajasthan","08","Sikar","114","Sikar","1",9.0,15.0,66.0,26.0,22.0,7.0,0.0,9.0,89.0,357.0,55.0,4.0,2.0,0.0,0.0,0.0,0.0,0.0,0.0,0.0
3215,"2020","Rajasthan","08","Sirohi","115","Sirohi","0",1.0,4.0,31.0,16.0,3.0,2.0,0.0,6.0,30.0,228.0,42.0,6.0,1.0,0.0,0.0,0.0,0.0,0.0,0.0,0.0
3216,"2020","Rajasthan","08","Tonk","116","Tonk","0",0.0,5.0,26.0,15.0,1.0,7.0,0.0,1.0,15.0,203.0,40.0,6.0,1.0,0.0,0.0,0.0,0.0,0.0,0.0,0.0
3217,"2020","Rajasthan","08","Udaipur","117","Udaipur","0",6.0,3.0,80.0,89.0,18.0,3.0,0.0,8.0,92.0,490.0,206.0,53.0,2.0,0.0,0.0,0.0,0.0,0.0,0.0,0.0
3218,"2020","Rajasthan","08","Jaipur","102","Jaipur Metro","0",0.0,0.0,0.0,0.0,0.0,0.0,0.0,0.0,0.0,0.0,0.0,0.0,0.0,0.0,0.0,0.0,0.0,0.0,0.0,0.0
3219,"2020","Rajasthan","08","Jaipur","102","Scrb","0",0.0,0.0,0.0,0.0,0.0,0.0,0.0,0.0,0.0,0.0,0.0,0.0,0.0,0.0,0.0,0.0,0.0,0.0,0.0,0.0
3220,"2020","Rajasthan","08","Jaipur","102","Sog","0",0.0,0.0,0.0,0.0,0.0,0.0,0.0,0.0,0.0,0.0,0.0,0.0,0.0,0.0,0.0,0.0,0.0,0.0,0.0,0.0
3221,"2020","Rajasthan","08","Jaipur","102","Ssb","0",0.0,0.0,0.0,0.0,0.0,0.0,0.0,0.0,0.0,0.0,0.0,0.0,0.0,0.0,0.0,0.0,0.0,0.0,0.0,0.0
3222,"2020","Rajasthan","08","Jaipur","102","Jaipur Crime","0",0.0,0.0,0.0,0.0,0.0,0.0,0.0,0.0,0.0,0.0,0.0,0.0,0.0,0.0,0.0,0.0,0.0,0.0,0.0,0.0
3223,"2020","Rajasthan","08","Khairthal-Tijara","770","Bhiwadi","0",7.0,14.0,53.0,23.0,7.0,3.0,1.0,13.0,75.0,139.0,38.0,3.0,0.0,0.0,0.0,0.0,0.0,0.0,0.0,0.0
3224,"2020","Sikkim","11","Gangtok","225","East","0",0.0,0.0,9.0,4.0,5.0,2.0,0.0,3.0,4.0,30.0,13.0,0.0,0.0,0.0,0.0,0.0,0.0,0.0,0.0,0.0
3225,"2020","Sikkim","11","Mangan","226","North","0",0.0,0.0,1.0,0.0,0.0,0.0,0.0,0.0,0.0,0.0,0.0,0.0,0.0,0.0,0.0,0.0,0.0,0.0,0.0,0.0
3226,"2020","Sikkim","11","Namchi","227","South","0",0.0,0.0,1.0,9.0,2.0,0.0,0.0,0.0,2.0,12.0,9.0,0.0,0.0,0.0,0.0,0.0,0.0,0.0,0.0,0.0
3227,"2020","Sikkim","11","Gyalshing","228","West","0",0.0,0.0,1.0,4.0,0.0,0.0,0.0,0.0,2.0,7.0,13.0,0.0,0.0,0.0,0.0,0.0,0.0,0.0,0.0,0.0
3228,"2020","Tamil Nadu","33","Ariyalur","610","Ariyalur","3",7.0,3.0,17.0,9.0,4.0,4.0,5.0,6.0,53.0,159.0,11.0,4.0,3.0,0.0,0.0,0.0,0.0,0.0,0.0,0.0
3229,"2020","Tamil Nadu","33","Chennai","568","Chennai","36",71.0,73.0,256.0,289.0,151.0,206.0,36.0,66.0,449.0,1126.0,209.0,83.0,128.0,0.0,0.0,0.0,0.0,1.0,0.0,0.0
3230,"2020","Tamil Nadu","33","Coimbatore","569","Coimbatore","7",14.0,0.0,23.0,32.0,28.0,25.0,4.0,33.0,112.0,125.0,75.0,13.0,12.0,0.0,0.0,0.0,0.0,0.0,1.0,0.0
3231,"2020","Tamil Nadu","33","Coimbatore","569","Coimbatore City","4",12.0,12.0,18.0,29.0,20.0,16.0,2.0,19.0,55.0,104.0,37.0,8.0,5.0,0.0,0.0,0.0,0.0,0.0,0.0,0.0
3232,"2020","Tamil Nadu","33","Cuddalore","570","Cuddalore","0",4.0,8.0,27.0,19.0,13.0,10.0,0.0,4.0,37.0,220.0,19.0,6.0,8.0,0.0,0.0,0.0,0.0,0.0,0.0,0.0
3233,"2020","Tamil Nadu","33","Dharmapuri","571","Dharmapuri","1",6.0,2.0,5.0,5.0,8.0,3.0,2.0,8.0,57.0,42.0,21.0,2.0,1.0,0.0,0.0,0.0,0.0,0.0,0.0,0.0
3234,"2020","Tamil Nadu","33","Dindigul","572","Dindigul","6",12.0,6.0,11.0,12.0,9.0,12.0,7.0,6.0,85.0,103.0,19.0,2.0,8.0,0.0,0.0,0.0,0.0,0.0,0.0,0.0
3235,"2020","Tamil Nadu","33","Erode","573","Erode","14",19.0,3.0,24.0,41.0,22.0,16.0,15.0,23.0,117.0,233.0,107.0,14.0,8.0,0.0,0.0,0.0,0.0,0.0,0.0,0.0
3236,"2020","Tamil Nadu","33","Kanchipuram","574","Kanchipuram","1",4.0,9.0,27.0,15.0,8.0,12.0,1.0,3.0,30.0,112.0,76.0,18.0,13.0,0.0,0.0,0.0,0.0,0.0,0.0,0.0
3237,"2020","Tamil Nadu","33","Kanniyakumari","575","Kanyakumari","10",20.0,3.0,26.0,34.0,34.0,31.0,13.0,16.0,1.0,138.0,64.0,13.0,10.0,0.0,0.0,0.0,0.0,0.0,0.0,0.0
3238,"2020","Tamil Nadu","33","Karur","576","Karur","6",3.0,4.0,18.0,10.0,6.0,10.0,4.0,4.0,51.0,111.0,14.0,1.0,2.0,0.0,0.0,0.0,0.0,0.0,0.0,0.0
3239,"2020","Tamil Nadu","33","Krishnagiri","577","Krishnagiri","1",9.0,3.0,14.0,16.0,9.0,5.0,5.0,8.0,31.0,68.0,15.0,4.0,2.0,0.0,0.0,0.0,0.0,0.0,0.0,0.0
3240,"2020","Tamil Nadu","33","Madurai","578","Madurai","8",14.0,12.0,9.0,51.0,25.0,7.0,10.0,18.0,81.0,174.0,65.0,23.0,6.0,0.0,0.0,0.0,0.0,0.0,0.0,0.0
3241,"2020","Tamil Nadu","33","Madurai","578","Madurai City","5",18.0,7.0,31.0,21.0,31.0,23.0,12.0,11.0,44.0,231.0,40.0,9.0,23.0,0.0,0.0,0.0,0.0,0.0,0.0,0.0
3242,"2020","Tamil Nadu","33","Nagapattinam","579","Nagapattinam","5",6.0,0.0,8.0,9.0,6.0,7.0,9.0,6.0,31.0,92.0,47.0,5.0,1.0,0.0,0.0,0.0,0.0,0.0,0.0,0.0
3243,"2020","Tamil Nadu","33","Namakkal","580","Namakkal","8",6.0,8.0,10.0,17.0,10.0,11.0,9.0,14.0,62.0,128.0,54.0,4.0,4.0,0.0,0.0,0.0,0.0,0.0,0.0,0.0
3244,"2020","Tamil Nadu","33","The Nilgiris","587","Nilgiris","5",4.0,4.0,5.0,5.0,4.0,3.0,1.0,11.0,25.0,43.0,4.0,1.0,2.0,0.0,0.0,0.0,0.0,0.0,0.0,0.0
3245,"2020","Tamil Nadu","33","Perambalur","581","Perambalur","1",0.0,3.0,8.0,6.0,1.0,5.0,1.0,2.0,32.0,63.0,12.0,4.0,1.0,0.0,0.0,0.0,0.0,0.0,0.0,0.0
3246,"2020","Tamil Nadu","33","Pudukkottai","582","Pudukottai","3",9.0,4.0,16.0,22.0,10.0,8.0,1.0,8.0,57.0,191.0,50.0,8.0,5.0,0.0,0.0,0.0,0.0,0.0,0.0,0.0
3247,"2020","Tamil Nadu","33","Ramanathapuram","583","Ramnathapuram","11",7.0,6.0,16.0,19.0,3.0,9.0,11.0,4.0,37.0,182.0,22.0,8.0,3.0,0.0,0.0,0.0,0.0,0.0,0.0,0.0
3248,"2020","Tamil Nadu","33","Chennai","568","Railway Chennai","2",0.0,2.0,2.0,1.0,0.0,0.0,2.0,0.0,4.0,3.0,0.0,0.0,1.0,0.0,0.0,0.0,0.0,0.0,0.0,0.0
3249,"2020","Tamil Nadu","33","Tiruchirappalli","591","Railway Trichy","0",0.0,0.0,0.0,0.0,0.0,0.0,0.0,0.0,1.0,1.0,0.0,0.0,0.0,0.0,0.0,0.0,0.0,0.0,0.0,0.0
3250,"2020","Tamil Nadu","33","Salem","584","Salem","1",7.0,9.0,8.0,12.0,14.0,11.0,0.0,56.0,69.0,53.0,29.0,38.0,11.0,0.0,0.0,0.0,0.0,0.0,0.0,0.0
3251,"2020","Tamil Nadu","33","Salem","584","Salem City","8",12.0,16.0,22.0,20.0,16.0,11.0,11.0,16.0,44.0,138.0,20.0,3.0,5.0,0.0,0.0,0.0,0.0,0.0,0.0,0.0
3252,"2020","Tamil Nadu","33","Sivaganga","585","Sivagangai","2",3.0,2.0,4.0,13.0,6.0,7.0,3.0,8.0,36.0,67.0,32.0,5.0,0.0,0.0,0.0,0.0,0.0,0.0,0.0,0.0
3253,"2020","Tamil Nadu","33","Thanjavur","586","Thanjavur","7",9.0,5.0,12.0,26.0,22.0,14.0,15.0,6.0,79.0,202.0,44.0,8.0,5.0,0.0,0.0,0.0,0.0,0.0,0.0,0.0
3254,"2020","Tamil Nadu","33","Theni","588","Theni","5",8.0,5.0,12.0,13.0,5.0,4.0,2.0,10.0,61.0,45.0,10.0,3.0,2.0,0.0,0.0,0.0,0.0,0.0,0.0,0.0
3255,"2020","Tamil Nadu","33","Tirunelveli","592","Thirunelveli","8",12.0,2.0,11.0,6.0,15.0,7.0,8.0,13.0,54.0,82.0,58.0,6.0,5.0,0.0,0.0,0.0,0.0,0.0,0.0,0.0
3256,"2020","Tamil Nadu","33","Tirunelveli","592","Thirunelveli City","1",5.0,9.0,8.0,9.0,8.0,6.0,3.0,4.0,16.0,48.0,22.0,26.0,7.0,0.0,0.0,0.0,0.0,0.0,0.0,0.0
3257,"2020","Tamil Nadu","33","Thiruvallur","589","Thiruvallur","9",23.0,15.0,42.0,47.0,37.0,17.0,0.0,26.0,99.0,372.0,59.0,17.0,15.0,0.0,0.0,0.0,0.0,0.0,0.0,0.0
3258,"2020","Tamil Nadu","33","Tiruvannamalai","593","Thiruvannamalai","10",8.0,5.0,25.0,15.0,10.0,11.0,7.0,6.0,101.0,275.0,16.0,8.0,8.0,0.0,0.0,0.0,0.0,0.0,0.0,0.0
3259,"2020","Tamil Nadu","33","Thiruvarur","590","Thiruvarur","3",6.0,7.0,9.0,8.0,3.0,4.0,4.0,7.0,13.0,91.0,25.0,3.0,0.0,0.0,0.0,0.0,0.0,0.0,0.0,0.0
3260,"2020","Tamil Nadu","33","Tuticorin","594","Thoothukudi","7",13.0,10.0,26.0,25.0,11.0,13.0,12.0,17.0,83.0,187.0,26.0,3.0,8.0,0.0,0.0,0.0,0.0,0.0,0.0,0.0
3261,"2020","Tamil Nadu","33","Tiruppur","634","Tiruppur","0",3.0,2.0,13.0,18.0,12.0,12.0,0.0,14.0,66.0,135.0,29.0,5.0,6.0,0.0,0.0,0.0,0.0,0.0,0.0,0.0
3262,"2020","Tamil Nadu","33","Tiruppur","634","Tiruppur City","9",9.0,9.0,13.0,20.0,16.0,9.0,7.0,9.0,59.0,116.0,39.0,6.0,4.0,0.0,0.0,0.0,0.0,0.0,0.0,0.0
3263,"2020","Tamil Nadu","33","Tiruchirappalli","591","Trichy","5",14.0,8.0,19.0,16.0,11.0,14.0,9.0,8.0,67.0,192.0,27.0,6.0,12.0,0.0,0.0,0.0,0.0,0.0,0.0,0.0
3264,"2020","Tamil Nadu","33","Tiruchirappalli","591","Trichy City","8",5.0,7.0,9.0,18.0,14.0,15.0,4.0,7.0,39.0,85.0,27.0,4.0,6.0,0.0,0.0,0.0,0.0,0.0,0.0,0.0
3265,"2020","Tamil Nadu","33","Vellore","595","Vellore","2",8.0,2.0,12.0,26.0,22.0,7.0,9.0,13.0,55.0,135.0,42.0,9.0,8.0,0.0,0.0,0.0,0.0,0.0,0.0,0.0
3266,"2020","Tamil Nadu","33","Villupuram","596","Villupuram","0",2.0,4.0,25.0,27.0,25.0,9.0,0.0,2.0,48.0,243.0,56.0,5.0,4.0,0.0,0.0,0.0,0.0,0.0,0.0,0.0
3267,"2020","Tamil Nadu","33","Virudhunagar","597","Virudhunagar","15",16.0,10.0,11.0,23.0,13.0,6.0,9.0,20.0,88.0,124.0,41.0,2.0,5.0,0.0,0.0,0.0,0.0,0.0,0.0,0.0
3268,"2020","Tamil Nadu","33","Chennai","568","Cyber Cell","0",0.0,0.0,0.0,0.0,0.0,0.0,0.0,0.0,0.0,0.0,0.0,0.0,0.0,0.0,0.0,0.0,0.0,0.0,0.0,0.0
3269,"2020","Tamil Nadu","33","Chennai","568","Other Units","0",0.0,0.0,0.0,0.0,0.0,0.0,0.0,0.0,0.0,0.0,0.0,0.0,0.0,0.0,0.0,0.0,0.0,0.0,0.0,0.0
3270,"2020","Tamil Nadu","33","Chengalpattu","730","Chengalpattu","11",12.0,6.0,11.0,21.0,15.0,19.0,7.0,15.0,49.0,218.0,36.0,12.0,3.0,0.0,0.0,0.0,0.0,0.0,0.0,0.0
3271,"2020","Tamil Nadu","33","Kallakurichi","729","Kallakurichi","1",2.0,2.0,7.0,6.0,2.0,1.0,2.0,3.0,32.0,47.0,12.0,2.0,1.0,0.0,0.0,0.0,0.0,0.0,0.0,0.0
3272,"2020","Tamil Nadu","33","Ranipet","731","Ranipet","6",10.0,6.0,21.0,13.0,10.0,7.0,4.0,10.0,50.0,169.0,19.0,2.0,1.0,0.0,0.0,0.0,0.0,0.0,0.0,0.0
3273,"2020","Tamil Nadu","33","Tirupathur","732","Tiruppattur","11",8.0,8.0,13.0,23.0,5.0,4.0,11.0,4.0,9.0,131.0,44.0,4.0,2.0,0.0,0.0,0.0,0.0,0.0,0.0,0.0
3274,"2020","Tamil Nadu","33","Tenkasi","733","Tenkasi","9",5.0,5.0,9.0,14.0,7.0,9.0,9.0,9.0,37.0,95.0,40.0,3.0,5.0,0.0,0.0,0.0,0.0,0.0,0.0,0.0
3275,"2020","Telangana","36","Ranga Reddy","518","Cyberabad Commissionerate","41",95.0,123.0,510.0,476.0,218.0,130.0,35.0,88.0,93.0,1366.0,340.0,98.0,59.0,0.0,0.0,0.0,0.0,0.0,0.0,0.0
3276,"2020","Telangana","36","Hyderabad","507","Hyderabad Commissionerate","13",94.0,156.0,579.0,378.0,205.0,51.0,13.0,104.0,339.0,963.0,395.0,126.0,54.0,0.0,0.0,0.0,0.0,0.0,0.0,0.0
3277,"2020","Telangana","36","Karimnagar","508","Karimnagar Commissionerate","8",9.0,6.0,15.0,54.0,19.0,13.0,6.0,13.0,40.0,158.0,62.0,9.0,2.0,0.0,0.0,0.0,0.0,0.0,0.0,0.0
3278,"2020","Telangana","36","Khammam","509","Khammam Commissionerate","0",7.0,1.0,56.0,25.0,19.0,6.0,1.0,4.0,1.0,254.0,39.0,4.0,2.0,0.0,0.0,0.0,0.0,0.0,0.0,0.0
3279,"2020","Telangana","36","Nizamabad","516","Nizamabad Commissionerate","16",11.0,7.0,65.0,56.0,28.0,14.0,16.0,18.0,54.0,223.0,33.0,9.0,11.0,0.0,0.0,0.0,0.0,0.0,0.0,0.0
3280,"2020","Telangana","36","Yadadri Bhuvanagiri","697","Rachakonda Commissionerate","18",71.0,142.0,734.0,71.0,81.0,7.0,18.0,52.0,110.0,973.0,423.0,43.0,9.0,0.0,0.0,0.0,0.0,0.0,0.0,0.0
3281,"2020","Telangana","36","Peddapalli","682","Ramagundam Commissionerate","0",2.0,9.0,41.0,30.0,13.0,11.0,0.0,0.0,6.0,278.0,31.0,8.0,1.0,0.0,0.0,0.0,0.0,0.0,0.0,0.0
3282,"2020","Telangana","36","Siddipet","692","Siddipet Commissionerate","12",11.0,12.0,33.0,49.0,19.0,10.0,12.0,13.0,43.0,235.0,53.0,5.0,6.0,0.0,0.0,0.0,0.0,0.0,0.0,0.0
3283,"2020","Telangana","36","Warangal","522","Warangal Commissionerate","11",14.0,26.0,87.0,80.0,23.0,12.0,9.0,24.0,121.0,395.0,49.0,14.0,9.0,0.0,0.0,0.0,0.0,0.0,0.0,0.0
3284,"2020","Telangana","36","Adilabad","501","Adilabad","0",3.0,2.0,11.0,8.0,6.0,1.0,3.0,1.0,5.0,56.0,10.0,1.0,2.0,0.0,0.0,0.0,0.0,0.0,0.0,0.0
3285,"2020","Telangana","36","Bhadradri Kothagudem","690","Bhadradri Kothagudem","2",16.0,0.0,36.0,26.0,14.0,6.0,4.0,5.0,3.0,197.0,42.0,7.0,5.0,0.0,0.0,0.0,0.0,0.0,0.0,0.0
3286,"2020","Telangana","36","Jagitial","681","Jagityal","5",1.0,9.0,23.0,17.0,10.0,0.0,2.0,3.0,55.0,135.0,34.0,3.0,2.0,0.0,0.0,0.0,0.0,0.0,0.0,0.0
3287,"2020","Telangana","36","Jayashankar Bhupalapally","687","Jayashankar Bhupalpalli","0",3.0,0.0,8.0,2.0,9.0,0.0,0.0,5.0,0.0,56.0,15.0,10.0,4.0,0.0,0.0,0.0,0.0,0.0,0.0,0.0
3288,"2020","Telangana","36","Jogulamba Gadwal","695","Jogulamba Gadwal","1",6.0,4.0,9.0,8.0,1.0,0.0,1.0,4.0,36.0,74.0,6.0,1.0,0.0,0.0,0.0,0.0,0.0,0.0,0.0,0.0
3289,"2020","Telangana","36","Kamareddy","685","Kamareddy","15",12.0,5.0,26.0,34.0,26.0,4.0,9.0,16.0,41.0,136.0,47.0,9.0,4.0,0.0,0.0,0.0,0.0,0.0,0.0,0.0
3290,"2020","Telangana","36","Kumuram Bheem Asifabad","699","Kumaram Bheem Asifabad","0",2.0,7.0,8.0,16.0,6.0,5.0,1.0,3.0,4.0,38.0,12.0,1.0,1.0,0.0,0.0,0.0,0.0,0.0,0.0,0.0
3291,"2020","Telangana","36","Mahabubabad","688","Mahabubabad","2",7.0,3.0,17.0,7.0,4.0,3.0,4.0,1.0,43.0,85.0,12.0,1.0,1.0,0.0,0.0,0.0,1.0,0.0,0.0,0.0
3292,"2020","Telangana","36","Mahabubnagar","512","Mahabubnagar","13",15.0,5.0,30.0,14.0,12.0,7.0,7.0,6.0,4.0,204.0,18.0,6.0,6.0,0.0,0.0,0.0,0.0,0.0,0.0,0.0
3293,"2020","Telangana","36","Medak","513","Medak","11",19.0,6.0,24.0,20.0,15.0,6.0,3.0,10.0,17.0,111.0,22.0,4.0,3.0,0.0,0.0,0.0,0.0,0.0,0.0,0.0
3294,"2020","Telangana","36","Nagarkurnool","694","Nagarkurnool","0",7.0,1.0,13.0,15.0,4.0,2.0,3.0,5.0,17.0,93.0,26.0,1.0,0.0,0.0,0.0,0.0,0.0,0.0,0.0,0.0
3295,"2020","Telangana","36","Nalgonda","514","Nalgonda","4",9.0,5.0,28.0,22.0,8.0,4.0,5.0,7.0,29.0,213.0,32.0,8.0,1.0,0.0,0.0,0.0,0.0,0.0,0.0,0.0
3296,"2020","Telangana","36","Nirmal","680","Nirmal","5",1.0,2.0,20.0,13.0,8.0,6.0,4.0,2.0,17.0,87.0,3.0,1.0,2.0,0.0,0.0,0.0,0.0,0.0,0.0,0.0
3297,"2020","Telangana","36","Rajanna Sircilla","683","Rajanna Siricilla","0",0.0,1.0,12.0,6.0,8.0,3.0,0.0,0.0,5.0,89.0,8.0,3.0,2.0,0.0,0.0,0.0,0.0,0.0,0.0,0.0
3298,"2020","Telangana","36","Sangareddy","691","Sangareddy","15",25.0,6.0,37.0,80.0,35.0,10.0,8.0,17.0,100.0,214.0,52.0,14.0,1.0,0.0,0.0,0.0,0.0,0.0,0.0,0.0
3299,"2020","Telangana","36","Suryapet","696","Suryapet","5",6.0,7.0,18.0,11.0,12.0,4.0,3.0,7.0,20.0,114.0,33.0,6.0,3.0,0.0,0.0,0.0,0.0,0.0,0.0,0.0
3300,"2020","Telangana","36","Vikarabad","698","Vikarabad","5",7.0,6.0,18.0,14.0,4.0,4.0,1.0,3.0,12.0,142.0,23.0,9.0,3.0,0.0,0.0,0.0,0.0,0.0,0.0,0.0
3301,"2020","Telangana","36","Wanaparthy","693","Wanaparthy","3",4.0,5.0,16.0,4.0,0.0,0.0,0.0,6.0,63.0,44.0,65.0,1.0,0.0,0.0,0.0,0.0,0.0,0.0,0.0,0.0
3302,"2020","Telangana","36","Hyderabad","507","Railway Police Secunderabad","0",0.0,0.0,4.0,2.0,2.0,1.0,0.0,0.0,0.0,2.0,1.0,0.0,0.0,0.0,0.0,0.0,0.0,0.0,0.0,0.0
3303,"2020","Telangana","36","Mulugu","720","Mulug","0",5.0,0.0,7.0,9.0,3.0,0.0,0.0,1.0,0.0,12.0,22.0,6.0,0.0,0.0,0.0,0.0,0.0,0.0,0.0,0.0
3304,"2020","Telangana","36","Narayanpet","721","Narayanpet","0",2.0,5.0,0.0,18.0,4.0,0.0,0.0,4.0,2.0,47.0,22.0,9.0,0.0,0.0,0.0,0.0,0.0,0.0,0.0,0.0
3305,"2020","Tripura","16","Dhalai","269","Dhalai","0",0.0,2.0,9.0,11.0,6.0,1.0,0.0,0.0,4.0,27.0,22.0,2.0,0.0,0.0,0.0,0.0,0.0,0.0,0.0,0.0
3306,"2020","Tripura","16","Gomati","654","Gomati","0",0.0,1.0,4.0,17.0,11.0,0.0,0.0,2.0,10.0,123.0,58.0,13.0,1.0,0.0,0.0,0.0,0.0,0.0,0.0,0.0
3307,"2020","Tripura","16","West Tripura","272","Grp","0",0.0,0.0,0.0,0.0,0.0,0.0,0.0,0.0,0.0,0.0,0.0,0.0,0.0,0.0,0.0,0.0,0.0,0.0,0.0,0.0
3308,"2020","Tripura","16","Khowai","652","Kowai","0",0.0,0.0,6.0,25.0,7.0,1.0,0.0,0.0,4.0,21.0,28.0,3.0,1.0,0.0,0.0,0.0,0.0,0.0,0.0,0.0
3309,"2020","Tripura","16","North Tripura","270","North","0",0.0,0.0,2.0,3.0,0.0,0.0,0.0,4.0,1.0,1.0,8.0,0.0,0.0,0.0,0.0,0.0,0.0,0.0,0.0,0.0
3310,"2020","Tripura","16","Sepahijala","653","Sipahijala","1",1.0,2.0,8.0,11.0,2.0,1.0,0.0,0.0,11.0,76.0,13.0,2.0,0.0,0.0,0.0,0.0,0.0,0.0,0.0,0.0
3311,"2020","Tripura","16","South Tripura","271","South","3",2.0,3.0,7.0,22.0,6.0,2.0,3.0,4.0,15.0,55.0,31.0,3.0,1.0,0.0,0.0,0.0,0.0,0.0,0.0,0.0
3312,"2020","Tripura","16","Unakoti","655","Unakoti","0",0.0,0.0,8.0,7.0,1.0,0.0,0.0,1.0,6.0,30.0,6.0,1.0,0.0,0.0,0.0,0.0,0.0,0.0,0.0,0.0
3313,"2020","Tripura","16","West Tripura","272","West","5",6.0,5.0,23.0,71.0,32.0,7.0,2.0,4.0,25.0,175.0,144.0,24.0,5.0,0.0,0.0,0.0,0.0,0.0,0.0,0.0
3314,"2020","Uttar Pradesh","09","Agra","118","Agra","0",5.0,7.0,61.0,34.0,20.0,15.0,0.0,3.0,8.0,107.0,30.0,3.0,3.0,0.0,0.0,0.0,0.0,0.0,0.0,0.0
3315,"2020","Uttar Pradesh","09","Aligarh","119","Aligarh","0",6.0,9.0,35.0,11.0,6.0,6.0,0.0,0.0,10.0,49.0,10.0,0.0,1.0,0.0,0.0,0.0,0.0,0.0,0.0,0.0
3316,"2020","Uttar Pradesh","09","Prayagraj","120","Prayagraj","0",7.0,15.0,46.0,20.0,17.0,8.0,0.0,7.0,46.0,76.0,16.0,8.0,2.0,0.0,0.0,0.0,0.0,0.0,0.0,0.0
3317,"2020","Uttar Pradesh","09","Ambedkar Nagar","121","Ambedkar Nagar","0",0.0,3.0,4.0,2.0,4.0,0.0,0.0,1.0,3.0,18.0,2.0,0.0,2.0,0.0,0.0,0.0,0.0,0.0,0.0,0.0
3318,"2020","Uttar Pradesh","09","Amethi","640","Amethi","0",1.0,0.0,8.0,6.0,3.0,2.0,0.0,0.0,6.0,10.0,3.0,0.0,0.0,0.0,0.0,0.0,0.0,0.0,0.0,0.0
3319,"2020","Uttar Pradesh","09","Amroha","154","Amroha","0",1.0,1.0,0.0,0.0,0.0,0.0,0.0,9.0,0.0,0.0,0.0,0.0,0.0,0.0,0.0,0.0,0.0,0.0,0.0,0.0
3320,"2020","Uttar Pradesh","09","Auraiya","122","Auraiya","0",2.0,2.0,7.0,3.0,1.0,1.0,0.0,0.0,8.0,9.0,3.0,0.0,0.0,0.0,0.0,0.0,0.0,0.0,0.0,0.0
3321,"2020","Uttar Pradesh","09","Azamgarh","123","Azamgarh","0",14.0,13.0,20.0,23.0,30.0,8.0,0.0,10.0,24.0,100.0,37.0,4.0,1.0,0.0,0.0,0.0,0.0,0.0,0.0,0.0
3322,"2020","Uttar Pradesh","09","Budaun","133","Badaun","1",4.0,6.0,11.0,13.0,7.0,2.0,0.0,5.0,19.0,35.0,15.0,3.0,1.0,0.0,0.0,0.0,0.0,0.0,0.0,0.0
3323,"2020","Uttar Pradesh","09","Baghpat","124","Baghpat","0",3.0,1.0,44.0,19.0,12.0,2.0,0.0,1.0,11.0,52.0,9.0,3.0,0.0,0.0,0.0,0.0,0.0,0.0,0.0,0.0
3324,"2020","Uttar Pradesh","09","Bahraich","125","Bahraich","0",0.0,1.0,31.0,14.0,12.0,8.0,0.0,4.0,5.0,55.0,7.0,1.0,0.0,0.0,0.0,0.0,0.0,0.0,0.0,0.0
3325,"2020","Uttar Pradesh","09","Ballia","126","Ballia","1",4.0,2.0,19.0,21.0,10.0,6.0,0.0,3.0,10.0,32.0,15.0,6.0,3.0,0.0,0.0,0.0,0.0,0.0,0.0,0.0
3326,"2020","Uttar Pradesh","09","Balrampur","127","Balrampur","0",2.0,4.0,16.0,6.0,1.0,1.0,0.0,0.0,11.0,24.0,6.0,3.0,0.0,0.0,0.0,0.0,0.0,0.0,0.0,0.0
3327,"2020","Uttar Pradesh","09","Banda","128","Banda","0",0.0,3.0,2.0,2.0,2.0,2.0,0.0,1.0,4.0,16.0,2.0,1.0,0.0,0.0,0.0,0.0,0.0,0.0,0.0,0.0
3328,"2020","Uttar Pradesh","09","Barabanki","129","Barabanki","0",4.0,13.0,14.0,12.0,3.0,3.0,0.0,4.0,19.0,34.0,9.0,2.0,3.0,0.0,0.0,0.0,0.0,0.0,0.0,0.0
3329,"2020","Uttar Pradesh","09","Bareilly","130","Bareilly","0",3.0,4.0,16.0,11.0,2.0,3.0,1.0,4.0,7.0,42.0,12.0,3.0,0.0,0.0,0.0,0.0,0.0,0.0,0.0,0.0
3330,"2020","Uttar Pradesh","09","Basti","131","Basti","0",0.0,0.0,0.0,0.0,0.0,0.0,0.0,0.0,0.0,0.0,0.0,0.0,0.0,0.0,0.0,0.0,0.0,0.0,0.0,0.0
3331,"2020","Uttar Pradesh","09","Bijnor","132","Bijnor","1",3.0,3.0,31.0,33.0,13.0,5.0,1.0,1.0,6.0,96.0,32.0,3.0,3.0,0.0,0.0,0.0,0.0,0.0,0.0,0.0
3332,"2020","Uttar Pradesh","09","Bulandshahr","134","Bulandshahar","1",4.0,3.0,22.0,17.0,14.0,10.0,0.0,2.0,16.0,51.0,26.0,3.0,2.0,0.0,0.0,0.0,0.0,0.0,0.0,0.0
3333,"2020","Uttar Pradesh","09","Chandauli","135","Chandoli","0",1.0,0.0,29.0,14.0,11.0,10.0,0.0,1.0,6.0,68.0,13.0,2.0,3.0,0.0,0.0,0.0,0.0,0.0,0.0,0.0
3334,"2020","Uttar Pradesh","09","Chitrakoot","136","Chitrakoot","0",0.0,0.0,3.0,0.0,0.0,0.0,0.0,0.0,0.0,2.0,0.0,0.0,0.0,0.0,0.0,0.0,0.0,0.0,0.0,0.0
3335,"2020","Uttar Pradesh","09","Deoria","137","Deoria","0",0.0,0.0,0.0,0.0,0.0,0.0,0.0,0.0,0.0,0.0,0.0,0.0,0.0,0.0,0.0,0.0,0.0,0.0,0.0,0.0
3336,"2020","Uttar Pradesh","09","Etah","138","Etah","1",0.0,1.0,5.0,20.0,1.0,1.0,0.0,1.0,3.0,22.0,16.0,1.0,0.0,0.0,0.0,0.0,0.0,0.0,0.0,0.0
3337,"2020","Uttar Pradesh","09","Etawah","139","Etawah","0",4.0,3.0,15.0,10.0,4.0,1.0,0.0,3.0,15.0,46.0,17.0,3.0,0.0,0.0,0.0,0.0,0.0,0.0,0.0,0.0
3338,"2020","Uttar Pradesh","09","Ayodhya","140","Ayodhya","0",1.0,2.0,7.0,2.0,4.0,2.0,0.0,2.0,13.0,22.0,5.0,1.0,1.0,0.0,0.0,0.0,0.0,0.0,0.0,0.0
3339,"2020","Uttar Pradesh","09","Farrukhabad","141","Fatehgarh","0",0.0,2.0,24.0,5.0,2.0,0.0,0.0,0.0,8.0,21.0,5.0,3.0,0.0,0.0,0.0,0.0,0.0,0.0,0.0,0.0
3340,"2020","Uttar Pradesh","09","Fatehpur","142","Fatehpur","0",11.0,2.0,20.0,11.0,7.0,4.0,0.0,2.0,8.0,71.0,11.0,1.0,0.0,0.0,0.0,0.0,0.0,0.0,0.0,0.0
3341,"2020","Uttar Pradesh","09","Firozabad","143","Firozabad","1",5.0,29.0,13.0,5.0,3.0,2.0,2.0,1.0,33.0,20.0,6.0,1.0,0.0,0.0,0.0,0.0,0.0,0.0,0.0,0.0
3342,"2020","Uttar Pradesh","09","Lucknow","162","Grp","0",0.0,0.0,4.0,11.0,5.0,1.0,0.0,0.0,4.0,8.0,3.0,1.0,0.0,0.0,0.0,0.0,0.0,0.0,0.0,0.0
3343,"2020","Uttar Pradesh","09","Gautam Buddha Nagar","144","Gautambudh Nagar","3",9.0,8.0,86.0,40.0,44.0,18.0,0.0,4.0,83.0,194.0,36.0,7.0,2.0,0.0,0.0,0.0,0.0,0.0,0.0,0.0
3344,"2020","Uttar Pradesh","09","Ghaziabad","145","Ghaziabad","4",17.0,15.0,54.0,36.0,39.0,0.0,2.0,11.0,44.0,88.0,23.0,6.0,0.0,0.0,0.0,0.0,0.0,0.0,0.0,0.0
3345,"2020","Uttar Pradesh","09","Ghazipur","146","Ghazipur","0",0.0,11.0,3.0,0.0,0.0,0.0,0.0,0.0,7.0,0.0,0.0,0.0,0.0,0.0,0.0,0.0,0.0,0.0,0.0,0.0
3346,"2020","Uttar Pradesh","09","Gonda","147","Gonda","0",2.0,4.0,9.0,7.0,4.0,2.0,0.0,0.0,14.0,32.0,6.0,3.0,0.0,0.0,0.0,0.0,0.0,0.0,0.0,0.0
3347,"2020","Uttar Pradesh","09","Gorakhpur","148","Gorakhpur","0",0.0,0.0,0.0,0.0,0.0,0.0,0.0,0.0,0.0,0.0,0.0,0.0,0.0,0.0,0.0,0.0,0.0,0.0,0.0,0.0
3348,"2020","Uttar Pradesh","09","Hamirpur","149","Hamirpur","0",0.0,0.0,8.0,7.0,5.0,0.0,0.0,0.0,1.0,4.0,5.0,2.0,0.0,0.0,0.0,0.0,0.0,0.0,0.0,0.0
3349,"2020","Uttar Pradesh","09","Hapur","661","Hapur","0",3.0,5.0,55.0,18.0,10.0,4.0,0.0,2.0,12.0,37.0,14.0,9.0,2.0,0.0,0.0,0.0,0.0,0.0,0.0,0.0
3350,"2020","Uttar Pradesh","09","Hardoi","150","Hardoi","0",1.0,11.0,6.0,2.0,0.0,0.0,0.0,0.0,0.0,3.0,0.0,0.0,0.0,0.0,0.0,0.0,0.0,0.0,0.0,0.0
3351,"2020","Uttar Pradesh","09","Hathras","163","Hathras","0",2.0,1.0,5.0,5.0,1.0,1.0,0.0,2.0,0.0,9.0,10.0,0.0,0.0,0.0,0.0,0.0,0.0,0.0,0.0,0.0
3352,"2020","Uttar Pradesh","09","Jalaun","151","Jalaun","1",3.0,5.0,11.0,38.0,3.0,0.0,0.0,0.0,0.0,1.0,1.0,0.0,0.0,0.0,0.0,0.0,0.0,0.0,0.0,0.0
3353,"2020","Uttar Pradesh","09","Jaunpur","152","Jaunpur","0",2.0,2.0,8.0,2.0,2.0,0.0,0.0,1.0,4.0,28.0,1.0,2.0,0.0,0.0,0.0,0.0,0.0,0.0,0.0,0.0
3354,"2020","Uttar Pradesh","09","Jhansi","153","Jhansi","0",0.0,0.0,0.0,0.0,0.0,0.0,0.0,21.0,53.0,10.0,0.0,0.0,0.0,0.0,0.0,0.0,0.0,0.0,0.0,0.0
3355,"2020","Uttar Pradesh","09","Kannauj","155","Kannauj","0",7.0,12.0,0.0,0.0,0.0,0.0,0.0,0.0,0.0,0.0,0.0,0.0,0.0,0.0,0.0,0.0,0.0,0.0,0.0,0.0
3356,"2020","Uttar Pradesh","09","Kanpur Dehat","156","Kanpur Dehat","0",0.0,11.0,4.0,0.0,0.0,0.0,0.0,0.0,20.0,18.0,0.0,0.0,0.0,0.0,0.0,0.0,0.0,0.0,0.0,0.0
3357,"2020","Uttar Pradesh","09","Kanpur Nagar","157","Kanpur Nagar","0",34.0,39.0,52.0,46.0,40.0,5.0,0.0,29.0,39.0,79.0,37.0,9.0,5.0,0.0,0.0,0.0,0.0,0.0,0.0,0.0
3358,"2020","Uttar Pradesh","09","Kasganj","633","Kasganj","0",2.0,2.0,6.0,18.0,6.0,1.0,0.0,0.0,3.0,17.0,14.0,1.0,0.0,0.0,0.0,0.0,0.0,0.0,0.0,0.0
3359,"2020","Uttar Pradesh","09","Kaushambi","158","Kaushambi","0",0.0,8.0,14.0,0.0,0.0,0.0,0.0,0.0,49.0,47.0,0.0,0.0,0.0,0.0,0.0,0.0,0.0,0.0,0.0,0.0
3360,"2020","Uttar Pradesh","09","Kheri","159","Khiri","1",14.0,14.0,6.0,3.0,1.0,2.0,0.0,8.0,16.0,19.0,0.0,0.0,0.0,0.0,0.0,0.0,0.0,0.0,0.0,0.0
3361,"2020","Uttar Pradesh","09","Kushi Nagar","160","Kushi Nagar","1",0.0,0.0,2.0,2.0,0.0,0.0,0.0,2.0,16.0,7.0,2.0,0.0,0.0,0.0,0.0,0.0,0.0,0.0,0.0,0.0
3362,"2020","Uttar Pradesh","09","Lalitpur","161","Lalitpur","0",0.0,3.0,1.0,0.0,0.0,0.0,0.0,0.0,15.0,12.0,0.0,0.0,0.0,0.0,0.0,0.0,0.0,0.0,0.0,0.0
3363,"2020","Uttar Pradesh","09","Lucknow","162","Lucknow Commissionarate","8",54.0,146.0,144.0,101.0,74.0,3.0,0.0,96.0,109.0,146.0,69.0,17.0,2.0,0.0,0.0,0.0,0.0,0.0,0.0,0.0
3364,"2020","Uttar Pradesh","09","Maharajganj","164","Maharajganj","0",0.0,0.0,0.0,0.0,0.0,0.0,0.0,2.0,13.0,22.0,0.0,0.0,0.0,0.0,0.0,0.0,0.0,0.0,0.0,0.0
3365,"2020","Uttar Pradesh","09","Mahoba","165","Mahoba","0",2.0,0.0,0.0,0.0,0.0,0.0,0.0,8.0,6.0,0.0,0.0,0.0,0.0,0.0,0.0,0.0,0.0,0.0,0.0,0.0
3366,"2020","Uttar Pradesh","09","Mainpuri","166","Mainpuri","3",7.0,5.0,0.0,0.0,0.0,0.0,4.0,24.0,5.0,0.0,0.0,0.0,0.0,0.0,0.0,0.0,0.0,0.0,0.0,0.0
3367,"2020","Uttar Pradesh","09","Mathura","167","Mathura","0",0.0,6.0,4.0,0.0,0.0,0.0,0.0,0.0,20.0,10.0,0.0,0.0,0.0,0.0,0.0,0.0,0.0,0.0,0.0,0.0
3368,"2020","Uttar Pradesh","09","Mau","168","Mau","0",1.0,1.0,9.0,5.0,4.0,2.0,0.0,1.0,5.0,9.0,4.0,2.0,0.0,0.0,0.0,0.0,0.0,0.0,0.0,0.0
3369,"2020","Uttar Pradesh","09","Meerut","169","Meerut","0",1.0,1.0,32.0,16.0,15.0,3.0,0.0,2.0,4.0,44.0,14.0,4.0,0.0,0.0,0.0,0.0,0.0,0.0,0.0,0.0
3370,"2020","Uttar Pradesh","09","Mirzapur","170","Mirzapur","0",5.0,1.0,22.0,12.0,7.0,4.0,0.0,4.0,13.0,50.0,12.0,1.0,0.0,0.0,0.0,0.0,0.0,0.0,0.0,0.0
3371,"2020","Uttar Pradesh","09","Moradabad","171","Moradabad","0",0.0,24.0,20.0,0.0,0.0,0.0,0.0,0.0,45.0,15.0,0.0,0.0,0.0,0.0,0.0,0.0,0.0,0.0,0.0,0.0
3372,"2020","Uttar Pradesh","09","Muzaffarnagar","172","Muzaffarnagar","0",0.0,16.0,64.0,0.0,0.0,0.0,0.0,0.0,36.0,56.0,0.0,0.0,0.0,0.0,0.0,0.0,0.0,0.0,0.0,0.0
3373,"2020","Uttar Pradesh","09","Pilibhit","173","Pilibhit","0",3.0,6.0,26.0,21.0,9.0,4.0,0.0,1.0,5.0,20.0,22.0,1.0,1.0,0.0,0.0,0.0,0.0,0.0,0.0,0.0
3374,"2020","Uttar Pradesh","09","Pratapgarh","174","Pratapgarh","0",4.0,0.0,9.0,0.0,0.0,0.0,0.0,6.0,0.0,16.0,0.0,0.0,0.0,0.0,0.0,0.0,0.0,0.0,0.0,0.0
3375,"2020","Uttar Pradesh","09","Rae Bareli","175","Raibareilly","0",1.0,4.0,19.0,10.0,6.0,0.0,1.0,3.0,11.0,41.0,5.0,2.0,1.0,0.0,0.0,0.0,0.0,0.0,0.0,0.0
3376,"2020","Uttar Pradesh","09","Rampur","176","Rampur","0",0.0,0.0,0.0,0.0,0.0,0.0,0.0,0.0,0.0,0.0,0.0,0.0,0.0,0.0,0.0,0.0,0.0,0.0,0.0,0.0
3377,"2020","Uttar Pradesh","09","Saharanpur","177","Saharanpur","0",2.0,7.0,20.0,20.0,10.0,5.0,0.0,5.0,8.0,30.0,18.0,2.0,1.0,0.0,0.0,0.0,0.0,0.0,0.0,0.0
3378,"2020","Uttar Pradesh","09","Sambhal","659","Sambhal","1",0.0,1.0,7.0,1.0,0.0,2.0,1.0,4.0,4.0,7.0,1.0,0.0,0.0,0.0,0.0,0.0,0.0,0.0,0.0,0.0
3379,"2020","Uttar Pradesh","09","Sant Kabeer Nagar","178","Sant Kabirnagar","0",1.0,2.0,8.0,7.0,5.0,5.0,0.0,0.0,15.0,30.0,3.0,3.0,1.0,0.0,0.0,0.0,0.0,0.0,0.0,0.0
3380,"2020","Uttar Pradesh","09","Shahjahanpur","180","Shahjahanpur","0",2.0,5.0,18.0,15.0,14.0,4.0,1.0,4.0,20.0,26.0,14.0,5.0,2.0,0.0,0.0,0.0,0.0,0.0,0.0,0.0
3381,"2020","Uttar Pradesh","09","Shamli","660","Shamli","1",2.0,4.0,13.0,8.0,3.0,0.0,0.0,0.0,5.0,33.0,6.0,2.0,0.0,0.0,0.0,0.0,0.0,0.0,0.0,0.0
3382,"2020","Uttar Pradesh","09","Shravasti","181","Shrawasti","1",6.0,6.0,2.0,0.0,0.0,0.0,0.0,0.0,19.0,1.0,0.0,0.0,0.0,0.0,0.0,0.0,0.0,0.0,0.0,0.0
3383,"2020","Uttar Pradesh","09","Siddharth Nagar","182","Sidharthnagar","0",2.0,1.0,14.0,3.0,2.0,0.0,0.0,0.0,4.0,30.0,7.0,1.0,0.0,0.0,0.0,0.0,0.0,0.0,0.0,0.0
3384,"2020","Uttar Pradesh","09","Sitapur","183","Sitapur","3",14.0,8.0,45.0,30.0,0.0,0.0,3.0,2.0,19.0,55.0,20.0,0.0,0.0,0.0,0.0,0.0,0.0,0.0,0.0,0.0
3385,"2020","Uttar Pradesh","09","Sonbhadra","184","Sonbhadra","0",3.0,9.0,17.0,9.0,3.0,6.0,0.0,5.0,11.0,58.0,17.0,2.0,1.0,0.0,0.0,0.0,0.0,0.0,0.0,0.0
3386,"2020","Uttar Pradesh","09","Bhadohi","179","Bhadohi","0",11.0,7.0,0.0,0.0,0.0,0.0,0.0,2.0,14.0,0.0,0.0,0.0,0.0,0.0,0.0,0.0,0.0,0.0,0.0,0.0
3387,"2020","Uttar Pradesh","09","Sultanpur","185","Sultanpur","0",0.0,3.0,0.0,0.0,4.0,0.0,0.0,0.0,8.0,12.0,0.0,1.0,0.0,0.0,0.0,0.0,0.0,0.0,0.0,0.0
3388,"2020","Uttar Pradesh","09","Unnao","186","Unnao","0",5.0,4.0,28.0,14.0,6.0,1.0,0.0,3.0,13.0,47.0,17.0,0.0,2.0,0.0,0.0,0.0,0.0,0.0,0.0,0.0
3389,"2020","Uttar Pradesh","09","Varanasi","187","Varanasi","0",6.0,8.0,78.0,31.0,18.0,17.0,0.0,9.0,23.0,117.0,25.0,5.0,4.0,0.0,0.0,0.0,0.0,0.0,0.0,0.0
3390,"2020","Uttar Pradesh","09","Lucknow","162","Lucknow Grameen","0",5.0,5.0,45.0,9.0,7.0,1.0,0.0,2.0,11.0,66.0,8.0,5.0,1.0,0.0,0.0,0.0,0.0,0.0,0.0,0.0
3391,"2020","Uttarakhand","05","Almora","045","Almora","0",0.0,1.0,7.0,7.0,0.0,0.0,0.0,0.0,3.0,10.0,10.0,3.0,0.0,0.0,0.0,0.0,0.0,0.0,0.0,0.0
3392,"2020","Uttarakhand","05","Bageshwar","046","Bageshwar","0",1.0,2.0,6.0,5.0,0.0,0.0,0.0,2.0,5.0,13.0,5.0,5.0,0.0,0.0,0.0,0.0,0.0,0.0,0.0,0.0
3393,"2020","Uttarakhand","05","Chamoli","047","Chamoli","0",0.0,1.0,9.0,10.0,4.0,0.0,0.0,2.0,5.0,5.0,5.0,4.0,0.0,0.0,0.0,0.0,0.0,0.0,0.0,0.0
3394,"2020","Uttarakhand","05","Champawat","048","Champawat","0",2.0,2.0,7.0,6.0,2.0,0.0,0.0,2.0,3.0,4.0,15.0,3.0,0.0,0.0,0.0,0.0,0.0,0.0,0.0,0.0
3395,"2020","Uttarakhand","05","Dehradun","049","Dehradun","0",4.0,4.0,60.0,60.0,52.0,0.0,0.0,12.0,20.0,89.0,40.0,28.0,2.0,0.0,0.0,0.0,0.0,0.0,0.0,0.0
3396,"2020","Uttarakhand","05","Haridwar","050","Haridwar","0",10.0,21.0,70.0,70.0,31.0,10.0,0.0,28.0,28.0,86.0,90.0,40.0,2.0,0.0,0.0,0.0,0.0,0.0,0.0,0.0
3397,"2020","Uttarakhand","05","Nainital","051","Nainital","0",5.0,25.0,30.0,25.0,7.0,4.0,0.0,12.0,34.0,50.0,40.0,16.0,0.0,0.0,0.0,0.0,0.0,0.0,0.0,0.0
3398,"2020","Uttarakhand","05","Pauri Garhwal","052","Pauri Garhwal","0",1.0,2.0,10.0,10.0,6.0,0.0,0.0,3.0,8.0,20.0,7.0,0.0,0.0,0.0,0.0,0.0,0.0,0.0,0.0,0.0
3399,"2020","Uttarakhand","05","Pithoragarh","053","Pithoragarh","0",0.0,1.0,4.0,4.0,0.0,0.0,0.0,5.0,4.0,4.0,3.0,1.0,0.0,0.0,0.0,0.0,0.0,0.0,0.0,0.0
3400,"2020","Uttarakhand","05","Rudra Prayag","054","Rudra Prayag","0",0.0,1.0,2.0,2.0,0.0,0.0,0.0,2.0,3.0,6.0,6.0,4.0,0.0,0.0,0.0,0.0,0.0,0.0,0.0,0.0
3401,"2020","Uttarakhand","05","Tehri Garhwal","055","Tehri Garhwal","0",0.0,2.0,2.0,6.0,5.0,1.0,0.0,0.0,2.0,7.0,15.0,15.0,2.0,0.0,0.0,0.0,0.0,0.0,0.0,0.0
3402,"2020","Uttarakhand","05","Udam Singh Nagar","056","Udhamsingh Nagar","2",14.0,25.0,52.0,40.0,20.0,8.0,2.0,26.0,59.0,100.0,50.0,16.0,0.0,0.0,0.0,0.0,0.0,0.0,0.0,0.0
3403,"2020","Uttarakhand","05","Uttar Kashi","057","Uttarkashi","0",0.0,2.0,1.0,2.0,4.0,0.0,0.0,0.0,1.0,8.0,4.0,4.0,0.0,0.0,0.0,0.0,0.0,0.0,0.0,0.0
3404,"2020","Uttarakhand","05","Dehradun","049","Grp","0",0.0,0.0,0.0,0.0,0.0,0.0,0.0,0.0,0.0,0.0,0.0,0.0,0.0,0.0,0.0,0.0,0.0,0.0,0.0,0.0
3405,"2020","West Bengal","19","Alipurduar","664","Alipurduar","1",9.0,19.0,82.0,61.0,40.0,19.0,1.0,5.0,95.0,304.0,81.0,19.0,8.0,0.0,0.0,0.0,0.0,0.0,0.0,0.0
3406,"2020","West Bengal","19","Paschim Bardhaman","704","Asansol-Durgapur Pc","1",5.0,10.0,170.0,127.0,69.0,38.0,1.0,4.0,38.0,385.0,99.0,22.0,13.0,0.0,0.0,0.0,0.0,0.0,0.0,0.0
3407,"2020","West Bengal","19","Bankura","305","Bankura","0",1.0,5.0,120.0,73.0,42.0,28.0,0.0,3.0,89.0,424.0,90.0,24.0,19.0,0.0,0.0,0.0,0.0,0.0,0.0,0.0
3408,"2020","West Bengal","19","24 Paraganas North","303","Barrackpur Pc","3",30.0,41.0,287.0,303.0,194.0,151.0,0.0,34.0,300.0,740.0,318.0,91.0,97.0,0.0,0.0,0.0,0.0,0.0,0.0,0.0
3409,"2020","West Bengal","19","24 Paraganas North","303","Bidhannagar Pc","4",4.0,4.0,97.0,87.0,40.0,49.0,0.0,8.0,66.0,242.0,93.0,26.0,22.0,0.0,0.0,0.0,0.0,0.0,0.0,0.0
3410,"2020","West Bengal","19","Birbhum","307","Birbhum","0",2.0,8.0,133.0,81.0,39.0,19.0,3.0,6.0,35.0,356.0,81.0,11.0,5.0,0.0,0.0,0.0,0.0,0.0,0.0,0.0
3411,"2020","West Bengal","19","Coochbehar","308","Coochbehar","1",8.0,18.0,86.0,121.0,36.0,23.0,1.0,13.0,227.0,470.0,260.0,30.0,11.0,0.0,0.0,0.0,0.0,0.0,0.0,0.0
3412,"2020","West Bengal","19","Dinajpur Dakshin","310","Dakshin Dinajpur","2",8.0,12.0,81.0,56.0,33.0,11.0,1.0,15.0,177.0,472.0,135.0,16.0,2.0,0.0,0.0,0.0,0.0,0.0,0.0,0.0
3413,"2020","West Bengal","19","Darjeeling","309","Darjeeling","1",1.0,4.0,48.0,35.0,15.0,6.0,0.0,5.0,35.0,166.0,85.0,9.0,6.0,0.0,0.0,0.0,0.0,0.0,0.0,0.0
3414,"2020","West Bengal","19","Hooghly","312","Hooghly Rural Police","1",0.0,1.0,106.0,76.0,48.0,33.0,0.0,13.0,106.0,531.0,125.0,26.0,17.0,0.0,0.0,0.0,0.0,0.0,0.0,0.0
3415,"2020","West Bengal","19","Howrah","313","Howrah Grp","1",0.0,0.0,7.0,3.0,4.0,7.0,1.0,0.0,0.0,4.0,1.0,0.0,2.0,0.0,0.0,0.0,0.0,0.0,0.0,0.0
3416,"2020","West Bengal","19","Howrah","313","Howrah Pc","0",13.0,17.0,208.0,192.0,125.0,100.0,0.0,27.0,153.0,423.0,156.0,47.0,31.0,0.0,0.0,0.0,0.0,0.0,0.0,0.0
3417,"2020","West Bengal","19","Howrah","313","Howrah Rural","1",4.0,5.0,100.0,87.0,41.0,21.0,2.0,12.0,167.0,419.0,84.0,17.0,13.0,0.0,0.0,0.0,0.0,0.0,0.0,0.0
3418,"2020","West Bengal","19","Jalpaiguri","314","Jalpaiguri","0",1.0,15.0,142.0,104.0,45.0,20.0,0.0,10.0,90.0,329.0,274.0,14.0,7.0,0.0,0.0,0.0,0.0,0.0,0.0,0.0
3419,"2020","West Bengal","19","Jhargram","703","Jhargram","0",0.0,2.0,33.0,30.0,19.0,13.0,0.0,3.0,47.0,155.0,37.0,8.0,8.0,0.0,0.0,0.0,0.0,0.0,0.0,0.0
3420,"2020","West Bengal","19","Medinipur West","318","Kharagpur Grp","0",0.0,0.0,1.0,1.0,0.0,0.0,0.0,0.0,0.0,1.0,0.0,0.0,1.0,0.0,0.0,0.0,0.0,0.0,0.0,0.0
3421,"2020","West Bengal","19","Kolkata","315","Kolkata","10",66.0,78.0,458.0,433.0,286.0,248.0,10.0,48.0,335.0,880.0,281.0,138.0,109.0,0.0,0.0,0.0,0.0,0.0,0.0,0.0
3422,"2020","West Bengal","19","Maldah","316","Malda","2",0.0,0.0,39.0,7.0,7.0,0.0,0.0,139.0,344.0,329.0,142.0,26.0,0.0,0.0,0.0,0.0,0.0,0.0,0.0,0.0
3423,"2020","West Bengal","19","Murshidabad","319","Murshidabad Police District","2",9.0,14.0,235.0,203.0,96.0,35.0,2.0,32.0,176.0,1015.0,385.0,68.0,13.0,0.0,0.0,0.0,0.0,0.0,0.0,0.0
3424,"2020","West Bengal","19","Medinipur West","318","Paschim Medinipur","0",5.0,22.0,137.0,221.0,159.0,51.0,0.0,31.0,497.0,661.0,367.0,65.0,21.0,0.0,0.0,0.0,0.0,0.0,0.0,0.0
3425,"2020","West Bengal","19","Medinipur East","317","Purab Medinipur","6",15.0,18.0,140.0,109.0,62.0,19.0,13.0,30.0,464.0,841.0,179.0,38.0,23.0,0.0,0.0,0.0,0.0,0.0,0.0,0.0
3426,"2020","West Bengal","19","Purulia","321","Purulia","1",3.0,8.0,60.0,28.0,13.0,13.0,3.0,4.0,53.0,191.0,36.0,9.0,9.0,0.0,0.0,0.0,0.0,0.0,0.0,0.0
3427,"2020","West Bengal","19","Kolkata","315","Sealdah Grp","0",3.0,0.0,3.0,1.0,1.0,1.0,1.0,0.0,3.0,5.0,1.0,2.0,0.0,0.0,0.0,0.0,0.0,0.0,0.0,0.0
3428,"2020","West Bengal","19","Darjeeling","309","Siliguri Grp","0",0.0,0.0,1.0,0.0,0.0,0.0,0.0,0.0,0.0,1.0,0.0,0.0,0.0,0.0,0.0,0.0,0.0,0.0,0.0,0.0
3429,"2020","West Bengal","19","Darjeeling","309","Siliguri Pc","2",27.0,18.0,188.0,122.0,67.0,27.0,3.0,15.0,167.0,445.0,152.0,25.0,11.0,0.0,0.0,0.0,0.0,0.0,0.0,0.0
3430,"2020","West Bengal","19","24 Paraganas South","304","Baruipur Police","2",102.0,50.0,57.0,10.0,10.0,2.0,7.0,90.0,120.0,310.0,524.0,200.0,89.0,0.0,0.0,0.0,0.0,0.0,0.0,0.0
3431,"2020","West Bengal","19","Hooghly","312","Chandannagar Pc","0",3.0,9.0,84.0,99.0,62.0,41.0,1.0,6.0,60.0,215.0,81.0,30.0,20.0,0.0,0.0,0.0,0.0,0.0,0.0,0.0
3432,"2020","West Bengal","19","24 Paraganas South","304","Diamond Harbour Police","4",7.0,17.0,90.0,83.0,40.0,30.0,8.0,22.0,149.0,306.0,76.0,14.0,11.0,0.0,0.0,0.0,0.0,0.0,0.0,0.0
3433,"2020","West Bengal","19","Kalimpong","702","Kalimpong","0",0.0,0.0,14.0,15.0,2.0,5.0,0.0,3.0,19.0,53.0,29.0,4.0,2.0,0.0,0.0,0.0,0.0,0.0,0.0,0.0
3434,"2020","West Bengal","19","Purba Bardhaman","306","Purba Bardhaman","1",11.0,22.0,224.0,130.0,68.0,39.0,5.0,46.0,366.0,598.0,131.0,28.0,15.0,0.0,0.0,0.0,0.0,0.0,0.0,0.0
3435,"2020","West Bengal","19","24 Paraganas South","304","Sundarban Police","0",4.0,7.0,42.0,71.0,29.0,14.0,0.0,16.0,67.0,251.0,159.0,26.0,7.0,0.0,0.0,0.0,0.0,0.0,0.0,0.0
3436,"2020","West Bengal","19","24 Paraganas North","303","Barasat","0",9.0,17.0,9.0,1.0,0.0,0.0,0.0,88.0,176.0,18.0,4.0,0.0,0.0,0.0,0.0,0.0,0.0,0.0,0.0,0.0
3437,"2020","West Bengal","19","24 Paraganas North","303","Basirhat","0",7.0,13.0,106.0,60.0,25.0,10.0,0.0,40.0,422.0,195.0,154.0,99.0,20.0,0.0,0.0,0.0,0.0,0.0,0.0,0.0
3438,"2020","West Bengal","19","24 Paraganas North","303","Bangaon","0",2.0,3.0,49.0,53.0,31.0,18.0,0.0,5.0,154.0,354.0,89.0,18.0,10.0,0.0,0.0,0.0,0.0,0.0,0.0,0.0
3439,"2020","West Bengal","19","Dinajpur Uttar","311","Islampur","1",2.0,3.0,73.0,23.0,5.0,3.0,2.0,1.0,16.0,216.0,44.0,2.0,0.0,0.0,0.0,0.0,0.0,0.0,0.0,0.0
3440,"2020","West Bengal","19","Murshidabad","319","Jangipur Police District","0",2.0,104.0,17.0,22.0,12.0,0.0,0.0,5.0,185.0,65.0,26.0,12.0,0.0,0.0,0.0,0.0,0.0,0.0,0.0,0.0
3441,"2020","West Bengal","19","Nadia","320","Krishnagar","0",2.0,5.0,110.0,77.0,28.0,17.0,0.0,11.0,60.0,485.0,131.0,8.0,11.0,0.0,0.0,0.0,0.0,0.0,0.0,0.0
3442,"2020","West Bengal","19","Dinajpur Uttar","311","Raiganj","0",3.0,12.0,76.0,38.0,18.0,9.0,0.0,5.0,55.0,311.0,70.0,15.0,4.0,0.0,0.0,0.0,0.0,0.0,0.0,0.0
3443,"2020","West Bengal","19","Nadia","320","Ranaghat","0",0.0,12.0,202.0,195.0,43.0,0.0,0.0,0.0,267.0,765.0,59.0,0.0,0.0,0.0,0.0,0.0,0.0,0.0,0.0,0.0
3444,"2020","Andaman And Nicobar Islands","35","South Andamans","602","South Andaman","2",2.0,3.0,11.0,14.0,5.0,5.0,0.0,2.0,12.0,19.0,2.0,2.0,0.0,0.0,0.0,0.0,0.0,0.0,0.0,0.0
3445,"2020","Andaman And Nicobar Islands","35","North And Middle Andaman","632","North And Middle Andaman","0",0.0,0.0,0.0,0.0,0.0,0.0,0.0,0.0,0.0,0.0,0.0,0.0,0.0,0.0,0.0,0.0,0.0,0.0,0.0,0.0
3446,"2020","Andaman And Nicobar Islands","35","Nicobars","603","Nicobar","0",0.0,0.0,0.0,0.0,0.0,0.0,0.0,0.0,0.0,0.0,0.0,0.0,0.0,0.0,0.0,0.0,0.0,0.0,0.0,0.0
3447,"2020","Chandigarh","04","Chandigarh","044","Chandigarh","3",20.0,21.0,107.0,66.0,31.0,28.0,3.0,9.0,97.0,268.0,46.0,9.0,10.0,0.0,0.0,0.0,1.0,0.0,0.0,0.0
3448,"2020","The Dadra And Nagar Haveli And Daman And Diu","38","Dadra And Nagar Haveli","465","Dadra And Nagar Haveli","0",0.0,0.0,6.0,1.0,2.0,0.0,0.0,0.0,0.0,16.0,3.0,0.0,0.0,0.0,0.0,0.0,0.0,0.0,0.0,0.0
3449,"2020","The Dadra And Nagar Haveli And Daman And Diu","38","Daman","463","Daman","0",0.0,1.0,7.0,11.0,6.0,0.0,0.0,0.0,1.0,21.0,5.0,0.0,0.0,0.0,0.0,0.0,0.0,0.0,0.0,0.0
3450,"2020","The Dadra And Nagar Haveli And Daman And Diu","38","Diu","464","Diu","0",0.0,0.0,6.0,4.0,3.0,0.0,0.0,0.0,1.0,3.0,0.0,0.0,1.0,0.0,0.0,0.0,0.0,0.0,0.0,0.0
3451,"2020","Delhi","07","Central","077","Central","0",20.0,36.0,119.0,81.0,32.0,8.0,2.0,22.0,104.0,182.0,42.0,3.0,6.0,0.0,1.0,1.0,0.0,0.0,0.0,0.0
3452,"2020","Delhi","07","North West","082","Crime Branch","0",0.0,0.0,0.0,0.0,0.0,0.0,0.0,0.0,0.0,0.0,0.0,0.0,0.0,0.0,0.0,0.0,0.0,0.0,0.0,0.0
3453,"2020","Delhi","07","East","078","East","1",42.0,28.0,156.0,97.0,48.0,31.0,2.0,38.0,106.0,332.0,56.0,16.0,12.0,0.0,0.0,0.0,0.0,0.0,0.0,0.0
3454,"2020","Delhi","07","New Delhi","079","Eow","0",0.0,0.0,0.0,0.0,0.0,0.0,0.0,0.0,0.0,0.0,0.0,0.0,0.0,0.0,0.0,0.0,0.0,0.0,0.0,0.0
3455,"2020","Delhi","07","New Delhi","079","Igi Airport","0",0.0,0.0,2.0,5.0,1.0,1.0,0.0,0.0,0.0,1.0,0.0,0.0,0.0,0.0,0.0,0.0,0.0,0.0,0.0,0.0
3456,"2020","Delhi","07","North West","082","Metro","0",0.0,0.0,1.0,0.0,1.0,1.0,0.0,0.0,0.0,5.0,0.0,1.0,0.0,0.0,0.0,0.0,0.0,0.0,0.0,0.0
3457,"2020","Delhi","07","New Delhi","079","New Delhi","0",3.0,5.0,25.0,19.0,9.0,0.0,0.0,6.0,8.0,28.0,8.0,4.0,1.0,0.0,0.0,0.0,0.0,0.0,0.0,0.0
3458,"2020","Delhi","07","North","080","North","2",26.0,27.0,139.0,108.0,28.0,10.0,1.0,36.0,82.0,194.0,101.0,15.0,12.0,0.0,0.0,0.0,0.0,0.0,0.0,0.0
3459,"2020","Delhi","07","North East","081","North-East","2",48.0,60.0,348.0,177.0,94.0,46.0,2.0,38.0,243.0,666.0,163.0,18.0,20.0,0.0,0.0,0.0,0.0,0.0,0.0,0.0
3460,"2020","Delhi","07","North West","082","North-West","0",25.0,43.0,184.0,110.0,41.0,15.0,1.0,70.0,175.0,317.0,86.0,28.0,6.0,0.0,0.0,0.0,0.0,0.0,0.0,0.0
3461,"2020","Delhi","07","North West","082","Outer","5",30.0,61.0,374.0,176.0,52.0,35.0,6.0,48.0,239.0,471.0,226.0,45.0,17.0,0.0,0.0,0.0,0.0,0.0,0.0,0.0
3462,"2020","Delhi","07","New Delhi","079","Railway","1",4.0,0.0,6.0,6.0,5.0,1.0,0.0,1.0,1.0,21.0,8.0,0.0,1.0,0.0,0.0,0.0,0.0,0.0,0.0,0.0
3463,"2020","Delhi","07","South","083","South","6",19.0,48.0,185.0,106.0,67.0,37.0,8.0,37.0,158.0,305.0,137.0,41.0,12.0,0.0,0.0,0.0,0.0,0.0,0.0,0.0
3464,"2020","Delhi","07","South East","670","South-East","2",23.0,50.0,203.0,103.0,57.0,40.0,2.0,54.0,196.0,435.0,84.0,21.0,14.0,0.0,0.0,0.0,0.0,0.0,0.0,0.0
3465,"2020","Delhi","07","South West","084","South-West","4",21.0,33.0,201.0,87.0,21.0,13.0,3.0,40.0,134.0,280.0,139.0,9.0,5.0,0.0,0.0,0.0,0.0,0.0,0.0,0.0
3466,"2020","Delhi","07","North West","082","Spl Cell","0",0.0,0.0,0.0,0.0,0.0,0.0,0.0,0.0,0.0,0.0,0.0,0.0,0.0,0.0,0.0,0.0,0.0,0.0,0.0,0.0
3467,"2020","Delhi","07","New Delhi","079","Spuwac","0",0.0,0.0,0.0,0.0,0.0,0.0,0.0,0.0,0.0,0.0,0.0,0.0,0.0,0.0,0.0,0.0,0.0,0.0,0.0,0.0
3468,"2020","Delhi","07","New Delhi","079","Vigilance","0",0.0,0.0,0.0,0.0,0.0,0.0,0.0,0.0,0.0,0.0,0.0,0.0,0.0,0.0,0.0,0.0,0.0,0.0,0.0,0.0
3469,"2020","Delhi","07","West","085","West","3",14.0,43.0,295.0,102.0,19.0,1.0,5.0,25.0,180.0,350.0,102.0,18.0,4.0,0.0,0.0,0.0,0.0,0.0,0.0,0.0
3470,"2020","Delhi","07","North West","082","Rohini","17",45.0,72.0,236.0,152.0,114.0,29.0,15.0,49.0,175.0,420.0,125.0,73.0,13.0,0.0,0.0,0.0,0.0,0.0,0.0,0.0
3471,"2020","Delhi","07","Shahdara","671","Shahdara","10",17.0,24.0,163.0,143.0,74.0,31.0,9.0,13.0,95.0,271.0,91.0,29.0,13.0,0.0,0.0,0.0,0.0,0.0,0.0,0.0
3472,"2020","Delhi","07","South West","084","Dwarka","4",27.0,51.0,244.0,182.0,59.0,80.0,0.0,40.0,268.0,470.0,162.0,31.0,24.0,0.0,0.0,0.0,0.0,0.0,0.0,0.0
3473,"2020","Delhi","07","New Delhi","079","Outer North","11",79.0,80.0,288.0,144.0,45.0,15.0,14.0,81.0,293.0,542.0,151.0,29.0,7.0,0.0,0.0,0.0,0.0,0.0,0.0,0.0
3474,"2020","Ladakh","37","Kargil","006","Kargil","0",0.0,0.0,4.0,1.0,0.0,0.0,0.0,0.0,1.0,2.0,2.0,0.0,0.0,0.0,0.0,0.0,0.0,0.0,0.0,0.0
3475,"2020","Ladakh","37","Leh Ladakh","009","Leh","0",0.0,0.0,2.0,2.0,2.0,1.0,0.0,0.0,0.0,2.0,1.0,0.0,0.0,0.0,0.0,0.0,0.0,0.0,0.0,0.0
3476,"2020","Lakshadweep","31","Lakshadweep District","553","Lakshadweep","0",0.0,0.0,0.0,0.0,0.0,0.0,0.0,0.0,0.0,0.0,0.0,0.0,0.0,0.0,0.0,0.0,0.0,0.0,0.0,0.0
3477,"2020","Puducherry","34","Karaikal","598","Karaikal","0",0.0,0.0,0.0,0.0,0.0,0.0,0.0,0.0,0.0,0.0,0.0,0.0,0.0,0.0,0.0,0.0,0.0,0.0,0.0,0.0
